Product_ID,Category,Product_Name,Brand,Price,Cost,Units_Sold,SKU,Shelf_Space,Customer_Ratings,Frequency_of_Purchase,Sales,Gross_Margin,Total_Customers,Total_Transactions
P00001,Snacks,Product 1,Brand D,37.92,16.16,2242,50,2.23,3.7,62,85016.64,48785.92,1988,2242
P00002,Snacks,Product 2,Brand A,37.56,17.3,3146,57,4.46,3.7,94,118163.76,63737.96,1820,2221
P00003,Snacks,Product 3,Brand A,1.56,30.33,2303,48,2.59,4.4,95,3592.68,-66257.31,2003,2303
P00004,Frozen,Product 4,Brand C,25.23,1.29,2997,14,4.69,4.4,48,75614.31,71748.18,323,328
P00005,Dairy,Product 5,Brand B,22.63,4.93,5210,86,3.8,2.7,85,117902.3,92217.0,4860,5210
P00006,Bakery,Product 6,Brand A,21.79,19.96,3947,20,0.75,4.9,20,86005.13,7223.01,1034,1480
P00007,Produce,Product 7,Brand E,19.16,32.08,4540,31,4.69,3.3,85,86986.4,-58656.8,1412,1647
P00008,Dairy,Product 8,Brand C,44.5,11.56,2461,96,1.98,4.9,99,109514.5,81065.34,1408,1907
P00009,Dairy,Product 9,Brand B,41.96,10.27,772,73,1.6,4.9,39,32393.12,24464.68,325,772
P00010,Snacks,Product 10,Brand B,34.47,34.56,2261,21,0.84,3.5,88,77936.67,-203.49,299,634
P00011,Bakery,Product 11,Brand C,32.23,35.92,4738,62,1.84,3.1,81,152705.74,-17483.22,4699,4738
P00012,Dairy,Product 12,Brand C,29.59,6.92,4406,64,3.3,3.6,62,130373.54,99884.02,4206,4406
P00013,Bakery,Product 13,Brand D,39.69,36.21,3154,62,4.48,2.7,91,125182.26,10975.92,2984,3154
P00014,Beverages,Product 14,Brand D,40.83,26.91,2782,30,0.78,4.9,83,113589.06,38725.44,2424,2782
P00015,Beverages,Product 15,Brand A,29.1,35.13,4441,28,1.78,4.8,17,129233.1,-26779.23,4093,4441
P00016,Frozen,Product 16,Brand E,48.1,19.22,4054,78,2.6,2.7,29,194997.4,117079.52,4033,4054
P00017,Bakery,Product 17,Brand D,31.18,26.91,1872,97,2.42,4.3,21,58368.96,7993.44,1697,1872
P00018,Produce,Product 18,Brand A,47.57,37.21,2455,81,1.47,3.6,76,116784.35,25433.8,104,178
P00019,Dairy,Product 19,Brand A,22.26,31.01,3373,75,4.18,4.1,93,75082.98,-29513.75,379,663
P00020,Snacks,Product 20,Brand D,48.75,6.92,4798,68,4.24,4.5,59,233902.5,200700.34,3119,3268
P00021,Beverages,Product 21,Brand A,17.1,24.62,4823,58,4.54,4.3,21,82473.3,-36268.96,2464,2577
P00022,Beverages,Product 22,Brand A,24.2,35.68,2351,68,4.41,2.6,63,56894.2,-26989.48,226,510
P00023,Frozen,Product 23,Brand E,32.23,3.5,4585,32,3.17,4.2,97,147774.55,131727.05,4499,4585
P00024,Beverages,Product 24,Brand D,22.26,34.06,2998,12,1.31,3.5,89,66735.48,-35376.4,2896,2998
P00025,Bakery,Product 25,Brand D,49.66,22.3,4945,65,0.67,3.5,63,245568.7,135295.2,4926,4945
P00026,Produce,Product 26,Brand A,49.53,37.82,3412,67,3.17,3.1,83,168996.36,39954.52,3349,3412
P00027,Produce,Product 27,Brand C,6.05,38.01,4117,97,1.67,4.0,28,24907.85,-131579.32,4001,4117
P00028,Produce,Product 28,Brand D,49.53,6.92,4865,71,4.44,4.8,23,240963.45,207297.65,4685,4865
P00029,Produce,Product 29,Brand B,35.14,27.55,4670,27,1.78,4.0,61,164103.8,35445.3,4632,4670
P00030,Bakery,Product 30,Brand D,19.16,4.73,4103,70,2.85,3.6,87,78613.48,59206.29,3801,4103
P00031,Bakery,Product 31,Brand D,34.47,39.5,3582,46,3.72,3.9,31,123471.54,-18017.46,582,990
P00032,Frozen,Product 32,Brand D,4.99,37.21,4769,63,3.9,3.5,13,23797.31,-153657.18,3139,3231
P00033,Frozen,Product 33,Brand A,10.22,37.82,4683,87,4.37,3.0,68,47860.26,-129250.8,4510,4683
P00034,Beverages,Product 34,Brand D,45.23,17.02,3360,74,2.26,3.2,43,151972.8,94785.6,1607,1812
P00035,Produce,Product 35,Brand A,45.41,25.0,4884,23,0.98,2.9,73,221782.44,99682.44,3268,3277
P00036,Bakery,Product 36,Brand C,29.63,9.53,3863,14,4.37,4.7,27,114460.69,77646.3,1038,1047
P00037,Bakery,Product 37,Brand D,28.14,35.13,3866,71,3.07,4.9,91,108789.24,-27023.34,116,137
P00038,Bakery,Product 38,Brand A,48.2,39.5,4820,10,1.35,3.1,40,232324.0,41934.0,4642,4666
P00039,Snacks,Product 39,Brand A,40.53,11.14,4569,72,0.75,3.4,93,185181.57,134282.91,4474,4569
P00040,Snacks,Product 40,Brand C,1.56,6.5,4234,76,0.76,3.5,51,6605.04,-20915.96,4042,4234
P00041,Dairy,Product 41,Brand E,32.23,5.89,4996,29,1.37,3.1,83,161021.08,131594.64,4647,4996
P00042,Bakery,Product 42,Brand E,40.83,10.22,3109,52,1.08,2.8,12,126940.47,95166.49,2813,3109
P00043,Dairy,Product 43,Brand A,31.96,6.92,5259,94,1.91,2.9,94,168077.64,131685.36,4801,5259
P00044,Beverages,Product 44,Brand C,42.4,32.52,4165,51,1.25,3.3,64,176596.0,41150.2,3985,4165
P00045,Dairy,Product 45,Brand C,45.36,5.27,4142,78,0.72,3.9,19,187881.12,166052.78,3717,4105
P00046,Produce,Product 46,Brand A,1.89,19.01,1432,83,2.63,3.6,80,2706.48,-24515.84,1133,1264
P00047,Frozen,Product 47,Brand A,4.4,21.52,2308,97,0.74,3.5,31,10155.2,-39512.96,1911,2308
P00048,Bakery,Product 48,Brand B,26.63,14.57,4379,48,3.85,2.8,32,116612.77,52810.74,2107,2128
P00049,Dairy,Product 49,Brand C,33.28,39.3,4304,71,4.12,4.9,85,143237.12,-25910.08,4296,4304
P00050,Frozen,Product 50,Brand A,20.02,6.44,2293,57,2.59,2.6,22,45905.86,31138.94,569,945
P00051,Bakery,Product 51,Brand C,32.48,2.91,2639,15,1.21,3.1,49,85714.72,78035.23,1424,1625
P00052,Frozen,Product 52,Brand D,39.04,30.89,3743,83,1.02,2.7,22,146126.72,30505.45,3377,3743
P00053,Beverages,Product 53,Brand E,17.1,28.31,2109,51,4.91,2.8,60,36063.9,-23641.89,1724,2109
P00054,Produce,Product 54,Brand C,39.79,25.3,1349,67,4.53,4.5,73,53676.71,19547.01,1335,1349
P00055,Produce,Product 55,Brand D,29.2,11.56,3572,52,1.02,4.4,92,104302.4,63010.08,218,550
P00056,Produce,Product 56,Brand C,37.78,10.08,2019,19,1.02,3.3,94,76277.82,55926.3,1983,2019
P00057,Dairy,Product 57,Brand D,27.91,11.76,4551,98,3.02,4.1,99,127018.41,73498.65,2104,2510
P00058,Beverages,Product 58,Brand C,8.67,18.64,2823,87,2.29,3.1,22,24475.41,-28145.31,887,1260
P00059,Bakery,Product 59,Brand E,31.29,30.89,2835,48,1.97,3.3,38,88707.15,1134.0,2575,2739
P00060,Bakery,Product 60,Brand D,35.1,23.08,2912,22,3.62,2.6,80,102211.2,35002.24,2867,2912
P00061,Beverages,Product 61,Brand C,49.66,35.68,2651,84,4.12,2.9,56,131648.66,37060.98,1527,1671
P00062,Bakery,Product 62,Brand C,31.82,4.99,3693,48,4.09,3.9,35,117511.26,99083.19,342,353
P00063,Bakery,Product 63,Brand D,16.17,2.29,4461,20,1.57,3.1,79,72134.37,61918.68,4138,4461
P00064,Dairy,Product 64,Brand A,31.18,24.73,5176,25,1.67,3.1,32,161387.68,33385.2,4822,5176
P00065,Frozen,Product 65,Brand A,16.17,19.96,4422,42,4.09,3.6,84,71503.74,-16759.38,4013,4422
P00066,Dairy,Product 66,Brand D,2.3,27.03,4347,69,0.52,4.0,65,9998.1,-107501.31,115,461
P00067,Beverages,Product 67,Brand E,32.81,4.52,5162,68,3.15,4.3,94,169365.22,146032.98,4711,5162
P00068,Frozen,Product 68,Brand D,4.99,21.05,3094,83,4.34,3.3,28,15439.06,-49689.64,2882,3094
P00069,Bakery,Product 69,Brand D,16.63,39.99,2338,60,1.33,3.1,59,38880.94,-54615.68,1923,2338
P00070,Beverages,Product 70,Brand A,25.65,39.5,1441,24,3.65,4.0,44,36961.65,-19957.85,110,223
P00071,Snacks,Product 71,Brand B,27.91,18.17,2437,89,4.47,4.1,58,68016.67,23736.38,378,827
P00072,Produce,Product 72,Brand C,48.17,32.99,3388,52,1.37,3.7,55,163199.96,51429.84,3042,3388
P00073,Dairy,Product 73,Brand D,14.59,39.87,4873,36,4.05,4.4,79,71097.07,-123189.44,4528,4873
P00074,Bakery,Product 74,Brand E,14.82,30.06,2902,65,3.85,4.0,62,43007.64,-44226.48,2891,2902
P00075,Beverages,Product 75,Brand D,36.02,32.77,3847,69,3.15,3.5,40,138568.94,12502.75,2185,2521
P00076,Bakery,Product 76,Brand A,25.76,32.99,1546,79,3.9,3.3,93,39824.96,-11177.58,1206,1546
P00077,Produce,Product 77,Brand A,33.95,13.44,493,56,1.47,3.1,31,16737.35,10111.43,131,493
P00078,Produce,Product 78,Brand A,19.23,34.16,3597,17,3.51,3.2,76,69170.31,-53703.21,3225,3597
P00079,Bakery,Product 79,Brand D,42.4,25.81,1002,72,1.53,3.5,17,42484.8,16623.18,836,1002
P00080,Dairy,Product 80,Brand B,28.16,22.3,2206,98,0.54,4.0,28,62120.96,12927.16,1948,2206
P00081,Snacks,Product 81,Brand B,35.1,15.37,3392,16,4.8,3.1,40,119059.2,66924.16,3132,3186
P00082,Frozen,Product 82,Brand A,44.5,2.05,3801,90,3.79,3.1,41,169144.5,161352.45,3708,3801
P00083,Beverages,Product 83,Brand E,33.95,21.05,4503,11,0.54,2.7,88,152876.85,58088.7,4240,4503
P00084,Dairy,Product 84,Brand C,4.62,25.52,3210,26,2.51,3.8,64,14830.2,-67089.0,2777,3210
P00085,Bakery,Product 85,Brand A,31.75,1.95,1296,13,2.55,4.4,40,41148.0,38620.8,393,689
P00086,Snacks,Product 86,Brand C,6.82,3.5,3341,35,0.52,4.1,76,22785.62,11092.12,3296,3341
P00087,Beverages,Product 87,Brand D,15.0,34.06,4411,87,1.91,3.9,60,66165.0,-84073.66,1671,2109
P00088,Beverages,Product 88,Brand C,34.47,25.07,4218,81,4.46,2.6,83,145394.46,39649.2,3148,3365
P00089,Frozen,Product 89,Brand A,18.19,16.22,4002,78,4.53,4.3,36,72796.38,7883.94,3039,3228
P00090,Beverages,Product 90,Brand D,37.92,5.89,4750,14,0.52,4.3,57,180120.0,152142.5,4362,4750
P00091,Produce,Product 91,Brand C,48.5,6.31,930,14,0.74,4.6,52,45105.0,39236.7,368,475
P00092,Produce,Product 92,Brand E,6.45,13.49,1537,78,0.67,4.0,60,9913.65,-10820.48,1247,1537
P00093,Produce,Product 93,Brand A,29.63,13.22,3915,12,2.29,2.6,78,116001.45,64245.15,3442,3915
P00094,Bakery,Product 94,Brand A,39.69,7.17,4502,47,4.96,4.0,84,178684.38,146405.04,979,987
P00095,Beverages,Product 95,Brand C,39.04,14.15,4163,10,4.33,2.9,80,162523.52,103617.07,158,190
P00096,Bakery,Product 96,Brand B,9.69,7.31,3920,17,1.67,2.5,81,37984.8,9329.6,2597,2999
P00097,Bakery,Product 97,Brand A,16.65,32.77,4159,22,0.82,4.7,90,69247.35,-67043.08,3991,4159
P00098,Frozen,Product 98,Brand C,6.74,4.73,1842,93,3.85,3.2,59,12415.08,3702.42,316,647
P00099,Produce,Product 99,Brand D,25.23,35.92,4879,79,0.74,4.0,70,123097.17,-52156.51,4439,4879
P00100,Dairy,Product 100,Brand C,38.31,7.89,4749,59,4.05,2.8,50,181934.19,144464.58,4712,4749
P00101,Dairy,Product 101,Brand E,4.81,5.89,2642,17,4.48,5.0,60,12708.02,-2853.36,2411,2642
P00102,Beverages,Product 102,Brand E,39.96,36.87,2729,39,0.7,3.6,87,109050.84,8432.61,833,1016
P00103,Snacks,Product 103,Brand C,6.79,13.49,2894,49,2.45,4.5,33,19650.26,-19389.8,2602,2894
P00104,Beverages,Product 104,Brand D,45.16,20.55,4985,88,1.04,4.0,39,225122.6,122680.85,4739,4985
P00105,Beverages,Product 105,Brand A,25.09,3.5,3067,83,4.48,2.9,61,76951.03,66216.53,2521,2531
P00106,Beverages,Product 106,Brand A,29.59,11.3,3547,42,1.67,3.6,59,104955.73,64874.63,3477,3547
P00107,Bakery,Product 107,Brand C,33.95,37.82,3296,82,4.96,3.0,66,111899.2,-12755.52,473,710
P00108,Beverages,Product 108,Brand E,16.68,15.55,1588,61,3.9,2.7,71,26487.84,1794.44,211,675
P00109,Dairy,Product 109,Brand B,22.51,25.0,2758,42,3.33,3.8,88,62082.58,-6867.42,2640,2758
P00110,Beverages,Product 110,Brand D,6.79,32.52,1769,82,3.72,3.7,62,12011.51,-45516.37,393,610
P00111,Bakery,Product 111,Brand A,31.96,27.03,2760,87,4.96,4.2,77,88209.6,13606.8,2569,2760
P00112,Dairy,Product 112,Brand A,39.08,19.51,2716,46,3.07,2.9,86,106141.28,53152.12,2298,2716
P00113,Frozen,Product 113,Brand C,29.7,5.89,3719,79,1.78,4.6,78,110454.3,88549.39,3368,3719
P00114,Beverages,Product 114,Brand D,25.65,32.08,1597,78,4.95,3.0,40,40963.05,-10268.71,267,506
P00115,Dairy,Product 115,Brand D,3.23,8.1,3828,13,4.76,2.8,85,12364.44,-18642.36,3253,3581
P00116,Bakery,Product 116,Brand A,49.53,33.61,3773,69,3.11,2.7,39,186876.69,60066.16,169,570
P00117,Beverages,Product 117,Brand B,2.24,21.22,1904,89,3.4,4.1,19,4264.96,-36137.92,1525,1904
P00118,Bakery,Product 118,Brand D,4.46,24.43,2989,83,2.01,4.4,99,13330.94,-59690.33,2672,2989
P00119,Beverages,Product 119,Brand C,31.84,13.44,2022,40,2.9,3.0,53,64380.48,37204.8,1754,1960
P00120,Frozen,Product 120,Brand E,42.92,7.87,4578,23,0.72,4.8,15,196487.76,160458.9,2359,2581
P00121,Produce,Product 121,Brand A,15.0,2.73,4654,86,0.99,3.7,36,69810.0,57104.58,201,347
P00122,Beverages,Product 122,Brand D,27.74,18.17,4653,69,1.04,4.9,29,129074.22,44529.21,1831,2020
P00123,Beverages,Product 123,Brand A,49.31,30.03,1699,77,2.45,3.7,29,83777.69,32756.72,1461,1699
P00124,Dairy,Product 124,Brand C,35.14,34.69,4565,35,2.29,3.6,21,160414.1,2054.25,432,724
P00125,Dairy,Product 125,Brand D,27.91,2.11,4219,33,0.52,4.2,94,117752.29,108850.2,2352,2821
P00126,Dairy,Product 126,Brand A,34.47,18.17,4861,65,1.98,5.0,58,167558.67,79234.3,4424,4861
P00127,Produce,Product 127,Brand D,28.14,25.07,4291,18,3.97,4.5,61,120748.74,13173.37,3360,3583
P00128,Beverages,Product 128,Brand C,37.78,38.79,2143,44,4.53,2.9,19,80962.54,-2164.43,1222,1468
P00129,Snacks,Product 129,Brand B,3.25,23.97,2304,88,2.82,2.6,14,7488.0,-47738.88,2057,2304
P00130,Beverages,Product 130,Brand C,31.18,7.31,3226,33,3.89,4.9,73,100586.68,77004.62,2059,2476
P00131,Produce,Product 131,Brand A,40.37,21.54,1182,40,2.26,4.4,67,47717.34,22257.06,559,966
P00132,Dairy,Product 132,Brand D,1.6,36.21,4266,92,0.84,3.0,17,6825.6,-147646.26,1317,1765
P00133,Dairy,Product 133,Brand E,18.31,10.47,3620,75,3.76,3.1,39,66282.2,28380.8,1030,1068
P00134,Frozen,Product 134,Brand E,19.37,24.92,1116,75,0.51,3.3,26,21616.92,-6193.8,410,863
P00135,Dairy,Product 135,Brand E,1.89,30.06,3196,50,4.39,3.7,76,6040.44,-90031.32,2989,3196
P00136,Bakery,Product 136,Brand C,33.28,7.25,2272,45,2.23,4.4,30,75612.16,59140.16,1858,2272
P00137,Snacks,Product 137,Brand A,41.96,34.71,4841,43,0.9,4.4,25,203128.36,35097.25,4441,4841
P00138,Bakery,Product 138,Brand C,9.69,2.73,3584,48,0.52,3.7,36,34728.96,24944.64,571,1009
P00139,Produce,Product 139,Brand B,27.93,21.72,4704,92,1.02,4.8,15,131382.72,29211.84,4517,4704
P00140,Frozen,Product 140,Brand C,20.02,11.9,4696,32,0.7,4.6,51,94013.92,38131.52,4336,4696
P00141,Beverages,Product 141,Brand B,40.37,7.35,4117,89,0.71,4.0,25,166203.29,135943.34,3280,3757
P00142,Beverages,Product 142,Brand E,10.22,30.33,3510,53,4.57,4.8,54,35872.2,-70586.1,2460,2552
P00143,Snacks,Product 143,Brand B,26.63,7.79,3818,79,3.97,2.9,12,101673.34,71931.12,1244,1250
P00144,Produce,Product 144,Brand C,31.96,10.69,1984,67,3.15,3.7,49,63408.64,42199.68,198,331
P00145,Bakery,Product 145,Brand E,8.01,3.93,4235,68,3.65,4.5,29,33922.35,17278.8,3749,4235
P00146,Dairy,Product 146,Brand C,24.23,25.0,2922,35,1.66,4.0,16,70800.06,-2249.94,593,1066
P00147,Dairy,Product 147,Brand D,2.3,32.99,2349,31,4.81,4.9,68,5402.7,-72090.81,2257,2349
P00148,Produce,Product 148,Brand A,31.67,15.37,4884,97,4.69,4.5,20,154676.28,79609.2,4679,4680
P00149,Beverages,Product 149,Brand A,17.1,16.89,2857,49,0.99,2.5,61,48854.7,599.97,2277,2547
P00150,Frozen,Product 150,Brand C,37.56,20.8,4304,94,2.82,3.2,12,161658.24,72135.04,1523,1606
P00151,Dairy,Product 151,Brand C,22.63,7.25,4012,20,3.97,4.9,30,90791.56,61704.56,605,892
P00152,Bakery,Product 152,Brand D,31.75,21.05,4886,18,4.76,4.0,62,155130.5,52280.2,4405,4584
P00153,Produce,Product 153,Brand E,37.56,16.22,2003,21,3.0,2.6,39,75232.68,42744.02,460,837
P00154,Bakery,Product 154,Brand C,14.59,5.89,2440,35,1.64,3.4,20,35599.6,21228.0,253,588
P00155,Dairy,Product 155,Brand C,43.56,6.92,3575,47,0.98,4.1,90,155727.0,130988.0,632,779
P00156,Bakery,Product 156,Brand A,37.79,8.77,4844,12,3.62,3.7,34,183054.76,140572.88,2111,2213
P00157,Frozen,Product 157,Brand A,5.47,15.4,3264,24,2.55,3.8,59,17854.08,-32411.52,2457,2745
P00158,Snacks,Product 158,Brand E,5.47,7.49,3196,56,0.76,2.5,98,17482.12,-6455.92,2883,3196
P00159,Dairy,Product 159,Brand E,41.5,9.99,2633,14,0.78,3.5,18,109269.5,82965.83,2069,2100
P00160,Frozen,Product 160,Brand E,44.88,16.89,2761,63,0.82,3.8,54,123913.68,77280.39,2447,2761
P00161,Bakery,Product 161,Brand C,11.96,4.73,5021,33,0.84,4.6,38,60051.16,36301.83,4536,5021
P00162,Dairy,Product 162,Brand B,6.76,15.4,888,20,3.97,3.6,71,6002.88,-7672.32,734,888
P00163,Bakery,Product 163,Brand B,47.57,32.64,2914,42,3.4,3.5,24,138618.98,43506.02,2701,2749
P00164,Produce,Product 164,Brand E,3.25,32.34,4227,96,3.48,2.9,28,13737.75,-122963.43,1292,1671
P00165,Snacks,Product 165,Brand C,10.59,6.54,4656,83,3.15,3.6,24,49307.04,18856.8,4615,4656
P00166,Frozen,Product 166,Brand D,35.09,8.85,3986,66,2.84,2.9,48,139868.74,104592.64,836,989
P00167,Bakery,Product 167,Brand D,48.17,31.67,2967,61,1.67,3.5,44,142920.39,48955.5,2536,2967
P00168,Dairy,Product 168,Brand A,44.62,37.34,2268,73,3.15,4.1,22,101198.16,16511.04,1308,1490
P00169,Bakery,Product 169,Brand B,39.08,31.67,2390,52,4.37,4.7,25,93401.2,17709.9,2158,2390
P00170,Dairy,Product 170,Brand A,5.79,17.55,1026,90,4.81,3.6,76,5940.54,-12065.76,707,828
P00171,Produce,Product 171,Brand A,16.68,35.86,3350,53,4.91,4.9,64,55878.0,-64253.0,3165,3350
P00172,Beverages,Product 172,Brand C,42.97,39.21,4305,99,3.76,3.7,74,184985.85,16186.8,3849,4305
P00173,Bakery,Product 173,Brand C,36.02,13.8,4743,98,1.97,4.1,44,170842.86,105389.46,4426,4743
P00174,Snacks,Product 174,Brand D,45.16,11.5,3333,45,3.65,4.7,25,150518.28,112188.78,2137,2525
P00175,Dairy,Product 175,Brand A,1.6,23.95,2700,21,4.96,4.9,10,4320.0,-60345.0,2285,2700
P00176,Beverages,Product 176,Brand E,14.27,35.68,1511,65,1.06,4.0,59,21561.97,-32350.51,1096,1216
P00177,Snacks,Product 177,Brand E,35.35,20.55,4467,12,2.2,2.5,23,157908.45,66111.6,2678,3030
P00178,Bakery,Product 178,Brand B,20.53,18.17,4118,59,2.82,2.8,71,84542.54,9718.48,1279,1505
P00179,Produce,Product 179,Brand B,49.53,27.03,4914,38,4.44,4.6,16,243390.42,110565.0,4802,4914
P00180,Bakery,Product 180,Brand B,48.5,7.79,2215,97,3.02,3.8,32,107427.5,90172.65,2020,2215
P00181,Bakery,Product 181,Brand D,41.27,35.13,3628,92,1.6,3.4,72,149727.56,22275.92,3331,3628
P00182,Frozen,Product 182,Brand A,48.17,2.55,1940,86,3.41,3.2,38,93449.8,88502.8,1432,1458
P00183,Frozen,Product 183,Brand B,26.63,35.01,3617,25,3.19,4.5,31,96320.71,-30310.46,2844,3296
P00184,Dairy,Product 184,Brand A,6.76,10.08,2554,49,2.63,4.2,89,17265.04,-8479.28,2360,2554
P00185,Beverages,Product 185,Brand B,22.26,14.84,3617,36,4.96,2.6,15,80514.42,26838.14,3598,3617
P00186,Snacks,Product 186,Brand D,48.82,35.01,3856,79,3.19,4.6,91,188249.92,53251.36,3513,3856
P00187,Dairy,Product 187,Brand A,9.49,1.54,2316,51,1.04,4.9,38,21978.84,18412.2,305,330
P00188,Produce,Product 188,Brand C,8.98,6.44,2574,66,1.02,4.0,98,23114.52,6537.96,1909,1956
P00189,Produce,Product 189,Brand B,3.25,4.99,1856,19,3.41,4.7,11,6032.0,-3229.44,999,1198
P00190,Snacks,Product 190,Brand B,25.65,13.44,4101,47,4.44,4.9,73,105190.65,50073.21,847,1111
P00191,Dairy,Product 191,Brand E,34.47,38.01,2732,17,2.9,4.1,45,94172.04,-9671.28,2729,2732
P00192,Produce,Product 192,Brand B,27.27,32.99,3013,27,1.25,4.3,29,82164.51,-17234.36,2542,3013
P00193,Beverages,Product 193,Brand E,39.08,37.82,4771,26,4.46,2.9,64,186450.68,6011.46,4532,4771
P00194,Dairy,Product 194,Brand B,21.22,4.73,2150,67,3.19,4.0,46,45623.0,35453.5,1861,2150
P00195,Bakery,Product 195,Brand B,47.55,11.71,5344,75,3.65,3.5,61,254107.2,191528.96,4976,5344
P00196,Bakery,Product 196,Brand B,35.48,20.8,4886,53,4.09,3.7,78,173355.28,71726.48,4474,4886
P00197,Dairy,Product 197,Brand D,16.65,39.5,2418,93,4.44,4.2,79,40259.7,-55251.3,2396,2418
P00198,Beverages,Product 198,Brand C,6.45,23.68,2436,83,4.22,4.0,31,15712.2,-41972.28,1831,2186
P00199,Frozen,Product 199,Brand B,9.49,18.3,4452,18,5.0,2.9,94,42249.48,-39222.12,4098,4452
P00200,Bakery,Product 200,Brand B,4.46,5.27,3980,57,1.64,3.0,92,17750.8,-3223.8,3059,3089
P00201,Bakery,Product 201,Brand D,31.96,30.89,1085,48,2.6,4.7,24,34676.6,1160.95,1038,1085
P00202,Bakery,Product 202,Brand A,24.2,22.49,5139,98,3.97,4.3,56,124363.8,8787.69,4719,5139
P00203,Frozen,Product 203,Brand B,5.94,6.54,4970,98,1.31,3.7,80,29521.8,-2982.0,4655,4970
P00204,Dairy,Product 204,Brand D,31.39,11.3,2534,97,3.02,3.2,90,79542.26,50908.06,2264,2534
P00205,Bakery,Product 205,Brand D,40.91,34.56,3302,15,1.02,3.1,78,135084.82,20967.7,2973,3302
P00206,Beverages,Product 206,Brand D,45.36,13.49,2020,39,3.33,4.4,61,91627.2,64377.4,1550,2020
P00207,Bakery,Product 207,Brand E,47.13,1.07,1779,83,4.96,3.1,48,83844.27,81940.74,1303,1779
P00208,Frozen,Product 208,Brand A,36.58,23.97,2707,27,0.67,4.9,11,99022.06,34135.27,1972,2333
P00209,Bakery,Product 209,Brand D,4.57,28.31,4861,52,0.66,4.1,54,22214.77,-115400.14,4591,4861
P00210,Produce,Product 210,Brand A,3.82,19.94,3587,42,4.48,4.0,33,13702.34,-57822.44,3124,3587
P00211,Dairy,Product 211,Brand C,2.14,19.64,3255,62,2.51,4.3,70,6965.7,-56962.5,2155,2595
P00212,Snacks,Product 212,Brand C,44.67,25.0,2776,65,2.17,3.7,74,124003.92,54603.92,2291,2776
P00213,Dairy,Product 213,Brand D,9.49,2.11,3901,28,3.0,3.8,62,37020.49,28789.38,1778,1930
P00214,Dairy,Product 214,Brand A,21.22,23.8,4708,96,3.54,2.7,30,99903.76,-12146.64,4482,4708
P00215,Snacks,Product 215,Brand C,48.2,2.29,2885,78,4.39,2.8,76,139057.0,132450.35,2637,2885
P00216,Bakery,Product 216,Brand B,18.44,34.71,4657,35,2.56,4.9,10,85875.08,-75769.39,1765,2070
P00217,Dairy,Product 217,Brand D,31.82,13.44,4999,38,0.7,2.9,68,159068.18,91881.62,4828,4999
P00218,Snacks,Product 218,Brand C,19.92,6.54,5161,33,2.63,3.7,56,102807.12,69054.18,4924,5161
P00219,Dairy,Product 219,Brand B,23.72,34.66,4709,15,4.44,4.9,27,111697.48,-51516.46,4226,4462
P00220,Bakery,Product 220,Brand C,19.34,8.65,4448,63,2.83,3.9,42,86024.32,47549.12,3111,3370
P00221,Snacks,Product 221,Brand E,22.26,14.26,4094,48,4.09,4.7,24,91132.44,32752.0,343,622
P00222,Dairy,Product 222,Brand A,38.13,25.81,1379,13,2.71,4.9,33,52581.27,16989.28,239,387
P00223,Beverages,Product 223,Brand B,37.16,27.03,2657,67,2.45,2.5,45,98734.12,26915.41,2548,2657
P00224,Dairy,Product 224,Brand B,31.82,13.49,2073,57,4.69,3.0,69,65962.86,37998.09,824,967
P00225,Snacks,Product 225,Brand D,8.98,14.26,4557,69,1.35,2.6,43,40921.86,-24060.96,1664,1963
P00226,Beverages,Product 226,Brand C,31.96,23.68,4823,35,1.84,4.5,99,154143.08,39934.44,4359,4823
P00227,Frozen,Product 227,Brand B,1.53,5.27,4653,88,1.21,2.8,60,7119.09,-17402.22,203,274
P00228,Produce,Product 228,Brand C,3.22,14.15,4564,86,3.48,2.9,49,14696.08,-49884.52,4147,4564
P00229,Bakery,Product 229,Brand D,19.23,24.92,2643,49,2.14,3.5,31,50824.89,-15038.67,162,473
P00230,Snacks,Product 230,Brand A,21.79,38.81,3391,95,2.48,4.1,25,73889.89,-57714.82,2162,2288
P00231,Dairy,Product 231,Brand E,5.16,21.05,4436,86,1.35,4.6,51,22889.76,-70488.04,3969,4436
P00232,Beverages,Product 232,Brand E,41.27,23.97,3747,65,4.53,4.0,25,154638.69,64823.1,3665,3747
P00233,Bakery,Product 233,Brand E,21.22,28.68,2367,48,3.63,4.6,14,50227.74,-17657.82,2326,2367
P00234,Bakery,Product 234,Brand C,9.49,10.7,2839,90,2.9,5.0,15,26942.11,-3435.19,1646,2048
P00235,Bakery,Product 235,Brand E,14.81,21.54,5309,48,4.6,3.1,51,78626.29,-35729.57,4922,5309
P00236,Bakery,Product 236,Brand D,45.36,38.02,4431,57,0.79,4.4,97,200990.16,32523.54,4172,4431
P00237,Frozen,Product 237,Brand A,4.62,24.44,5289,34,4.96,4.9,39,24435.18,-104827.98,4933,5289
P00238,Produce,Product 238,Brand D,19.23,34.71,3890,43,0.51,3.0,41,74804.7,-60217.2,3746,3890
P00239,Beverages,Product 239,Brand E,40.53,35.01,4045,30,0.66,2.9,62,163943.85,22328.4,1890,2061
P00240,Bakery,Product 240,Brand C,27.74,5.54,508,34,0.7,4.6,28,14091.92,11277.6,229,508
P00241,Snacks,Product 241,Brand C,16.65,2.05,3586,98,4.12,3.6,60,59706.9,52355.6,3115,3586
P00242,Beverages,Product 242,Brand C,27.74,26.87,1169,31,2.26,3.9,37,32428.06,1017.03,1026,1169
P00243,Produce,Product 243,Brand C,8.98,1.64,2646,32,1.53,4.6,56,23761.08,19421.64,2080,2537
P00244,Frozen,Product 244,Brand A,11.96,3.5,2485,34,4.96,4.0,81,29720.6,21023.1,1825,1952
P00245,Dairy,Product 245,Brand C,41.96,28.31,2390,87,3.81,3.5,10,100284.4,32623.5,1919,1977
P00246,Dairy,Product 246,Brand E,14.81,5.6,4812,87,4.58,3.0,77,71265.72,44318.52,4644,4812
P00247,Bakery,Product 247,Brand B,31.96,39.5,2425,35,3.43,4.6,66,77503.0,-18284.5,2307,2425
P00248,Bakery,Product 248,Brand E,10.59,16.16,3554,39,1.66,3.5,31,37636.86,-19795.78,3388,3554
P00249,Frozen,Product 249,Brand E,29.63,19.22,5256,99,3.07,3.9,95,155735.28,54714.96,4883,5256
P00250,Dairy,Product 250,Brand D,48.2,6.85,4225,47,0.54,2.9,67,203645.0,174703.75,2995,3077
P00251,Snacks,Product 251,Brand E,48.2,26.91,4592,95,1.35,4.3,22,221334.4,97763.68,1856,2214
P00252,Dairy,Product 252,Brand E,17.1,23.95,4911,43,1.37,4.3,48,83978.1,-33640.35,2637,2771
P00253,Frozen,Product 253,Brand D,1.71,23.97,4715,98,2.42,4.9,36,8062.65,-104955.9,2427,2791
P00254,Produce,Product 254,Brand A,1.53,20.19,2713,86,2.71,4.4,48,4150.89,-50624.58,2228,2713
P00255,Frozen,Product 255,Brand C,48.5,16.71,3342,82,3.4,3.2,81,162087.0,106242.18,3296,3342
P00256,Beverages,Product 256,Brand A,6.69,20.71,2579,24,4.96,4.3,21,17253.51,-36157.58,2317,2579
P00257,Bakery,Product 257,Brand E,25.14,30.89,4222,53,2.65,2.7,33,106141.08,-24276.5,3753,4222
P00258,Bakery,Product 258,Brand E,48.75,1.29,4413,19,4.83,4.6,27,215133.75,209440.98,3261,3384
P00259,Dairy,Product 259,Brand A,35.09,21.05,2749,46,1.57,3.7,24,96462.41,38595.96,2527,2749
P00260,Bakery,Product 260,Brand A,35.1,15.55,4451,16,1.08,2.9,69,156230.1,87017.05,4359,4451
P00261,Bakery,Product 261,Brand A,10.22,38.19,918,41,2.23,4.4,25,9381.96,-25676.46,514,918
P00262,Snacks,Product 262,Brand B,8.01,5.6,4213,20,2.23,4.3,83,33746.13,10153.33,4194,4213
P00263,Beverages,Product 263,Brand B,3.11,35.01,4620,57,4.1,4.4,56,14368.2,-147378.0,4350,4620
P00264,Bakery,Product 264,Brand E,29.63,27.03,2000,77,0.74,2.5,33,59260.0,5200.0,1935,2000
P00265,Produce,Product 265,Brand B,41.5,30.06,2387,57,4.81,3.9,54,99060.5,27307.28,2168,2387
P00266,Dairy,Product 266,Brand B,4.4,4.52,4765,54,2.6,3.3,28,20966.0,-571.8,2970,3322
P00267,Frozen,Product 267,Brand A,31.82,20.71,1279,42,4.08,4.2,50,40697.78,14209.69,1122,1279
P00268,Dairy,Product 268,Brand D,3.23,4.99,1483,13,4.54,3.1,40,4790.09,-2610.08,498,913
P00269,Snacks,Product 269,Brand A,44.88,2.11,3230,56,4.48,4.5,94,144962.4,138147.1,3077,3230
P00270,Snacks,Product 270,Brand C,36.02,9.99,3266,99,2.17,3.9,25,117641.32,85013.98,3019,3266
P00271,Frozen,Product 271,Brand D,4.62,18.77,4269,62,4.09,3.8,32,19722.78,-60406.35,4070,4269
P00272,Bakery,Product 272,Brand B,47.42,18.77,4920,40,4.1,3.1,87,233306.4,140958.0,228,459
P00273,Dairy,Product 273,Brand C,3.25,34.66,1934,40,2.85,3.7,32,6285.5,-60746.94,1632,1934
P00274,Produce,Product 274,Brand C,26.63,21.05,1680,36,3.41,4.1,50,44738.4,9374.4,1150,1586
P00275,Frozen,Product 275,Brand E,28.36,26.87,3368,98,3.4,3.5,27,95516.48,5018.32,3052,3068
P00276,Bakery,Product 276,Brand E,45.36,29.17,551,57,3.19,4.0,45,24993.36,8920.69,443,551
P00277,Dairy,Product 277,Brand D,35.21,14.84,2442,45,3.2,2.9,21,85982.82,49743.54,1524,1919
P00278,Produce,Product 278,Brand A,13.14,5.59,3951,58,3.43,2.9,84,51916.14,29830.05,703,977
P00279,Produce,Product 279,Brand E,45.41,2.55,2054,40,3.89,4.9,78,93272.14,88034.44,1690,2054
P00280,Frozen,Product 280,Brand A,31.67,35.01,5112,53,0.52,4.7,60,161897.04,-17074.08,4928,5112
P00281,Beverages,Product 281,Brand D,41.96,25.81,4841,68,2.31,2.6,94,203128.36,78182.15,4351,4841
P00282,Produce,Product 282,Brand C,9.69,28.68,3084,32,4.33,5.0,41,29883.96,-58565.16,2248,2432
P00283,Snacks,Product 283,Brand D,10.59,23.97,2140,77,1.08,4.4,80,22662.6,-28633.2,847,1288
P00284,Frozen,Product 284,Brand D,35.35,37.82,2326,51,3.97,4.2,45,82224.1,-5745.22,599,668
P00285,Dairy,Product 285,Brand C,4.99,9.87,3706,51,3.48,4.9,49,18492.94,-18085.28,3456,3706
P00286,Dairy,Product 286,Brand B,39.08,8.1,861,22,3.9,4.2,79,33647.88,26673.78,485,861
P00287,Beverages,Product 287,Brand C,47.58,24.92,4783,10,0.5,2.5,47,227575.14,108382.78,4333,4783
P00288,Bakery,Product 288,Brand D,37.02,11.3,4901,85,0.72,4.6,63,181435.02,126053.72,4443,4901
P00289,Produce,Product 289,Brand A,44.5,5.23,2053,62,0.7,4.5,13,91358.5,80621.31,1835,2053
P00290,Frozen,Product 290,Brand A,19.92,7.87,4604,49,4.53,4.3,55,91711.68,55478.2,2657,2745
P00291,Snacks,Product 291,Brand D,4.49,7.87,5268,99,4.47,3.9,72,23653.32,-17805.84,4922,5268
P00292,Bakery,Product 292,Brand E,6.05,36.48,1550,55,3.0,4.4,83,9377.5,-47166.5,1278,1550
P00293,Dairy,Product 293,Brand C,16.63,2.05,4151,96,1.78,4.0,59,69031.13,60521.58,979,1196
P00294,Frozen,Product 294,Brand E,34.47,20.55,1963,31,1.04,3.0,39,67664.61,27324.96,1605,1963
P00295,Dairy,Product 295,Brand A,1.71,25.52,3229,61,4.37,4.0,82,5521.59,-76882.49,1106,1496
P00296,Produce,Product 296,Brand B,44.5,37.34,3937,37,2.48,4.7,25,175196.5,28188.92,3757,3937
P00297,Produce,Product 297,Brand A,8.67,10.27,2530,62,3.8,4.2,61,21935.1,-4048.0,2405,2530
P00298,Bakery,Product 298,Brand A,35.35,11.5,3448,72,0.52,4.9,13,121886.8,82234.8,372,748
P00299,Beverages,Product 299,Brand C,6.82,8.65,3178,26,3.11,4.2,35,21673.96,-5815.74,2995,3178
P00300,Bakery,Product 300,Brand D,31.67,19.01,3527,73,3.82,4.7,38,111700.09,44651.82,3195,3527
P00301,Bakery,Product 301,Brand A,41.5,17.78,3365,15,2.01,3.1,20,139647.5,79817.8,2972,3301
P00302,Beverages,Product 302,Brand D,5.47,25.52,4881,23,4.98,2.5,33,26699.07,-97864.05,1706,2139
P00303,Snacks,Product 303,Brand B,18.19,5.54,5280,26,0.72,4.6,60,96043.2,66792.0,4790,5280
P00304,Dairy,Product 304,Brand A,47.79,26.91,2747,47,4.95,3.4,51,131279.13,57357.36,2547,2747
P00305,Bakery,Product 305,Brand D,14.77,6.44,3135,78,1.35,3.7,48,46303.95,26114.55,2951,3135
P00306,Snacks,Product 306,Brand B,40.37,11.56,1974,22,2.26,4.9,16,79690.38,56870.94,1424,1903
P00307,Frozen,Product 307,Brand C,19.37,3.93,4095,62,4.98,4.0,27,79320.15,63226.8,2157,2454
P00308,Snacks,Product 308,Brand D,23.45,28.68,4226,18,0.51,4.3,12,99099.7,-22101.98,4002,4226
P00309,Bakery,Product 309,Brand A,35.21,5.54,3677,53,1.06,4.6,72,129467.17,109096.59,3222,3677
P00310,Snacks,Product 310,Brand C,23.33,3.67,3346,35,2.82,4.1,29,78062.18,65782.36,2866,3346
P00311,Produce,Product 311,Brand A,20.02,39.3,2616,86,1.78,2.9,82,52372.32,-50436.48,2254,2616
P00312,Dairy,Product 312,Brand B,48.82,22.44,5406,28,3.81,4.1,83,263920.92,142610.28,4966,5406
P00313,Bakery,Product 313,Brand B,48.15,17.78,2206,57,3.8,3.6,79,106218.9,66996.22,1829,2206
P00314,Dairy,Product 314,Brand D,3.22,7.25,4774,90,3.92,3.8,26,15372.28,-19239.22,4685,4774
P00315,Dairy,Product 315,Brand A,33.28,19.96,4200,89,4.92,4.0,88,139776.0,55944.0,2822,3047
P00316,Bakery,Product 316,Brand C,36.58,35.92,5169,39,4.33,4.9,68,189082.02,3411.54,4670,5169
P00317,Bakery,Product 317,Brand C,9.49,21.72,5223,41,1.84,3.8,63,49566.27,-63877.29,4776,5223
P00318,Produce,Product 318,Brand B,43.56,39.87,3112,87,1.08,3.1,22,135558.72,11483.28,2994,3112
P00319,Bakery,Product 319,Brand A,47.42,15.07,3619,88,3.97,3.3,51,171612.98,117074.65,3463,3619
P00320,Dairy,Product 320,Brand C,23.33,21.52,2399,85,4.34,3.6,53,55968.67,4342.19,1940,2399
P00321,Beverages,Product 321,Brand B,37.79,16.16,4711,84,3.72,4.2,95,178028.69,101898.93,2061,2220
P00322,Beverages,Product 322,Brand A,9.69,21.22,4916,78,3.19,4.0,89,47636.04,-56681.48,4524,4707
P00323,Frozen,Product 323,Brand A,23.72,39.99,5398,20,0.67,4.1,76,128040.56,-87825.46,4962,5398
P00324,Bakery,Product 324,Brand A,29.1,6.92,4903,92,4.69,4.0,81,142677.3,108748.54,4701,4903
P00325,Dairy,Product 325,Brand D,23.27,30.89,2841,35,3.19,4.0,29,66110.07,-21648.42,2775,2841
P00326,Beverages,Product 326,Brand D,37.16,9.87,2085,35,4.34,4.7,56,77478.6,56899.65,2039,2085
P00327,Produce,Product 327,Brand A,45.23,37.1,5037,26,1.28,2.9,33,227823.51,40950.81,4673,5037
P00328,Beverages,Product 328,Brand C,5.79,27.03,4662,92,2.82,3.5,60,26992.98,-99020.88,113,373
P00329,Frozen,Product 329,Brand D,5.47,31.45,5328,53,3.89,3.5,27,29144.16,-138421.44,4922,5328
P00330,Frozen,Product 330,Brand A,22.26,24.43,3587,93,1.28,2.7,32,79846.62,-7783.79,3158,3587
P00331,Produce,Product 331,Brand C,29.2,3.73,3260,32,3.41,4.4,10,95192.0,83032.2,845,1089
P00332,Produce,Product 332,Brand A,37.97,3.5,2266,34,1.37,3.9,75,86040.02,78109.02,2110,2266
P00333,Snacks,Product 333,Brand E,30.97,35.13,3107,46,3.3,3.9,14,96223.79,-12925.12,2713,3107
P00334,Frozen,Product 334,Brand E,47.58,5.04,5120,85,5.0,4.8,27,243609.6,217804.8,4670,5120
P00335,Bakery,Product 335,Brand B,5.79,32.34,3295,74,3.69,4.0,89,19078.05,-87482.25,3046,3295
P00336,Beverages,Product 336,Brand A,9.49,18.7,5152,11,1.57,4.4,83,48892.48,-47449.92,4719,5152
P00337,Frozen,Product 337,Brand D,9.69,7.35,4364,83,4.27,3.7,44,42287.16,10211.76,3282,3377
P00338,Produce,Product 338,Brand E,19.36,13.44,4713,41,2.31,4.5,34,91243.68,27900.96,3586,3841
P00339,Frozen,Product 339,Brand A,23.33,19.96,4968,98,2.89,4.0,33,115903.44,16742.16,4606,4968
P00340,Bakery,Product 340,Brand D,16.68,39.99,4649,83,0.7,2.7,22,77545.32,-108368.19,4178,4649
P00341,Bakery,Product 341,Brand C,6.05,10.08,2343,64,2.58,4.1,30,14175.15,-9442.29,2007,2343
P00342,Snacks,Product 342,Brand A,36.02,11.71,4292,59,4.34,2.8,48,154597.84,104338.52,4091,4292
P00343,Beverages,Product 343,Brand E,39.04,5.27,2054,74,3.15,3.6,43,80188.16,69363.58,1747,2054
P00344,Beverages,Product 344,Brand B,4.99,8.91,5303,41,2.66,4.8,28,26461.97,-20787.76,4876,5303
P00345,Beverages,Product 345,Brand E,1.89,34.69,3296,46,1.04,4.8,37,6229.44,-108108.8,2763,2897
P00346,Bakery,Product 346,Brand B,16.82,26.91,3762,85,1.54,4.1,99,63276.84,-37958.58,1982,2359
P00347,Bakery,Product 347,Brand C,1.56,39.47,3467,91,0.7,4.0,20,5408.52,-131433.97,428,581
P00348,Snacks,Product 348,Brand D,5.09,2.29,4722,22,3.15,4.9,58,24034.98,13221.6,4467,4722
P00349,Snacks,Product 349,Brand D,6.76,30.89,4630,63,3.89,2.6,44,31298.8,-111721.9,4370,4630
P00350,Frozen,Product 350,Brand A,25.65,10.22,4976,12,1.64,4.0,93,127634.4,76779.68,2305,2545
P00351,Dairy,Product 351,Brand A,31.96,37.34,5277,94,1.37,5.0,85,168652.92,-28390.26,4817,5277
P00352,Frozen,Product 352,Brand A,49.31,21.54,4602,51,1.78,3.7,66,226924.62,127797.54,1787,1939
P00353,Frozen,Product 353,Brand A,27.27,10.08,4869,87,1.02,2.6,37,132777.63,83698.11,4429,4869
P00354,Frozen,Product 354,Brand B,27.91,22.44,4638,49,0.78,4.9,75,129446.58,25369.86,4336,4427
P00355,Produce,Product 355,Brand A,3.23,14.15,2506,83,2.51,4.5,74,8094.38,-27365.52,2266,2506
P00356,Frozen,Product 356,Brand A,28.36,13.8,664,75,4.57,4.8,82,18831.04,9667.84,481,664
P00357,Bakery,Product 357,Brand A,6.69,6.92,4002,69,4.34,3.9,31,26773.38,-920.46,3692,4002
P00358,Produce,Product 358,Brand B,38.31,8.65,3247,20,0.52,4.9,60,124392.57,96306.02,1533,1792
P00359,Dairy,Product 359,Brand B,5.96,16.22,4704,10,4.53,4.5,18,28035.84,-48263.04,4244,4704
P00360,Beverages,Product 360,Brand D,30.97,1.95,4412,35,4.58,4.8,80,136639.64,128036.24,3981,4412
P00361,Frozen,Product 361,Brand A,22.51,32.64,3827,51,4.83,2.9,45,86145.77,-38767.51,3541,3827
P00362,Beverages,Product 362,Brand D,18.31,39.3,3580,71,1.06,3.1,63,65549.8,-75144.2,3504,3580
P00363,Snacks,Product 363,Brand B,47.13,37.21,4641,70,0.52,4.6,47,218730.33,46038.72,4344,4641
P00364,Produce,Product 364,Brand E,41.27,32.77,4918,86,1.47,3.8,75,202965.86,41803.0,2304,2666
P00365,Snacks,Product 365,Brand C,14.27,10.08,3034,94,1.77,4.6,52,43295.18,12712.46,2299,2482
P00366,Frozen,Product 366,Brand E,35.61,10.08,3691,71,3.19,3.2,14,131436.51,94231.23,3632,3691
P00367,Bakery,Product 367,Brand E,36.02,32.52,4611,83,0.9,4.3,90,166088.22,16138.5,4571,4611
P00368,Produce,Product 368,Brand A,37.92,25.81,4954,21,4.09,4.1,46,187855.68,59992.94,2829,2874
P00369,Beverages,Product 369,Brand A,49.35,23.46,3130,36,2.9,4.6,67,154465.5,81035.7,695,1101
P00370,Beverages,Product 370,Brand C,29.1,14.57,4025,76,0.52,3.5,72,117127.5,58483.25,4010,4025
P00371,Beverages,Product 371,Brand B,26.63,24.92,3816,37,2.63,2.8,60,101620.08,6525.36,3596,3816
P00372,Dairy,Product 372,Brand B,48.17,32.34,4055,75,4.57,3.5,81,195329.35,64190.65,3219,3492
P00373,Snacks,Product 373,Brand A,22.26,6.6,4975,37,4.37,2.7,52,110743.5,77908.5,3900,4087
P00374,Frozen,Product 374,Brand B,14.59,18.3,3100,30,3.43,3.0,76,45229.0,-11501.0,2736,3100
P00375,Dairy,Product 375,Brand C,15.37,14.26,3666,16,0.52,2.6,76,56346.42,4069.26,3170,3666
P00376,Produce,Product 376,Brand B,23.27,18.17,2948,23,3.17,3.0,74,68599.96,15034.8,2923,2948
P00377,Snacks,Product 377,Brand E,29.6,11.3,1891,48,3.02,4.9,71,55973.6,34605.3,1592,1891
P00378,Frozen,Product 378,Brand A,48.75,34.71,3608,82,3.37,4.2,97,175890.0,50656.32,3416,3608
P00379,Dairy,Product 379,Brand E,17.7,13.8,4181,96,4.19,2.6,72,74003.7,16305.9,4002,4181
P00380,Bakery,Product 380,Brand C,2.14,36.21,2470,71,3.07,4.1,39,5285.8,-84152.9,2409,2470
P00381,Beverages,Product 381,Brand A,4.4,26.01,5113,21,3.92,3.6,99,22497.2,-110491.93,4684,5113
P00382,Dairy,Product 382,Brand A,1.6,5.89,4091,47,0.75,4.0,47,6545.6,-17550.39,3960,4091
P00383,Dairy,Product 383,Brand C,16.82,1.29,3562,67,3.72,2.7,60,59912.84,55317.86,3313,3562
P00384,Frozen,Product 384,Brand D,33.95,22.3,3560,65,4.59,3.5,47,120862.0,41474.0,3396,3560
P00385,Frozen,Product 385,Brand B,21.79,11.76,4171,48,3.41,3.9,76,90886.09,41835.13,3692,4171
P00386,Frozen,Product 386,Brand A,39.79,6.85,4379,95,4.7,3.5,86,174240.41,144244.26,1623,1830
P00387,Beverages,Product 387,Brand B,43.56,23.8,3893,13,4.41,5.0,57,169579.08,76925.68,3655,3893
P00388,Dairy,Product 388,Brand E,48.17,17.3,4551,57,3.97,3.5,21,219221.67,140489.37,4359,4551
P00389,Frozen,Product 389,Brand E,32.12,35.92,4239,16,4.05,4.6,29,136156.68,-16108.2,1074,1102
P00390,Beverages,Product 390,Brand B,31.75,38.19,1877,69,2.66,4.8,81,59594.75,-12087.88,1770,1877
P00391,Dairy,Product 391,Brand B,14.81,15.13,4552,49,2.84,4.2,11,67415.12,-1456.64,4329,4552
P00392,Produce,Product 392,Brand D,39.79,37.82,5285,17,3.69,3.8,84,210290.15,10411.45,4905,5285
P00393,Frozen,Product 393,Brand E,33.95,37.1,4423,67,0.52,4.9,94,150160.85,-13932.45,3994,4423
P00394,Bakery,Product 394,Brand B,31.39,27.03,3478,66,2.23,3.0,64,109174.42,15164.08,2903,2987
P00395,Frozen,Product 395,Brand B,4.4,16.71,3612,44,1.64,4.9,15,15892.8,-44463.72,1631,2129
P00396,Bakery,Product 396,Brand B,35.1,35.86,4153,82,3.15,3.5,92,145770.3,-3156.28,3916,4153
P00397,Produce,Product 397,Brand A,17.7,16.44,4441,22,2.82,2.6,71,78605.7,5595.66,2312,2461
P00398,Beverages,Product 398,Brand A,48.17,16.22,5039,48,0.58,2.8,58,242728.63,160996.05,4756,5039
P00399,Frozen,Product 399,Brand C,49.35,9.87,4518,93,2.38,4.4,93,222963.3,178370.64,4179,4518
P00400,Beverages,Product 400,Brand B,9.69,14.26,1673,30,1.6,2.9,63,16211.37,-7645.61,681,781
P00401,Frozen,Product 401,Brand B,9.69,35.68,3989,56,3.85,3.5,19,38653.41,-103674.11,3657,3989
P00402,Frozen,Product 402,Brand A,41.27,14.89,3664,92,0.52,3.4,33,151213.28,96656.32,3629,3664
P00403,Snacks,Product 403,Brand A,13.26,15.37,4546,11,1.78,3.3,38,60279.96,-9592.06,2482,2914
P00404,Produce,Product 404,Brand C,25.65,29.94,2881,53,1.08,4.8,15,73897.65,-12359.49,2784,2881
P00405,Snacks,Product 405,Brand E,40.83,18.77,2039,39,2.42,4.3,67,83252.37,44980.34,330,686
P00406,Frozen,Product 406,Brand D,10.22,37.21,2836,96,4.47,3.9,87,28983.92,-76543.64,1983,2216
P00407,Frozen,Product 407,Brand D,23.72,15.13,4605,64,0.82,3.9,66,109230.6,39556.95,4198,4605
P00408,Frozen,Product 408,Brand A,37.97,11.14,2654,49,3.72,2.7,12,100772.38,71206.82,2011,2459
P00409,Snacks,Product 409,Brand A,2.14,37.21,3245,86,3.89,4.9,33,6944.3,-113802.15,784,797
P00410,Beverages,Product 410,Brand C,18.31,18.3,4522,33,2.31,4.4,28,82797.82,45.22,4276,4522
P00411,Snacks,Product 411,Brand B,48.15,28.68,2469,51,1.53,3.4,18,118882.35,48071.43,2055,2469
P00412,Frozen,Product 412,Brand D,4.99,7.25,4010,37,2.92,3.0,39,20009.9,-9062.6,1398,1856
P00413,Snacks,Product 413,Brand A,14.81,21.54,5072,60,0.98,4.8,86,75116.32,-34134.56,4583,5072
P00414,Frozen,Product 414,Brand A,8.01,2.11,2871,31,3.43,4.3,91,22996.71,16938.9,1468,1872
P00415,Beverages,Product 415,Brand D,5.79,26.01,4077,98,1.98,2.7,53,23605.83,-82436.94,2366,2628
P00416,Dairy,Product 416,Brand D,1.71,32.77,974,87,0.99,4.0,62,1665.54,-30252.44,751,974
P00417,Dairy,Product 417,Brand D,48.52,7.87,3398,83,3.85,4.9,95,164870.96,138128.7,2210,2613
P00418,Bakery,Product 418,Brand A,49.66,14.57,3649,83,4.05,2.6,77,181209.34,128043.41,3198,3649
P00419,Frozen,Product 419,Brand E,31.67,13.49,3144,17,3.79,3.9,69,99570.48,57157.92,2855,2929
P00420,Frozen,Product 420,Brand D,41.27,38.01,4101,23,4.37,3.1,32,169248.27,13369.26,3835,4101
P00421,Snacks,Product 421,Brand C,40.83,37.21,4332,54,0.52,2.7,70,176875.56,15681.84,4148,4332
P00422,Beverages,Product 422,Brand B,25.65,25.07,1554,47,3.11,4.8,16,39860.1,901.32,1277,1554
P00423,Beverages,Product 423,Brand C,4.57,21.05,2936,41,1.53,3.1,53,13417.52,-48385.28,2357,2740
P00424,Dairy,Product 424,Brand C,42.92,26.01,2778,71,2.38,2.9,64,119231.76,46975.98,1142,1198
P00425,Dairy,Product 425,Brand D,41.5,27.32,2742,76,2.17,4.5,84,113793.0,38881.56,2656,2713
P00426,Beverages,Product 426,Brand C,19.36,38.79,4170,93,4.69,3.4,48,80731.2,-81023.1,3784,4170
P00427,Snacks,Product 427,Brand C,44.62,16.71,3528,70,4.05,4.0,68,157419.36,98466.48,3035,3528
P00428,Produce,Product 428,Brand C,5.63,5.89,2923,22,0.78,4.1,14,16456.49,-759.98,1723,2018
P00429,Snacks,Product 429,Brand C,35.61,5.89,3318,96,0.99,4.5,51,118153.98,98610.96,2184,2245
P00430,Bakery,Product 430,Brand A,28.16,32.99,2744,92,4.69,4.6,98,77271.04,-13253.52,2554,2727
P00431,Frozen,Product 431,Brand C,4.4,19.51,3049,89,3.69,3.3,23,13415.6,-46070.39,2571,3049
P00432,Frozen,Product 432,Brand A,26.3,21.54,4988,56,4.96,4.6,36,131184.4,23742.88,4878,4988
P00433,Bakery,Product 433,Brand C,32.23,10.08,4522,63,3.0,3.0,25,145744.06,100162.3,2485,2897
P00434,Frozen,Product 434,Brand D,42.92,26.91,4365,80,3.41,4.7,11,187345.8,69883.65,1394,1540
P00435,Bakery,Product 435,Brand D,47.55,27.32,4182,61,4.37,3.6,28,198854.1,84601.86,4168,4182
P00436,Bakery,Product 436,Brand D,4.84,8.91,4009,81,4.47,4.6,32,19403.56,-16316.63,1018,1201
P00437,Bakery,Product 437,Brand C,19.92,17.02,5162,34,3.97,4.4,50,102827.04,14969.8,4847,5162
P00438,Dairy,Product 438,Brand C,2.24,23.68,2439,32,0.58,2.8,23,5463.36,-52292.16,1703,2068
P00439,Bakery,Product 439,Brand B,5.16,27.03,4898,83,4.57,3.9,56,25273.68,-107119.26,3095,3242
P00440,Bakery,Product 440,Brand D,31.84,7.89,3718,39,2.85,2.6,72,118381.12,89046.1,3486,3718
P00441,Snacks,Product 441,Brand D,32.12,19.96,3418,20,3.11,4.0,99,109786.16,41562.88,1181,1665
P00442,Bakery,Product 442,Brand A,39.79,1.54,3035,44,1.67,4.8,17,120762.65,116088.75,475,772
P00443,Frozen,Product 443,Brand B,48.5,9.99,1648,36,3.9,4.3,36,79928.0,63464.48,1508,1648
P00444,Dairy,Product 444,Brand E,39.96,2.29,2351,76,0.66,2.8,49,93945.96,88562.17,2203,2351
P00445,Produce,Product 445,Brand D,25.23,10.22,2903,56,3.0,4.2,37,73242.69,43574.03,116,534
P00446,Bakery,Product 446,Brand C,6.45,37.34,1371,59,3.4,2.6,77,8842.95,-42350.19,532,913
P00447,Frozen,Product 447,Brand D,22.02,39.5,4186,17,2.6,3.7,70,92175.72,-73171.28,4150,4186
P00448,Dairy,Product 448,Brand D,29.1,35.92,4200,64,2.95,4.4,47,122220.0,-28644.0,336,613
P00449,Beverages,Product 449,Brand D,47.57,15.55,4839,86,3.8,3.6,84,230191.23,154944.78,406,462
P00450,Beverages,Product 450,Brand B,1.53,8.65,5095,51,0.58,4.4,33,7795.35,-36276.4,4628,5095
P00451,Beverages,Product 451,Brand D,48.1,21.54,1868,76,1.64,4.0,37,89850.8,49614.08,123,164
P00452,Bakery,Product 452,Brand D,3.23,4.73,4250,29,4.6,3.9,50,13727.5,-6375.0,3409,3792
P00453,Bakery,Product 453,Brand E,19.34,14.57,2391,54,4.8,3.6,27,46241.94,11405.07,1113,1282
P00454,Frozen,Product 454,Brand B,19.37,18.7,2472,44,3.97,4.6,58,47882.64,1656.24,780,951
P00455,Snacks,Product 455,Brand C,34.47,7.31,4595,86,0.7,3.7,94,158389.65,124800.2,1948,2054
P00456,Bakery,Product 456,Brand C,20.07,4.93,1842,29,1.6,2.7,35,36968.94,27887.88,1615,1842
P00457,Bakery,Product 457,Brand A,21.22,34.66,4957,33,5.0,4.4,12,105187.54,-66622.08,1051,1507
P00458,Snacks,Product 458,Brand D,39.96,39.3,4535,66,4.2,4.0,86,181218.6,2993.1,514,600
P00459,Beverages,Product 459,Brand C,18.31,5.6,5439,64,1.54,4.6,47,99588.09,69129.69,4948,5439
P00460,Beverages,Product 460,Brand D,47.58,15.4,2764,18,0.82,3.6,23,131511.12,88945.52,1523,1817
P00461,Dairy,Product 461,Brand D,23.33,1.07,4757,98,4.41,3.1,10,110980.81,105890.82,4611,4757
P00462,Frozen,Product 462,Brand D,31.96,10.27,5136,25,0.91,2.7,20,164146.56,111399.84,4872,5136
P00463,Dairy,Product 463,Brand B,48.75,20.38,2794,64,0.8,2.7,49,136207.5,79265.78,2547,2794
P00464,Produce,Product 464,Brand B,6.82,31.01,3973,81,3.8,4.4,13,27095.86,-96106.87,2288,2738
P00465,Beverages,Product 465,Brand D,11.96,21.72,3439,67,0.99,3.9,43,41130.44,-33564.64,3291,3439
P00466,Dairy,Product 466,Brand D,21.79,27.32,1905,73,0.84,2.8,74,41509.95,-10534.65,549,1002
P00467,Produce,Product 467,Brand C,6.74,1.64,3476,85,0.82,4.0,65,23428.24,17727.6,3035,3476
P00468,Dairy,Product 468,Brand A,35.61,5.98,4014,97,0.67,3.6,19,142938.54,118934.82,3276,3638
P00469,Produce,Product 469,Brand A,19.92,7.31,3429,58,0.67,3.3,90,68305.68,43239.69,191,413
P00470,Produce,Product 470,Brand B,19.16,38.02,4988,38,4.46,3.1,80,95570.08,-94073.68,4616,4762
P00471,Bakery,Product 471,Brand A,23.96,19.64,2807,88,2.71,2.9,73,67255.72,12126.24,2699,2807
P00472,Snacks,Product 472,Brand C,19.44,6.54,3495,91,0.54,3.7,22,67942.8,45085.5,3051,3495
P00473,Snacks,Product 473,Brand C,27.91,22.3,3440,16,1.06,4.8,31,96010.4,19298.4,3225,3440
P00474,Produce,Product 474,Brand E,14.81,6.85,4063,86,0.51,4.8,65,60173.03,32341.48,3818,4063
P00475,Bakery,Product 475,Brand D,14.59,1.54,1886,92,4.83,3.1,74,27516.74,24612.3,1637,1767
P00476,Snacks,Product 476,Brand B,40.83,11.3,3694,78,0.79,3.7,22,150826.02,109083.82,3268,3694
P00477,Beverages,Product 477,Brand B,49.35,15.07,2059,99,1.75,4.6,10,101611.65,70582.52,1995,2059
P00478,Frozen,Product 478,Brand E,44.88,35.86,1820,11,4.83,2.8,47,81681.6,16416.4,284,584
P00479,Bakery,Product 479,Brand B,37.87,34.16,3913,42,0.7,4.1,67,148185.31,14517.23,1556,1991
P00480,Dairy,Product 480,Brand B,13.26,24.92,3450,57,2.66,3.6,34,45747.0,-40227.0,1594,1951
P00481,Frozen,Product 481,Brand A,35.09,10.27,1610,46,0.79,4.6,51,56494.9,39960.2,1248,1610
P00482,Snacks,Product 482,Brand B,21.04,9.99,3729,98,4.24,3.8,94,78458.16,41205.45,3505,3729
P00483,Bakery,Product 483,Brand D,29.2,16.44,3394,98,1.08,3.2,42,99104.8,43307.44,1387,1452
P00484,Bakery,Product 484,Brand A,46.61,7.25,3064,39,2.26,4.3,66,142813.04,120599.04,2338,2825
P00485,Dairy,Product 485,Brand B,4.57,37.21,4541,50,4.48,2.7,46,20752.37,-148218.24,1973,2038
P00486,Beverages,Product 486,Brand A,15.37,19.94,4352,13,3.02,2.9,66,66890.24,-19888.64,1850,2224
P00487,Dairy,Product 487,Brand E,14.77,8.65,1830,92,0.66,3.6,71,27029.1,11199.6,1344,1724
P00488,Snacks,Product 488,Brand C,5.12,31.01,2528,48,2.85,3.0,12,12943.36,-65449.92,2346,2528
P00489,Bakery,Product 489,Brand C,49.35,14.65,1379,33,1.66,4.1,39,68053.65,47851.3,273,770
P00490,Dairy,Product 490,Brand E,47.55,3.93,4520,59,2.82,3.7,76,214926.0,197162.4,4412,4520
P00491,Produce,Product 491,Brand E,39.69,9.87,3728,46,2.56,3.6,72,147964.32,111168.96,3377,3728
P00492,Beverages,Product 492,Brand C,17.7,19.22,2559,62,1.35,2.5,91,45294.3,-3889.68,2121,2544
P00493,Snacks,Product 493,Brand D,48.17,23.95,4397,34,4.48,4.4,32,211803.49,106495.34,1496,1888
P00494,Beverages,Product 494,Brand A,45.23,18.64,1340,40,2.85,3.7,81,60608.2,35630.6,273,596
P00495,Snacks,Product 495,Brand E,22.51,29.17,4354,47,4.37,3.0,82,98008.54,-28997.64,3494,3605
P00496,Bakery,Product 496,Brand B,15.37,16.16,2799,67,1.47,4.0,75,43020.63,-2211.21,2723,2799
P00497,Produce,Product 497,Brand A,44.62,21.72,4980,62,1.54,3.1,70,222207.6,114042.0,2988,3238
P00498,Frozen,Product 498,Brand D,28.36,18.3,2600,59,3.19,2.5,11,73736.0,26156.0,2346,2587
P00499,Bakery,Product 499,Brand D,45.36,8.65,3404,13,1.98,4.6,36,154405.44,124960.84,3178,3404
P00500,Produce,Product 500,Brand B,46.61,5.79,4659,61,4.83,3.5,57,217155.99,190180.38,3151,3456
P00501,Bakery,Product 501,Brand C,6.45,20.19,5302,40,1.33,2.8,72,34197.9,-72849.48,4829,5302
P00502,Snacks,Product 502,Brand A,6.76,11.3,1987,96,4.69,3.6,14,13432.12,-9020.98,1799,1963
P00503,Bakery,Product 503,Brand D,20.07,14.26,2047,87,3.82,3.9,10,41083.29,11893.07,1062,1325
P00504,Frozen,Product 504,Brand A,45.23,32.08,3206,23,3.37,4.8,31,145007.38,42158.9,3191,3206
P00505,Produce,Product 505,Brand E,14.82,26.91,4225,10,1.6,4.7,83,62614.5,-51080.25,3884,4225
P00506,Bakery,Product 506,Brand B,14.77,21.05,3790,52,3.15,4.0,33,55978.3,-23801.2,1944,2097
P00507,Beverages,Product 507,Brand B,16.63,3.67,5289,68,4.83,3.1,68,87956.07,68545.44,4793,5289
P00508,Produce,Product 508,Brand E,37.92,16.22,3792,70,1.28,4.5,88,143792.64,82286.4,3351,3792
P00509,Dairy,Product 509,Brand C,32.52,14.15,4762,50,3.0,3.9,59,154860.24,87477.94,1850,1888
P00510,Frozen,Product 510,Brand A,6.69,3.67,1547,27,0.76,4.7,32,10349.43,4671.94,992,1029
P00511,Frozen,Product 511,Brand D,48.1,27.55,4652,69,2.4,3.4,87,223761.2,95598.6,314,436
P00512,Frozen,Product 512,Brand B,25.65,21.54,3801,78,4.95,4.0,27,97495.65,15622.11,3529,3801
P00513,Dairy,Product 513,Brand E,37.16,10.47,4001,88,3.43,2.7,98,148677.16,106786.69,3744,4001
P00514,Beverages,Product 514,Brand E,35.21,21.05,3194,68,0.99,3.9,31,112460.74,45227.04,2715,2890
P00515,Beverages,Product 515,Brand B,6.76,11.9,2001,51,0.7,3.7,53,13526.76,-10285.14,705,1141
P00516,Dairy,Product 516,Brand D,29.7,20.38,1509,89,2.63,3.8,53,44817.3,14063.88,651,944
P00517,Bakery,Product 517,Brand C,14.27,9.53,4815,45,4.24,4.2,46,68710.05,22823.1,4514,4815
P00518,Bakery,Product 518,Brand C,31.96,28.31,2755,49,1.02,3.3,16,88049.8,10055.75,2613,2755
P00519,Frozen,Product 519,Brand D,45.36,18.64,5365,39,4.41,4.7,99,243356.4,143352.8,4924,5365
P00520,Dairy,Product 520,Brand D,6.05,37.82,3893,96,2.82,3.4,33,23552.65,-123680.61,1277,1439
P00521,Beverages,Product 521,Brand A,41.96,14.35,4996,20,1.33,2.7,86,209632.16,137939.56,4546,4996
P00522,Beverages,Product 522,Brand D,23.45,2.29,2764,34,1.35,4.3,50,64815.8,58486.24,1583,1998
P00523,Dairy,Product 523,Brand A,4.46,1.95,3750,54,1.04,2.7,79,16725.0,9412.5,3411,3750
P00524,Produce,Product 524,Brand D,23.96,34.16,4852,60,3.2,3.3,94,116253.92,-49490.4,4385,4852
P00525,Snacks,Product 525,Brand D,19.34,5.98,3303,52,2.63,4.4,80,63880.02,44128.08,1645,2073
P00526,Bakery,Product 526,Brand A,19.16,18.64,2896,75,4.28,4.8,27,55487.36,1505.92,1596,1619
P00527,Beverages,Product 527,Brand B,4.49,32.99,5232,56,4.96,2.9,88,23491.68,-149112.0,4882,5232
P00528,Dairy,Product 528,Brand B,14.59,10.69,4912,33,2.51,2.7,81,71666.08,19156.8,172,509
P00529,Frozen,Product 529,Brand B,44.5,31.45,4202,86,4.28,4.6,69,186989.0,54836.1,4136,4202
P00530,Bakery,Product 530,Brand A,6.82,3.73,2721,46,2.56,4.1,61,18557.22,8407.89,2326,2721
P00531,Snacks,Product 531,Brand D,19.37,24.43,2735,65,1.53,2.8,89,52976.95,-13839.1,1190,1623
P00532,Frozen,Product 532,Brand C,23.45,34.69,2178,84,4.34,4.6,58,51074.1,-24480.72,1716,2178
P00533,Bakery,Product 533,Brand C,6.82,5.89,4761,96,0.67,4.1,76,32470.02,4427.73,4272,4761
P00534,Produce,Product 534,Brand D,6.69,21.05,4960,55,3.76,3.5,54,33182.4,-71225.6,4902,4960
P00535,Snacks,Product 535,Brand B,14.81,6.6,4103,37,2.85,4.9,18,60765.43,33685.63,1087,1116
P00536,Frozen,Product 536,Brand D,40.91,35.92,3504,61,1.91,3.7,35,143348.64,17484.96,2215,2298
P00537,Produce,Product 537,Brand D,27.74,23.46,2167,24,2.01,4.0,35,60112.58,9274.76,1691,2167
P00538,Snacks,Product 538,Brand E,36.58,1.54,4726,54,4.37,4.3,39,172877.08,165599.04,687,1122
P00539,Snacks,Product 539,Brand B,29.59,2.05,3440,67,2.38,4.9,36,101789.6,94737.6,942,1071
P00540,Dairy,Product 540,Brand A,16.17,35.01,3882,76,0.67,3.6,89,62771.94,-73136.88,3749,3882
P00541,Beverages,Product 541,Brand E,14.59,7.49,4338,82,3.02,5.0,13,63291.42,30799.8,3716,3831
P00542,Snacks,Product 542,Brand B,25.23,31.67,2324,81,2.66,4.6,60,58634.52,-14966.56,1665,1699
P00543,Bakery,Product 543,Brand A,32.52,36.87,4596,82,0.52,4.0,92,149461.92,-19992.6,3709,3834
P00544,Frozen,Product 544,Brand D,9.49,2.11,3107,90,2.55,3.1,79,29485.43,22929.66,3029,3107
P00545,Snacks,Product 545,Brand D,26.63,22.66,1096,50,4.18,2.5,88,29186.48,4351.12,821,1096
P00546,Frozen,Product 546,Brand B,3.25,7.79,2248,74,2.63,4.2,19,7306.0,-10205.92,1904,2248
P00547,Beverages,Product 547,Brand D,25.09,18.3,4687,49,2.14,3.8,45,117596.83,31824.73,4519,4687
P00548,Produce,Product 548,Brand E,17.7,13.49,3375,14,2.85,3.5,55,59737.5,14208.75,3294,3375
P00549,Bakery,Product 549,Brand D,49.53,18.7,1204,84,4.76,3.0,15,59634.12,37119.32,754,1204
P00550,Beverages,Product 550,Brand B,19.16,34.06,2029,37,3.3,4.3,79,38875.64,-30232.1,244,339
P00551,Dairy,Product 551,Brand D,9.69,8.85,2560,47,2.32,2.5,88,24806.4,2150.4,1796,2005
P00552,Produce,Product 552,Brand B,29.63,18.17,4787,90,3.15,2.7,98,141838.81,54859.02,4339,4787
P00553,Dairy,Product 553,Brand E,40.91,21.05,4034,96,5.0,2.9,92,165030.94,80115.24,2811,2883
P00554,Snacks,Product 554,Brand D,8.01,8.65,2094,27,4.76,4.1,87,16772.94,-1340.16,992,1486
P00555,Frozen,Product 555,Brand A,35.1,14.15,3033,46,2.85,3.6,12,106458.3,63541.35,2664,2809
P00556,Beverages,Product 556,Brand C,24.2,18.77,4428,36,4.98,4.5,59,107157.6,24044.04,4390,4428
P00557,Beverages,Product 557,Brand E,37.16,9.53,4332,34,0.76,3.8,51,160977.12,119693.16,3654,4128
P00558,Frozen,Product 558,Brand C,47.58,13.44,3468,78,2.84,2.9,87,165007.44,118397.52,1760,1931
P00559,Snacks,Product 559,Brand E,5.47,2.73,3880,92,1.57,3.7,63,21223.6,10631.2,3646,3686
P00560,Frozen,Product 560,Brand A,17.7,5.23,3049,36,2.2,2.7,48,53967.3,38021.03,2876,3049
P00561,Dairy,Product 561,Brand D,40.83,8.1,4454,86,3.62,2.5,94,181856.82,145779.42,4020,4444
P00562,Beverages,Product 562,Brand C,37.92,13.22,2274,63,4.92,4.1,64,86230.08,56167.8,1236,1435
P00563,Produce,Product 563,Brand C,28.16,7.87,4572,16,4.69,4.5,20,128747.52,92765.88,1399,1775
P00564,Bakery,Product 564,Brand D,47.57,19.96,2967,99,2.26,3.0,83,141140.19,81918.87,2623,2967
P00565,Frozen,Product 565,Brand E,10.22,25.0,4676,87,3.15,2.5,88,47788.72,-69111.28,3349,3571
P00566,Dairy,Product 566,Brand D,42.92,23.68,4393,36,4.48,3.5,39,188547.56,84521.32,1760,1850
P00567,Bakery,Product 567,Brand A,35.09,3.73,4361,68,4.6,3.3,90,153027.49,136760.96,1414,1700
P00568,Bakery,Product 568,Brand A,31.96,23.95,4858,81,1.33,2.8,65,155261.68,38912.58,533,696
P00569,Bakery,Product 569,Brand D,5.16,19.94,5062,40,1.31,2.8,38,26119.92,-74816.36,4612,5062
P00570,Produce,Product 570,Brand B,39.79,39.99,2408,77,2.29,2.9,26,95814.32,-481.6,1958,2386
P00571,Bakery,Product 571,Brand C,16.17,20.71,3904,13,0.98,2.9,42,63127.68,-17724.16,810,1198
P00572,Dairy,Product 572,Brand A,28.36,37.21,685,27,2.55,4.2,30,19426.6,-6062.25,237,685
P00573,Dairy,Product 573,Brand D,43.56,27.55,4266,72,2.32,4.0,87,185826.96,68298.66,3660,3793
P00574,Snacks,Product 574,Brand A,14.27,6.92,2285,96,0.52,4.4,19,32606.95,16794.75,1853,2285
P00575,Beverages,Product 575,Brand E,19.23,23.08,4390,85,2.63,3.5,96,84419.7,-16901.5,2956,3278
P00576,Frozen,Product 576,Brand C,35.1,34.56,1635,61,2.0,4.0,48,57388.5,882.9,1284,1635
P00577,Frozen,Product 577,Brand E,31.82,34.71,3039,93,2.55,4.3,87,96700.98,-8782.71,833,1116
P00578,Beverages,Product 578,Brand E,1.71,24.43,2103,72,2.6,3.9,56,3596.13,-47780.16,1951,2103
P00579,Beverages,Product 579,Brand B,32.81,36.48,2234,54,1.57,4.9,95,73297.54,-8198.78,1453,1765
P00580,Beverages,Product 580,Brand E,35.35,15.4,2291,21,2.65,4.0,61,80986.85,45705.45,494,539
P00581,Bakery,Product 581,Brand B,37.56,5.98,4851,17,1.47,2.8,50,182203.56,153194.58,2617,2941
P00582,Beverages,Product 582,Brand C,8.67,36.87,4803,31,3.43,3.7,56,41642.01,-135444.6,3427,3839
P00583,Bakery,Product 583,Brand C,21.79,23.08,4415,50,3.97,4.1,82,96202.85,-5695.35,4154,4415
P00584,Dairy,Product 584,Brand D,23.72,39.5,2385,50,2.58,3.2,96,56572.2,-37635.3,2166,2385
P00585,Produce,Product 585,Brand C,26.86,5.56,4086,90,0.67,3.9,80,109749.96,87031.8,346,454
P00586,Dairy,Product 586,Brand D,9.49,2.55,3285,66,1.84,3.8,97,31174.65,22797.9,3238,3285
P00587,Beverages,Product 587,Brand D,5.79,37.34,1230,41,0.66,4.1,52,7121.7,-38806.5,441,574
P00588,Beverages,Product 588,Brand C,6.79,10.22,3332,64,1.78,4.0,46,22624.28,-11428.76,3071,3332
P00589,Produce,Product 589,Brand E,8.67,16.89,4044,15,0.67,3.1,82,35061.48,-33241.68,3868,4044
P00590,Beverages,Product 590,Brand A,31.18,15.99,2655,48,1.98,2.7,73,82782.9,40329.45,2534,2655
P00591,Frozen,Product 591,Brand D,19.92,30.33,770,18,1.97,4.6,80,15338.4,-8015.7,441,770
P00592,Produce,Product 592,Brand C,9.49,25.81,4889,41,3.62,3.6,69,46396.61,-79788.48,207,510
P00593,Frozen,Product 593,Brand A,26.86,33.61,5018,45,0.67,3.6,96,134783.48,-33871.5,4828,5018
P00594,Bakery,Product 594,Brand E,4.99,7.25,5202,25,2.38,3.9,34,25957.98,-11756.52,4791,5202
P00595,Produce,Product 595,Brand B,45.36,22.3,4688,21,2.4,4.0,31,212647.68,108105.28,1896,2156
P00596,Bakery,Product 596,Brand A,32.12,31.01,4957,50,3.85,2.9,52,159218.84,5502.27,4780,4957
P00597,Produce,Product 597,Brand C,33.35,19.01,3096,76,4.47,4.2,80,103251.6,44396.64,2624,3096
P00598,Produce,Product 598,Brand C,39.69,9.99,2831,67,2.38,3.7,79,112362.39,84080.7,2484,2831
P00599,Snacks,Product 599,Brand A,35.21,15.55,3696,18,0.72,3.7,45,130136.16,72663.36,3631,3696
P00600,Bakery,Product 600,Brand A,31.96,7.25,3216,26,2.59,3.3,55,102783.36,79467.36,2460,2812
P00601,Bakery,Product 601,Brand E,27.93,4.52,1977,14,4.47,4.0,31,55217.61,46281.57,708,1044
P00602,Bakery,Product 602,Brand D,29.59,39.99,4500,35,4.12,4.9,44,133155.0,-46800.0,2741,3084
P00603,Frozen,Product 603,Brand D,31.82,1.07,3166,94,4.34,4.1,56,100742.12,97354.5,2447,2667
P00604,Produce,Product 604,Brand D,25.76,5.59,3156,10,4.69,2.7,42,81298.56,63656.52,2839,3156
P00605,Produce,Product 605,Brand A,39.96,10.27,5071,10,3.51,2.9,94,202637.16,150557.99,4923,5071
P00606,Snacks,Product 606,Brand D,40.37,32.99,4896,44,4.95,4.3,84,197651.52,36132.48,4431,4896
P00607,Bakery,Product 607,Brand B,6.69,19.94,3580,18,4.92,3.5,22,23950.2,-47435.0,310,410
P00608,Bakery,Product 608,Brand D,10.59,29.17,839,96,4.05,4.5,65,8885.01,-15588.62,385,504
P00609,Beverages,Product 609,Brand D,27.91,35.92,2679,47,4.08,4.0,76,74770.89,-21458.79,2570,2679
P00610,Bakery,Product 610,Brand E,18.44,20.71,1997,13,2.26,3.6,22,36824.68,-4533.19,593,985
P00611,Bakery,Product 611,Brand E,5.94,1.29,2292,61,1.04,3.1,59,13614.48,10657.8,1117,1199
P00612,Beverages,Product 612,Brand A,18.31,5.27,3603,28,2.51,4.1,66,65970.93,46983.12,3590,3603
P00613,Dairy,Product 613,Brand D,15.37,4.99,3441,14,3.4,3.7,37,52888.17,35717.58,2984,3441
P00614,Bakery,Product 614,Brand A,49.66,16.16,3706,57,4.18,4.7,96,184039.96,124151.0,2914,3335
P00615,Snacks,Product 615,Brand A,20.02,14.15,2567,96,3.02,2.5,97,51391.34,15068.29,2089,2567
P00616,Frozen,Product 616,Brand A,28.14,6.54,1500,72,1.47,2.6,74,42210.0,32400.0,622,921
P00617,Produce,Product 617,Brand A,29.6,14.35,2558,47,1.78,4.0,33,75716.8,39009.5,2466,2558
P00618,Produce,Product 618,Brand A,23.27,38.81,4932,61,0.7,4.0,76,114767.64,-76643.28,3550,3788
P00619,Bakery,Product 619,Brand A,15.0,6.54,2892,96,4.28,3.1,90,43380.0,24466.32,1756,1940
P00620,Snacks,Product 620,Brand D,38.31,6.85,3342,55,4.41,4.0,16,128032.02,105139.32,3164,3342
P00621,Dairy,Product 621,Brand E,24.2,34.56,3998,91,3.79,2.7,83,96751.6,-41419.28,2842,3052
P00622,Bakery,Product 622,Brand A,45.36,15.13,1444,18,3.07,4.6,92,65499.84,43652.12,689,965
P00623,Dairy,Product 623,Brand A,32.23,37.21,4122,59,2.89,3.7,33,132852.06,-20527.56,734,1038
P00624,Beverages,Product 624,Brand D,2.14,7.31,4496,83,4.34,4.0,18,9621.44,-23244.32,4140,4496
P00625,Produce,Product 625,Brand A,49.53,10.47,582,75,0.91,2.7,24,28826.46,22732.92,307,582
P00626,Beverages,Product 626,Brand D,40.83,36.87,3122,86,4.59,4.8,65,127471.26,12363.12,2333,2658
P00627,Bakery,Product 627,Brand C,27.27,27.77,4104,47,4.53,4.0,95,111916.08,-2052.0,1076,1558
P00628,Frozen,Product 628,Brand B,45.41,19.96,4522,36,0.54,3.7,26,205344.02,115084.9,2164,2437
P00629,Produce,Product 629,Brand A,44.67,32.61,2509,29,4.95,3.4,28,112077.03,30258.54,1413,1825
P00630,Beverages,Product 630,Brand B,21.79,21.54,4485,71,0.66,3.6,18,97728.15,1121.25,4449,4485
P00631,Snacks,Product 631,Brand A,23.45,24.43,3321,83,0.91,3.5,73,77877.45,-3254.58,1070,1492
P00632,Produce,Product 632,Brand B,23.96,13.22,5284,25,2.66,3.9,66,126604.64,56750.16,4806,5284
P00633,Produce,Product 633,Brand A,3.23,3.67,1917,88,3.15,4.8,47,6191.91,-843.48,1579,1917
P00634,Produce,Product 634,Brand C,31.29,29.94,3519,22,0.66,4.0,92,110109.51,4750.65,1270,1340
P00635,Frozen,Product 635,Brand E,48.2,39.87,3401,29,4.83,4.7,17,163928.2,28330.33,3285,3401
P00636,Dairy,Product 636,Brand D,35.09,17.02,4897,33,4.81,4.9,15,171835.73,88488.79,1499,1909
P00637,Beverages,Product 637,Brand C,47.58,8.91,5164,59,3.76,3.8,58,245703.12,199691.88,4701,5164
P00638,Produce,Product 638,Brand A,36.02,26.01,3701,16,3.0,3.7,54,133310.02,37047.01,3493,3494
P00639,Produce,Product 639,Brand A,47.13,39.21,2928,96,1.02,4.2,30,137996.64,23189.76,2475,2556
P00640,Beverages,Product 640,Brand A,34.47,18.7,5023,97,4.48,3.4,43,173142.81,79212.71,4544,5023
P00641,Beverages,Product 641,Brand B,4.81,2.91,4799,38,0.52,4.7,21,23083.19,9118.1,298,684
P00642,Bakery,Product 642,Brand A,10.22,9.87,3768,14,3.97,4.9,48,38508.96,1318.8,3348,3768
P00643,Snacks,Product 643,Brand C,29.1,31.01,4044,44,0.7,4.1,15,117680.4,-7724.04,1247,1687
P00644,Produce,Product 644,Brand C,35.35,7.17,4841,74,0.76,2.7,90,171129.35,136419.38,4806,4841
P00645,Dairy,Product 645,Brand A,4.49,23.68,4518,91,0.72,3.5,41,20285.82,-86700.42,4135,4518
P00646,Dairy,Product 646,Brand A,6.79,23.05,2665,79,4.12,4.4,69,18095.35,-43332.9,2382,2665
P00647,Bakery,Product 647,Brand E,31.39,4.52,2020,96,2.84,2.6,17,63407.8,54277.4,1825,2020
P00648,Beverages,Product 648,Brand C,25.76,24.92,4552,83,0.75,4.3,47,117259.52,3823.68,1417,1601
P00649,Frozen,Product 649,Brand D,34.47,7.25,5026,16,4.83,2.9,28,173246.22,136807.72,4980,5026
P00650,Bakery,Product 650,Brand A,14.27,31.01,4896,53,1.37,4.9,64,69865.92,-81959.04,4068,4216
P00651,Produce,Product 651,Brand A,33.28,6.31,3453,81,4.92,2.9,18,114915.84,93127.41,3189,3453
P00652,Snacks,Product 652,Brand A,19.36,22.66,3629,22,2.32,3.9,61,70257.44,-11975.7,1526,1619
P00653,Beverages,Product 653,Brand C,4.49,39.3,2856,91,4.46,3.0,37,12823.44,-99417.36,2528,2856
P00654,Produce,Product 654,Brand E,40.91,26.87,2430,87,2.59,3.9,71,99411.3,34117.2,1941,2430
P00655,Bakery,Product 655,Brand D,42.4,15.13,5077,84,4.7,2.9,57,215264.8,138449.79,4963,5077
P00656,Frozen,Product 656,Brand D,40.83,37.1,4340,47,4.96,4.9,48,177202.2,16188.2,3993,4340
P00657,Bakery,Product 657,Brand D,16.63,4.52,2873,22,4.2,2.9,62,47777.99,34792.03,2244,2526
P00658,Beverages,Product 658,Brand A,16.68,21.72,1696,63,4.34,2.8,72,28289.28,-8547.84,1593,1696
P00659,Bakery,Product 659,Brand B,43.06,15.07,1754,53,3.8,4.3,28,75527.24,49094.46,804,1006
P00660,Dairy,Product 660,Brand D,1.89,13.44,4143,22,4.44,3.2,42,7830.27,-47851.65,1868,1930
P00661,Snacks,Product 661,Brand B,45.36,37.21,1263,34,2.55,3.3,73,57289.68,10293.45,1169,1263
P00662,Bakery,Product 662,Brand E,18.31,5.54,4391,33,3.9,4.9,35,80399.21,56073.07,3974,4391
P00663,Bakery,Product 663,Brand B,14.77,24.92,2700,38,3.97,4.1,54,39879.0,-27405.0,2383,2700
P00664,Dairy,Product 664,Brand D,47.13,33.76,3626,79,4.28,4.4,10,170893.38,48479.62,868,1096
P00665,Dairy,Product 665,Brand D,33.35,32.64,4227,27,1.67,4.0,84,140970.45,3001.17,3823,4227
P00666,Dairy,Product 666,Brand E,1.56,30.89,2184,14,4.22,4.9,75,3407.04,-64056.72,359,427
P00667,Snacks,Product 667,Brand A,32.12,31.45,4888,27,3.69,2.9,44,157002.56,3274.96,3043,3514
P00668,Bakery,Product 668,Brand C,4.81,5.56,2525,72,4.95,4.0,86,12145.25,-1893.75,1687,1972
P00669,Snacks,Product 669,Brand A,35.21,25.07,4595,46,0.67,3.0,54,161789.95,46593.3,183,485
P00670,Frozen,Product 670,Brand A,47.13,1.54,5085,80,3.85,3.1,85,239656.05,231825.15,4605,5085
P00671,Produce,Product 671,Brand E,5.47,7.25,4147,64,4.98,3.4,42,22684.09,-7381.66,3661,3826
P00672,Snacks,Product 672,Brand B,44.5,19.01,2840,82,0.79,2.7,91,126380.0,72391.6,1739,1840
P00673,Dairy,Product 673,Brand C,3.22,21.72,2736,21,2.85,4.0,78,8809.92,-50616.0,2493,2736
P00674,Frozen,Product 674,Brand D,48.17,38.02,3160,61,4.19,3.8,92,152217.2,32074.0,3070,3160
P00675,Frozen,Product 675,Brand A,16.17,3.93,3578,66,1.75,2.6,40,57856.26,43794.72,2784,3221
P00676,Beverages,Product 676,Brand B,48.15,19.94,3609,55,2.63,2.9,73,173773.35,101809.89,2330,2719
P00677,Dairy,Product 677,Brand C,49.53,7.35,3586,53,3.41,3.4,24,177614.58,151257.48,3498,3586
P00678,Produce,Product 678,Brand B,19.36,17.02,3864,33,0.79,2.9,55,74807.04,9041.76,3737,3864
P00679,Bakery,Product 679,Brand E,31.96,32.77,1020,18,2.26,2.9,57,32599.2,-826.2,913,1020
P00680,Dairy,Product 680,Brand B,44.0,32.61,4450,21,2.95,4.4,77,195800.0,50685.5,3847,4169
P00681,Beverages,Product 681,Brand D,3.25,13.22,1394,18,2.55,4.9,92,4530.5,-13898.18,995,1394
P00682,Frozen,Product 682,Brand D,6.05,32.34,1062,31,4.92,5.0,94,6425.1,-27919.98,760,1062
P00683,Dairy,Product 683,Brand D,16.82,8.1,3443,26,0.66,4.2,49,57911.26,30022.96,2949,3443
P00684,Produce,Product 684,Brand E,10.22,37.1,3029,42,2.71,2.8,10,30956.38,-81419.52,2525,3013
P00685,Bakery,Product 685,Brand E,38.13,5.98,2375,56,0.54,4.4,29,90558.75,76356.25,1210,1454
P00686,Frozen,Product 686,Brand B,25.65,30.33,4030,97,1.02,3.7,31,103369.5,-18860.4,3845,4030
P00687,Dairy,Product 687,Brand A,8.67,14.89,2474,24,2.26,3.5,63,21449.58,-15388.28,1258,1522
P00688,Beverages,Product 688,Brand D,25.14,10.27,4571,42,4.53,3.2,86,114914.94,67970.77,2237,2658
P00689,Frozen,Product 689,Brand D,4.49,11.3,3176,24,4.53,3.1,74,14260.24,-21628.56,1940,2041
P00690,Produce,Product 690,Brand D,38.13,36.87,2451,36,2.9,4.0,24,93456.63,3088.26,2010,2451
P00691,Snacks,Product 691,Brand A,23.27,11.5,4017,70,2.23,3.9,70,93475.59,47280.09,3764,4017
P00692,Frozen,Product 692,Brand A,19.36,20.19,3509,77,4.48,2.7,88,67934.24,-2912.47,3010,3152
P00693,Produce,Product 693,Brand D,25.14,22.44,4909,91,4.54,4.5,23,123412.26,13254.3,842,1231
P00694,Dairy,Product 694,Brand B,37.16,13.49,3551,94,1.64,3.4,78,131955.16,84052.17,3260,3513
P00695,Frozen,Product 695,Brand A,48.15,22.3,3597,57,2.56,4.9,58,173195.55,92982.45,1416,1489
P00696,Produce,Product 696,Brand C,4.81,6.5,4855,17,0.58,3.4,15,23352.55,-8204.95,4641,4855
P00697,Bakery,Product 697,Brand C,43.06,10.08,4284,15,4.58,4.9,50,184469.04,141286.32,3905,4284
P00698,Frozen,Product 698,Brand A,15.37,31.01,4627,72,3.79,3.7,40,71116.99,-72366.28,1140,1439
P00699,Bakery,Product 699,Brand C,42.92,32.64,2264,93,2.83,3.4,99,97170.88,23273.92,1831,2264
P00700,Dairy,Product 700,Brand D,37.56,30.03,3668,11,3.19,2.9,73,137770.08,27620.04,1755,2134
P00701,Snacks,Product 701,Brand E,37.87,30.89,4726,31,2.71,3.7,98,178973.62,32987.48,1667,2159
P00702,Snacks,Product 702,Brand C,38.13,1.29,3772,30,4.96,4.0,60,143826.36,138960.48,1910,2082
P00703,Snacks,Product 703,Brand B,4.84,11.14,3133,15,3.33,3.6,68,15163.72,-19737.9,2428,2868
P00704,Snacks,Product 704,Brand D,29.6,20.38,3420,79,2.01,2.7,64,101232.0,31532.4,3116,3420
P00705,Frozen,Product 705,Brand A,14.77,30.03,2756,22,2.26,3.7,58,40706.12,-42056.56,1594,2008
P00706,Bakery,Product 706,Brand E,24.2,11.71,4863,10,4.08,4.4,49,117684.6,60738.87,704,1121
P00707,Snacks,Product 707,Brand D,41.27,4.52,3357,31,0.8,4.1,24,138543.39,123369.75,577,1075
P00708,Snacks,Product 708,Brand A,47.58,15.55,5035,33,4.37,3.4,79,239565.3,161271.05,4805,5035
P00709,Bakery,Product 709,Brand E,1.89,34.56,2867,73,4.69,4.0,74,5418.63,-93664.89,241,662
P00710,Dairy,Product 710,Brand D,35.61,35.86,5189,50,0.52,4.0,16,184780.29,-1297.25,4755,5189
P00711,Beverages,Product 711,Brand B,37.79,38.79,2435,31,3.97,2.9,71,92018.65,-2435.0,2198,2435
P00712,Dairy,Product 712,Brand B,39.69,5.54,2900,70,3.97,2.9,63,115101.0,99035.0,2670,2900
P00713,Bakery,Product 713,Brand E,39.79,16.89,4133,21,2.14,3.6,61,164452.07,94645.7,4126,4133
P00714,Bakery,Product 714,Brand A,27.91,16.22,1581,99,3.2,3.9,60,44125.71,18481.89,1386,1581
P00715,Produce,Product 715,Brand E,16.68,3.5,5160,13,4.57,2.9,13,86068.8,68008.8,4904,5160
P00716,Beverages,Product 716,Brand D,47.58,15.13,1707,92,0.5,4.9,10,81219.06,55392.15,1309,1480
P00717,Bakery,Product 717,Brand B,37.02,31.45,1803,89,2.58,3.2,75,66747.06,10042.71,907,947
P00718,Frozen,Product 718,Brand B,26.63,23.46,4652,21,4.24,3.8,44,123882.76,14746.84,2228,2516
P00719,Bakery,Product 719,Brand C,1.53,24.43,4133,42,4.47,5.0,86,6323.49,-94645.7,3905,4133
P00720,Dairy,Product 720,Brand E,8.67,27.32,4838,30,4.2,5.0,90,41945.46,-90228.7,4604,4838
P00721,Bakery,Product 721,Brand B,14.72,17.3,4382,82,4.28,4.3,19,64503.04,-11305.56,1073,1434
P00722,Produce,Product 722,Brand D,5.16,20.38,3221,81,4.33,2.5,76,16620.36,-49023.62,3038,3221
P00723,Bakery,Product 723,Brand C,45.36,31.45,678,93,1.78,3.6,77,30754.08,9430.98,185,678
P00724,Dairy,Product 724,Brand C,5.12,34.71,2107,83,1.98,4.1,98,10787.84,-62346.13,1896,2107
P00725,Frozen,Product 725,Brand C,32.12,7.87,2006,83,0.52,2.8,74,64432.72,48645.5,1407,1886
P00726,Bakery,Product 726,Brand C,27.93,6.6,3910,81,1.67,3.5,60,109206.3,83400.3,559,909
P00727,Beverages,Product 727,Brand C,35.61,20.19,2975,61,1.54,3.1,39,105939.75,45874.5,2608,2975
P00728,Frozen,Product 728,Brand C,29.1,18.7,3339,56,4.39,4.4,48,97164.9,34725.6,1244,1473
P00729,Beverages,Product 729,Brand A,37.87,27.32,4333,68,3.15,2.7,19,164090.71,45713.15,3988,4333
P00730,Dairy,Product 730,Brand D,18.19,1.54,5019,56,1.25,4.0,53,91295.61,83566.35,4764,5019
P00731,Frozen,Product 731,Brand B,45.16,32.64,4576,65,2.6,4.2,41,206652.16,57291.52,3360,3437
P00732,Produce,Product 732,Brand D,36.02,27.55,5205,22,1.53,2.7,53,187484.1,44086.35,4745,5205
P00733,Bakery,Product 733,Brand A,48.1,32.08,1774,53,4.91,4.9,72,85329.4,28419.48,1509,1774
P00734,Frozen,Product 734,Brand D,9.49,11.9,4598,44,1.28,4.0,70,43635.02,-11081.18,4366,4598
P00735,Produce,Product 735,Brand E,8.98,6.6,1590,38,4.95,2.9,74,14278.2,3784.2,1453,1590
P00736,Frozen,Product 736,Brand A,4.99,23.95,4294,65,3.54,4.7,50,21427.06,-81414.24,4230,4294
P00737,Beverages,Product 737,Brand C,6.76,36.48,1709,14,3.41,2.9,90,11552.84,-50791.48,1324,1569
P00738,Bakery,Product 738,Brand C,47.07,25.0,1720,76,3.54,2.5,21,80960.4,37960.4,1291,1720
P00739,Dairy,Product 739,Brand A,44.0,36.87,1723,62,0.71,4.2,11,75812.0,12284.99,1632,1723
P00740,Snacks,Product 740,Brand A,26.86,19.01,2461,69,3.85,3.3,82,66102.46,19318.85,2016,2461
P00741,Produce,Product 741,Brand B,44.62,18.77,3650,15,1.21,3.5,85,162863.0,94352.5,3417,3650
P00742,Snacks,Product 742,Brand A,47.42,30.06,3524,57,3.69,2.7,69,167108.08,61176.64,1347,1698
P00743,Bakery,Product 743,Brand E,48.75,20.71,3171,89,3.02,4.8,34,154586.25,88914.84,2717,3171
P00744,Beverages,Product 744,Brand E,5.63,23.46,5081,44,3.41,4.0,70,28606.03,-90594.23,4732,5081
P00745,Beverages,Product 745,Brand D,8.01,6.5,2219,27,1.21,4.6,31,17774.19,3350.69,2125,2219
P00746,Dairy,Product 746,Brand A,18.19,11.71,4033,20,3.76,4.2,65,73360.27,26133.84,3611,4033
P00747,Frozen,Product 747,Brand C,27.74,30.03,4942,60,2.89,4.2,30,137091.08,-11317.18,4739,4942
P00748,Frozen,Product 748,Brand B,31.82,3.73,4282,32,0.98,3.6,64,136253.24,120281.38,3792,4282
P00749,Bakery,Product 749,Brand D,25.23,29.17,5114,56,2.82,3.5,49,129026.22,-20149.16,4940,5114
P00750,Beverages,Product 750,Brand A,41.5,4.99,4852,84,3.97,4.6,60,201358.0,177146.52,4728,4852
P00751,Beverages,Product 751,Brand E,45.41,9.87,3653,68,4.05,4.4,31,165882.73,129827.62,3583,3653
P00752,Snacks,Product 752,Brand B,14.81,36.87,4476,66,0.58,4.0,37,66289.56,-98740.56,3423,3526
P00753,Dairy,Product 753,Brand A,28.14,5.04,4510,65,4.96,2.9,13,126911.4,104181.0,2038,2271
P00754,Dairy,Product 754,Brand C,37.92,10.22,1179,36,0.88,4.6,35,44707.68,32658.3,1115,1179
P00755,Dairy,Product 755,Brand D,14.77,36.48,4654,82,0.7,4.1,96,68739.58,-101038.34,2683,2778
P00756,Frozen,Product 756,Brand D,18.19,7.79,2677,44,3.8,4.9,69,48694.63,27840.8,1027,1190
P00757,Dairy,Product 757,Brand A,29.63,19.01,1879,64,2.85,3.5,32,55674.77,19954.98,1611,1879
P00758,Snacks,Product 758,Brand D,23.27,5.54,2141,18,2.6,4.2,50,49821.07,37959.93,1837,2141
P00759,Beverages,Product 759,Brand E,47.79,7.68,3457,27,1.67,3.4,67,165210.03,138660.27,3138,3457
P00760,Snacks,Product 760,Brand D,40.37,35.92,1994,53,2.48,3.3,17,80497.78,8873.3,1821,1994
P00761,Dairy,Product 761,Brand A,48.2,14.84,3797,30,1.47,3.1,60,183015.4,126667.92,2866,2872
P00762,Bakery,Product 762,Brand A,19.16,22.66,5103,65,0.88,3.8,70,97773.48,-17860.5,4802,5103
P00763,Dairy,Product 763,Brand A,6.79,11.44,3865,57,3.63,4.6,10,26243.35,-17972.25,3519,3865
P00764,Dairy,Product 764,Brand A,22.02,13.49,3153,10,0.52,3.6,39,69429.06,26895.09,2925,3026
P00765,Bakery,Product 765,Brand B,47.55,18.7,4937,36,2.85,4.1,26,234754.35,142432.45,4521,4937
P00766,Snacks,Product 766,Brand E,29.6,19.51,3286,54,2.89,4.1,32,97265.6,33155.74,2834,3286
P00767,Produce,Product 767,Brand A,47.58,19.96,678,72,2.95,3.4,33,32259.24,18726.36,318,678
P00768,Beverages,Product 768,Brand E,4.46,29.94,2547,67,1.37,4.9,95,11359.62,-64897.56,621,752
P00769,Frozen,Product 769,Brand C,44.88,18.7,2452,49,4.96,3.0,78,110045.76,64193.36,504,887
P00770,Bakery,Product 770,Brand C,41.5,17.02,4678,72,4.08,4.8,98,194137.0,114517.44,679,1065
P00771,Dairy,Product 771,Brand A,40.83,37.82,5005,47,5.0,4.9,61,204354.15,15065.05,4985,5005
P00772,Bakery,Product 772,Brand D,19.92,10.27,2165,38,2.82,2.8,80,43126.8,20892.25,1954,2165
P00773,Produce,Product 773,Brand A,27.27,22.3,4816,49,2.4,3.9,67,131332.32,23935.52,4521,4816
P00774,Frozen,Product 774,Brand E,18.44,16.89,4657,28,3.62,3.6,31,85875.08,7218.35,3797,4193
P00775,Dairy,Product 775,Brand A,19.36,17.55,2380,97,0.71,4.6,68,46076.8,4307.8,1935,2380
P00776,Produce,Product 776,Brand D,18.44,20.19,3674,65,4.2,4.3,53,67748.56,-6429.5,257,549
P00777,Frozen,Product 777,Brand E,36.58,24.44,3765,53,0.99,4.6,46,137723.7,45707.1,3275,3765
P00778,Produce,Product 778,Brand A,6.74,17.3,2069,74,2.38,4.6,43,13945.06,-21848.64,1721,2069
P00779,Bakery,Product 779,Brand C,13.26,11.3,4042,96,3.33,3.7,66,53596.92,7922.32,3777,4042
P00780,Bakery,Product 780,Brand D,32.52,5.54,2737,22,4.08,4.4,66,89007.24,73844.26,905,1158
P00781,Snacks,Product 781,Brand A,23.27,14.84,2894,39,3.02,3.0,49,67343.38,24396.42,1405,1449
P00782,Bakery,Product 782,Brand E,5.12,30.88,4936,58,2.89,3.4,29,25272.32,-127151.36,2294,2369
P00783,Frozen,Product 783,Brand B,14.81,13.22,4640,84,1.08,4.1,26,68718.4,7377.6,613,666
P00784,Bakery,Product 784,Brand A,5.96,19.51,4998,72,4.09,4.4,61,29788.08,-67722.9,603,889
P00785,Frozen,Product 785,Brand B,17.1,2.05,4979,80,2.82,3.8,13,85140.9,74933.95,4608,4979
P00786,Bakery,Product 786,Brand C,43.56,37.82,3985,44,2.56,3.7,72,173586.6,22873.9,2739,2805
P00787,Dairy,Product 787,Brand B,37.97,20.19,903,20,3.69,3.5,59,34286.91,16055.34,865,903
P00788,Produce,Product 788,Brand A,1.53,27.77,590,58,2.71,2.8,91,902.7,-15481.6,336,590
P00789,Frozen,Product 789,Brand B,28.16,3.73,4885,49,4.53,2.7,59,137561.6,119340.55,4591,4885
P00790,Dairy,Product 790,Brand E,16.17,19.64,3137,30,3.82,3.0,25,50725.29,-10885.39,2104,2521
P00791,Frozen,Product 791,Brand B,35.48,39.5,4811,56,0.54,2.5,81,170694.28,-19340.22,1899,2098
P00792,Bakery,Product 792,Brand E,36.58,34.71,3723,12,2.65,4.1,70,136187.34,6962.01,3487,3723
P00793,Dairy,Product 793,Brand A,3.0,7.17,4568,39,0.73,2.9,53,13704.0,-19048.56,4099,4568
P00794,Snacks,Product 794,Brand B,40.91,32.34,1601,97,0.66,2.5,27,65496.91,13720.57,1546,1601
P00795,Produce,Product 795,Brand A,37.78,19.51,3670,76,0.5,2.5,59,138652.6,67050.9,231,563
P00796,Produce,Product 796,Brand D,5.16,22.49,3891,71,2.51,4.8,89,20077.56,-67431.03,3775,3891
P00797,Frozen,Product 797,Brand E,44.0,11.3,2448,46,3.41,4.2,39,107712.0,80049.6,2134,2219
P00798,Produce,Product 798,Brand A,47.13,19.22,4592,31,4.37,4.4,58,216420.96,128162.72,4313,4592
P00799,Frozen,Product 799,Brand A,31.18,3.73,5287,40,2.29,4.4,30,164848.66,145128.15,4833,5287
P00800,Dairy,Product 800,Brand A,49.32,8.1,2583,55,1.02,4.7,31,127393.56,106471.26,2144,2286
P00801,Beverages,Product 801,Brand D,25.23,4.52,4630,85,3.81,4.2,56,116814.9,95887.3,4534,4630
P00802,Bakery,Product 802,Brand A,32.52,2.29,2625,54,1.73,3.3,34,85365.0,79353.75,1558,1607
P00803,Snacks,Product 803,Brand A,4.84,33.76,2491,23,0.67,3.1,95,12056.44,-72039.72,2122,2491
P00804,Dairy,Product 804,Brand D,14.81,10.47,2968,21,4.09,2.5,65,43956.08,12881.12,2048,2418
P00805,Bakery,Product 805,Brand B,23.33,39.99,2021,72,1.02,4.9,73,47149.93,-33669.86,1720,2021
P00806,Frozen,Product 806,Brand B,19.92,10.69,5076,86,2.23,3.2,37,101113.92,46851.48,4871,5076
P00807,Beverages,Product 807,Brand B,4.46,19.64,4882,97,4.6,4.6,42,21773.72,-74108.76,3913,4324
P00808,Snacks,Product 808,Brand C,37.16,18.77,2720,47,2.59,3.6,75,101075.2,50020.8,2261,2720
P00809,Dairy,Product 809,Brand A,1.71,29.94,4853,56,1.33,5.0,13,8298.63,-137000.19,4501,4853
P00810,Frozen,Product 810,Brand C,44.67,37.82,4577,63,0.7,3.5,89,204454.59,31352.45,1857,2052
P00811,Snacks,Product 811,Brand C,48.75,11.14,5123,64,0.75,3.9,21,249746.25,192676.03,4818,5123
P00812,Bakery,Product 812,Brand B,14.72,3.67,4500,57,2.85,4.2,26,66240.0,49725.0,4250,4500
P00813,Produce,Product 813,Brand D,31.18,10.7,1755,82,2.85,4.1,45,54720.9,35942.4,623,881
P00814,Dairy,Product 814,Brand A,41.27,19.51,4870,81,3.41,4.0,25,200984.9,105971.2,2581,3059
P00815,Dairy,Product 815,Brand B,8.67,27.03,4829,24,3.63,3.7,32,41867.43,-88660.44,4385,4829
P00816,Bakery,Product 816,Brand C,37.16,6.31,5034,80,4.09,4.4,81,187063.44,155298.9,4584,5034
P00817,Snacks,Product 817,Brand D,47.57,23.8,3597,97,4.47,3.5,18,171109.29,85500.69,445,804
P00818,Frozen,Product 818,Brand C,40.53,15.37,2471,25,1.84,3.5,87,100149.63,62170.36,2412,2471
P00819,Snacks,Product 819,Brand E,6.69,20.55,3281,97,4.1,4.3,64,21949.89,-45474.66,1798,2019
P00820,Snacks,Product 820,Brand A,25.23,37.1,2657,52,1.35,3.5,82,67036.11,-31538.59,240,300
P00821,Frozen,Product 821,Brand A,1.89,4.93,4456,16,4.05,3.2,73,8421.84,-13546.24,4434,4456
P00822,Bakery,Product 822,Brand C,4.57,14.26,2670,52,4.54,2.9,56,12201.9,-25872.3,1221,1566
P00823,Produce,Product 823,Brand D,17.1,19.22,4747,37,2.26,3.4,99,81173.7,-10063.64,2983,3345
P00824,Bakery,Product 824,Brand E,18.31,16.44,1564,75,4.83,2.5,76,28636.84,2924.68,1134,1564
P00825,Produce,Product 825,Brand E,32.52,7.25,4426,69,3.82,4.4,19,143933.52,111845.02,4373,4426
P00826,Dairy,Product 826,Brand D,3.76,26.87,1357,12,2.58,3.8,98,5102.32,-31360.27,1082,1357
P00827,Snacks,Product 827,Brand E,19.44,36.87,2593,10,4.98,2.5,13,50407.92,-45195.99,2544,2593
P00828,Produce,Product 828,Brand E,14.81,10.08,4024,40,4.81,2.9,39,59595.44,19033.52,3560,4024
P00829,Frozen,Product 829,Brand D,5.16,37.21,2701,65,0.78,4.8,20,13937.16,-86567.05,2684,2701
P00830,Produce,Product 830,Brand C,14.27,34.71,5331,96,1.77,3.6,60,76073.37,-108965.64,4833,5331
P00831,Bakery,Product 831,Brand D,5.79,11.3,2540,93,3.17,2.9,28,14706.6,-13995.4,2413,2540
P00832,Produce,Product 832,Brand A,49.66,7.89,1411,89,1.64,2.6,22,70070.26,58937.47,1256,1411
P00833,Frozen,Product 833,Brand E,37.78,11.9,2168,55,3.87,3.5,66,81907.04,56107.84,1677,2168
P00834,Dairy,Product 834,Brand A,8.67,14.84,3407,41,0.99,2.5,12,29538.69,-21021.19,3132,3407
P00835,Produce,Product 835,Brand A,33.95,9.99,4698,90,1.84,4.2,87,159497.1,112564.08,1407,1642
P00836,Beverages,Product 836,Brand E,39.79,30.89,4824,27,4.92,4.6,83,191946.96,42933.6,4334,4824
P00837,Frozen,Product 837,Brand C,21.04,19.22,4550,77,1.54,4.3,47,95732.0,8281.0,4264,4550
P00838,Produce,Product 838,Brand A,49.35,13.22,3485,44,4.41,3.8,36,171984.75,125913.05,2952,3030
P00839,Frozen,Product 839,Brand C,40.53,1.64,4575,32,2.26,3.5,97,185424.75,177921.75,2324,2498
P00840,Bakery,Product 840,Brand B,48.15,15.55,3650,88,3.41,3.1,89,175747.5,118990.0,3544,3650
P00841,Bakery,Product 841,Brand A,23.33,35.92,5060,22,4.34,4.0,19,118049.8,-63705.4,4740,5060
P00842,Bakery,Product 842,Brand D,20.07,11.76,1383,87,1.75,3.0,62,27756.81,11492.73,1351,1383
P00843,Beverages,Product 843,Brand B,19.16,7.68,3254,23,1.73,3.3,36,62346.64,37355.92,1771,2208
P00844,Dairy,Product 844,Brand C,48.2,21.54,2554,46,1.97,4.3,16,123102.8,68089.64,1495,1902
P00845,Dairy,Product 845,Brand E,32.12,34.71,1406,14,4.98,4.3,99,45160.72,-3641.54,1114,1406
P00846,Bakery,Product 846,Brand D,18.44,5.23,4851,31,1.47,2.8,91,89452.44,64081.71,4841,4851
P00847,Produce,Product 847,Brand D,1.6,5.89,3629,37,4.1,2.7,22,5806.4,-15568.41,3314,3629
P00848,Beverages,Product 848,Brand B,8.67,10.22,3989,13,0.52,4.4,81,34584.63,-6182.95,856,958
P00849,Bakery,Product 849,Brand D,33.28,27.03,4224,59,0.5,4.4,69,140574.72,26400.0,2131,2249
P00850,Bakery,Product 850,Brand D,17.1,20.71,2877,38,3.81,4.6,23,49196.7,-10385.97,2720,2877
P00851,Produce,Product 851,Brand D,3.76,11.56,2796,46,4.48,4.2,53,10512.96,-21808.8,2529,2796
P00852,Frozen,Product 852,Brand B,5.94,27.77,5164,44,1.35,4.7,79,30674.16,-112730.12,4666,5164
P00853,Frozen,Product 853,Brand A,17.7,5.89,1753,29,0.66,4.0,93,31028.1,20702.93,1331,1753
P00854,Beverages,Product 854,Brand C,25.23,3.93,4369,44,3.63,3.7,37,110229.87,93059.7,4124,4369
P00855,Bakery,Product 855,Brand B,23.33,33.61,4814,93,4.41,4.2,32,112310.62,-49487.92,134,213
P00856,Frozen,Product 856,Brand D,19.34,28.68,3934,11,1.57,3.1,21,76083.56,-36743.56,3774,3934
P00857,Snacks,Product 857,Brand E,8.67,1.95,4304,67,4.96,3.0,33,37315.68,28922.88,120,211
P00858,Dairy,Product 858,Brand A,32.48,18.7,4126,27,3.97,3.6,60,134012.48,56856.28,2412,2770
P00859,Beverages,Product 859,Brand E,29.63,4.73,4007,65,0.76,3.6,31,118727.41,99774.3,3571,4007
P00860,Bakery,Product 860,Brand A,42.97,23.08,2836,73,0.72,4.9,71,121862.92,56408.04,556,685
P00861,Bakery,Product 861,Brand E,15.0,25.3,3586,61,3.3,4.0,35,53790.0,-36935.8,3097,3586
P00862,Beverages,Product 862,Brand A,47.13,28.31,4592,31,3.48,3.6,95,216420.96,86421.44,4578,4592
P00863,Dairy,Product 863,Brand C,14.82,17.78,3363,69,2.42,4.5,67,49839.66,-9954.48,2682,3069
P00864,Beverages,Product 864,Brand C,1.56,28.31,1448,19,0.9,2.5,80,2258.88,-38734.0,1162,1448
P00865,Produce,Product 865,Brand D,47.07,14.57,1849,93,4.27,4.0,24,87032.43,60092.5,1690,1849
P00866,Dairy,Product 866,Brand D,5.47,19.94,4930,89,4.2,4.0,77,26967.1,-71337.1,1965,2094
P00867,Beverages,Product 867,Brand E,19.23,15.55,2104,15,4.69,3.0,15,40459.92,7742.72,146,320
P00868,Bakery,Product 868,Brand D,21.79,28.68,5339,90,4.09,4.6,11,116336.81,-36785.71,4941,5339
P00869,Frozen,Product 869,Brand E,5.47,20.55,5154,15,2.23,3.2,40,28192.38,-77722.32,4734,5154
P00870,Frozen,Product 870,Brand E,16.63,8.65,5048,95,4.41,4.6,33,83948.24,40283.04,4874,5048
P00871,Dairy,Product 871,Brand C,1.89,27.77,4634,91,2.82,4.1,44,8758.26,-119927.92,4088,4527
P00872,Frozen,Product 872,Brand B,26.63,7.79,2173,37,0.99,4.5,56,57866.99,40939.32,1753,2173
P00873,Snacks,Product 873,Brand A,6.05,6.6,2040,51,4.2,4.3,40,12342.0,-1122.0,144,571
P00874,Frozen,Product 874,Brand A,36.58,39.21,4831,83,0.54,4.6,98,176717.98,-12705.53,4470,4831
P00875,Beverages,Product 875,Brand C,32.48,3.5,3907,50,4.91,2.6,81,126899.36,113224.86,3864,3907
P00876,Bakery,Product 876,Brand C,39.69,16.71,3531,72,1.64,3.3,85,140145.39,81142.38,3132,3531
P00877,Beverages,Product 877,Brand C,14.27,7.79,3776,31,1.31,4.4,11,53883.52,24468.48,3482,3776
P00878,Produce,Product 878,Brand A,39.08,17.3,4772,88,0.7,4.6,88,186489.76,103934.16,4427,4772
P00879,Bakery,Product 879,Brand B,6.76,21.72,926,38,3.63,4.7,68,6259.76,-13852.96,185,485
P00880,Dairy,Product 880,Brand E,2.14,37.34,3542,80,0.91,2.7,72,7579.88,-124678.4,3276,3385
P00881,Dairy,Product 881,Brand C,22.02,39.87,4614,43,3.87,3.6,84,101600.28,-82359.9,4372,4614
P00882,Produce,Product 882,Brand A,4.81,16.89,1768,11,2.42,3.9,26,8504.08,-21357.44,1713,1768
P00883,Frozen,Product 883,Brand A,44.62,38.79,4169,35,0.76,4.0,63,186020.78,24305.27,3391,3446
P00884,Frozen,Product 884,Brand A,29.6,1.64,4338,84,2.66,3.3,30,128404.8,121290.48,687,1021
P00885,Bakery,Product 885,Brand A,48.82,8.65,927,98,1.77,3.8,31,45256.14,37237.59,702,918
P00886,Dairy,Product 886,Brand D,3.23,10.47,4535,28,1.22,4.4,64,14648.05,-32833.4,3616,4058
P00887,Bakery,Product 887,Brand C,35.14,7.25,2594,29,2.66,4.4,38,91153.16,72346.66,1356,1463
P00888,Beverages,Product 888,Brand B,13.26,30.03,2574,42,2.82,4.9,88,34131.24,-43165.98,2261,2574
P00889,Produce,Product 889,Brand E,31.96,7.87,4963,90,0.74,3.7,30,158617.48,119558.67,4779,4963
P00890,Snacks,Product 890,Brand D,4.46,23.46,3265,91,2.45,4.9,11,14561.9,-62035.0,3135,3265
P00891,Bakery,Product 891,Brand C,14.27,19.22,3578,13,0.75,4.4,51,51058.06,-17711.1,2517,3016
P00892,Beverages,Product 892,Brand D,31.96,24.73,3246,41,1.64,4.0,61,103742.16,23468.58,3122,3246
P00893,Frozen,Product 893,Brand A,35.35,23.05,4910,28,1.37,4.0,47,173568.5,60393.0,2219,2637
P00894,Dairy,Product 894,Brand B,2.3,1.29,2549,12,0.7,3.5,12,5862.7,2574.49,2500,2549
P00895,Frozen,Product 895,Brand A,27.74,19.51,3998,70,2.82,4.0,34,110904.52,32903.54,909,1229
P00896,Produce,Product 896,Brand A,47.55,37.1,3141,47,0.9,4.2,86,149354.55,32823.45,2888,3141
P00897,Frozen,Product 897,Brand B,8.67,6.6,2384,15,4.98,4.4,97,20669.28,4934.88,737,1080
P00898,Snacks,Product 898,Brand C,4.81,34.69,817,65,1.08,4.9,71,3929.77,-24411.96,252,644
P00899,Snacks,Product 899,Brand C,44.62,30.89,2602,49,4.28,4.2,24,116101.24,35725.46,2533,2602
P00900,Dairy,Product 900,Brand B,31.67,6.54,3595,90,4.7,3.8,79,113853.65,90342.35,2838,3280
P00901,Beverages,Product 901,Brand A,25.65,32.77,2359,78,4.53,4.6,19,60508.35,-16796.08,238,715
P00902,Beverages,Product 902,Brand A,25.23,9.53,4933,92,0.58,2.8,82,124459.59,77448.1,825,1252
P00903,Bakery,Product 903,Brand D,48.1,8.85,4256,51,2.59,4.4,78,204713.6,167048.0,3642,3960
P00904,Dairy,Product 904,Brand C,33.28,5.59,4286,95,4.47,4.8,53,142638.08,118679.34,2465,2842
P00905,Bakery,Product 905,Brand A,22.26,39.5,794,97,0.71,2.9,50,17674.44,-13688.56,118,170
P00906,Bakery,Product 906,Brand B,16.17,18.64,2632,83,2.59,3.1,92,42559.44,-6501.04,1536,1569
P00907,Frozen,Product 907,Brand D,47.79,21.05,4224,11,4.39,2.5,29,201864.96,112949.76,2061,2081
P00908,Snacks,Product 908,Brand A,17.1,14.15,3018,37,3.65,4.9,46,51607.8,8903.1,2554,3018
P00909,Snacks,Product 909,Brand B,29.63,35.86,2606,26,3.79,4.4,48,77215.78,-16235.38,1951,2180
P00910,Frozen,Product 910,Brand A,16.82,24.62,4211,79,2.58,3.1,86,70829.02,-32845.8,962,1149
P00911,Beverages,Product 911,Brand A,37.92,33.61,4033,78,0.7,3.3,79,152931.36,17382.23,200,388
P00912,Dairy,Product 912,Brand D,41.5,35.68,1444,48,0.52,4.1,17,59926.0,8404.08,692,883
P00913,Snacks,Product 913,Brand C,6.79,23.46,4136,16,1.35,3.5,52,28083.44,-68947.12,4024,4136
P00914,Dairy,Product 914,Brand B,22.26,15.37,4745,41,4.2,3.4,19,105623.7,32693.05,4561,4745
P00915,Produce,Product 915,Brand A,17.7,38.01,4268,13,0.67,4.8,50,75543.6,-86683.08,2609,2902
P00916,Frozen,Product 916,Brand A,19.37,15.55,2652,30,2.01,3.9,13,51369.24,10130.64,2055,2499
P00917,Dairy,Product 917,Brand B,1.6,9.53,2116,41,0.9,3.1,87,3385.6,-16779.88,1754,2116
P00918,Dairy,Product 918,Brand B,47.79,7.17,4888,91,1.06,3.0,13,233597.52,198550.56,4527,4888
P00919,Beverages,Product 919,Brand C,48.5,36.48,5352,23,1.6,3.6,33,259572.0,64331.04,4880,5352
P00920,Produce,Product 920,Brand B,32.48,37.82,3777,79,2.59,4.2,30,122676.96,-20169.18,1788,2095
P00921,Bakery,Product 921,Brand D,46.61,14.65,1967,84,1.47,4.8,19,91681.87,62865.32,1010,1295
P00922,Frozen,Product 922,Brand A,2.24,6.85,4968,55,2.85,4.3,55,11128.32,-22902.48,4741,4968
P00923,Produce,Product 923,Brand A,19.44,11.9,1418,29,4.34,4.7,98,27565.92,10691.72,1281,1418
P00924,Frozen,Product 924,Brand C,42.97,34.66,3142,67,0.82,3.6,79,135011.74,26110.02,3056,3142
P00925,Beverages,Product 925,Brand A,34.47,39.3,2934,89,1.75,3.3,89,101134.98,-14171.22,704,1172
P00926,Snacks,Product 926,Brand A,6.76,13.49,3539,57,3.15,3.5,53,23923.64,-23817.47,2470,2766
P00927,Produce,Product 927,Brand D,36.02,36.87,2562,16,3.02,4.2,42,92283.24,-2177.7,2110,2562
P00928,Beverages,Product 928,Brand B,29.7,32.77,4406,49,4.47,3.7,45,130858.2,-13526.42,4235,4406
P00929,Dairy,Product 929,Brand E,23.33,30.06,1679,68,2.6,4.0,34,39171.07,-11299.67,302,658
P00930,Beverages,Product 930,Brand C,16.17,18.77,2846,45,2.14,4.1,22,46019.82,-7399.6,342,802
P00931,Beverages,Product 931,Brand C,14.72,7.31,2931,53,3.51,4.0,48,43144.32,21718.71,1629,1908
P00932,Snacks,Product 932,Brand D,21.56,23.8,4199,40,3.41,4.3,88,90530.44,-9405.76,3840,4199
P00933,Bakery,Product 933,Brand A,18.44,21.54,3073,51,1.21,3.6,47,56666.12,-9526.3,2821,3073
P00934,Dairy,Product 934,Brand D,48.2,18.77,4130,53,3.02,3.4,39,199066.0,121545.9,759,767
P00935,Frozen,Product 935,Brand D,29.59,32.34,3520,52,2.83,3.8,23,104156.8,-9680.0,812,886
P00936,Snacks,Product 936,Brand D,9.49,7.31,4315,52,1.08,4.4,59,40949.35,9406.7,3995,4315
P00937,Beverages,Product 937,Brand D,38.13,14.26,2629,56,4.57,4.0,77,100243.77,62754.23,1274,1425
P00938,Bakery,Product 938,Brand D,33.35,23.46,4198,15,0.66,4.9,10,140003.3,41518.22,346,439
P00939,Frozen,Product 939,Brand C,33.35,2.11,2815,75,0.54,3.8,70,93880.25,87940.6,830,1206
P00940,Bakery,Product 940,Brand C,42.4,32.34,4392,95,1.78,4.0,12,186220.8,44183.52,4027,4392
P00941,Beverages,Product 941,Brand E,19.34,7.89,4139,18,4.34,4.7,59,80048.26,47391.55,4043,4139
P00942,Bakery,Product 942,Brand B,5.47,1.54,2442,20,4.83,4.0,70,13357.74,9597.06,1660,2100
P00943,Bakery,Product 943,Brand A,37.97,21.72,3203,89,3.69,3.3,45,121617.91,52048.75,1084,1226
P00944,Snacks,Product 944,Brand D,5.47,15.99,675,86,0.52,3.7,13,3692.25,-7101.0,595,675
P00945,Snacks,Product 945,Brand B,30.97,6.85,3121,27,0.52,4.1,52,96657.37,75278.52,2762,3121
P00946,Snacks,Product 946,Brand D,25.14,5.59,3304,34,1.37,3.8,23,83062.56,64593.2,2226,2466
P00947,Bakery,Product 947,Brand C,26.3,38.79,2948,83,2.31,4.4,98,77532.4,-36820.52,2675,2948
P00948,Produce,Product 948,Brand C,26.3,30.33,4418,67,3.54,3.5,76,116193.4,-17804.54,1182,1202
P00949,Frozen,Product 949,Brand B,4.99,16.71,3224,39,2.4,3.7,16,16087.76,-37785.28,2853,3224
P00950,Bakery,Product 950,Brand A,47.42,13.44,3070,10,4.76,2.9,17,145579.4,104318.6,3058,3070
P00951,Produce,Product 951,Brand C,21.56,4.73,3313,72,1.28,3.7,53,71428.28,55757.79,643,1100
P00952,Dairy,Product 952,Brand C,35.14,35.01,3462,88,2.23,2.5,73,121654.68,450.06,3163,3287
P00953,Beverages,Product 953,Brand C,19.23,37.82,3627,38,0.67,4.1,16,69747.21,-67425.93,2002,2124
P00954,Frozen,Product 954,Brand E,34.47,6.85,4742,75,1.67,3.2,57,163456.74,130974.04,4414,4742
P00955,Bakery,Product 955,Brand E,37.56,16.44,3696,84,4.24,2.9,71,138821.76,78059.52,3271,3696
P00956,Snacks,Product 956,Brand B,40.91,4.0,3182,62,1.6,4.3,34,130175.62,117447.62,2250,2479
P00957,Snacks,Product 957,Brand D,45.23,17.55,1068,28,1.57,2.7,90,48305.64,29562.24,983,1068
P00958,Beverages,Product 958,Brand C,23.27,25.81,3267,75,1.33,4.4,99,76023.09,-8298.18,2777,3267
P00959,Produce,Product 959,Brand D,6.74,10.69,3987,93,2.82,4.2,77,26872.38,-15748.65,2902,3318
P00960,Bakery,Product 960,Brand D,3.25,35.92,4496,61,3.65,4.9,73,14612.0,-146884.32,4075,4496
P00961,Frozen,Product 961,Brand C,4.84,39.99,472,40,0.51,3.9,27,2284.48,-16590.8,106,472
P00962,Frozen,Product 962,Brand B,6.79,7.89,2809,69,3.02,2.6,13,19073.11,-3089.9,2535,2809
P00963,Produce,Product 963,Brand D,35.1,7.35,1674,77,0.66,3.9,26,58757.4,46453.5,1645,1674
P00964,Snacks,Product 964,Brand B,3.23,22.66,2324,39,4.57,3.8,56,7506.52,-45155.32,2189,2324
P00965,Frozen,Product 965,Brand A,22.63,22.3,4331,22,1.08,4.2,90,98010.53,1429.23,4291,4331
P00966,Snacks,Product 966,Brand A,26.86,3.73,2494,24,4.53,4.0,54,66988.84,57686.22,2393,2494
P00967,Frozen,Product 967,Brand A,37.79,18.3,4685,29,2.42,4.6,98,177046.15,91310.65,4309,4685
P00968,Dairy,Product 968,Brand C,40.37,32.08,2825,43,4.58,4.7,67,114045.25,23419.25,2691,2825
P00969,Produce,Product 969,Brand A,6.76,5.89,4929,29,4.57,4.4,12,33320.04,4288.23,4525,4929
P00970,Frozen,Product 970,Brand E,49.31,31.67,4322,59,2.26,3.7,21,213117.82,76240.08,3674,3985
P00971,Frozen,Product 971,Brand A,19.34,38.81,4580,98,4.48,3.1,26,88577.2,-89172.6,4140,4580
P00972,Bakery,Product 972,Brand D,29.6,18.17,3653,36,4.91,3.5,31,108128.8,41753.79,3324,3653
P00973,Frozen,Product 973,Brand B,27.91,31.67,2645,39,2.51,2.5,48,73821.95,-9945.2,1340,1521
P00974,Produce,Product 974,Brand D,19.16,18.77,4386,65,3.11,4.0,48,84035.76,1710.54,3929,4386
P00975,Beverages,Product 975,Brand A,46.61,7.35,3793,93,4.57,3.7,25,176791.73,148913.18,3593,3793
P00976,Bakery,Product 976,Brand C,28.16,32.64,3899,74,3.2,4.9,60,109795.84,-17467.52,3690,3899
P00977,Snacks,Product 977,Brand A,16.68,15.55,3212,64,0.67,2.9,38,53576.16,3629.56,816,904
P00978,Snacks,Product 978,Brand B,19.34,6.5,4271,33,1.64,4.4,87,82601.14,54839.64,363,851
P00979,Snacks,Product 979,Brand A,23.45,11.71,4035,34,4.1,4.0,80,94620.75,47370.9,417,542
P00980,Beverages,Product 980,Brand C,23.45,39.99,2778,62,0.67,3.5,50,65144.1,-45948.12,2307,2778
P00981,Bakery,Product 981,Brand B,25.76,8.91,4756,85,4.48,4.0,66,122514.56,80138.6,2624,3041
P00982,Produce,Product 982,Brand C,32.23,23.8,1344,20,3.92,3.1,37,43317.12,11329.92,740,762
P00983,Beverages,Product 983,Brand A,31.18,7.17,1059,69,2.26,3.2,86,33019.62,25426.59,958,1008
P00984,Bakery,Product 984,Brand A,29.7,20.55,4582,86,2.85,2.6,89,136085.4,41925.3,4343,4582
P00985,Frozen,Product 985,Brand D,1.6,21.05,1807,56,3.63,4.1,30,2891.2,-35146.15,1570,1784
P00986,Bakery,Product 986,Brand C,23.72,14.35,2014,34,3.62,3.6,13,47772.08,18871.18,1074,1357
P00987,Snacks,Product 987,Brand C,42.92,23.97,4693,34,4.19,4.9,24,201423.56,88932.35,1385,1433
P00988,Beverages,Product 988,Brand D,42.92,11.9,1241,26,0.52,2.7,62,53263.72,38495.82,151,217
P00989,Produce,Product 989,Brand A,48.5,34.66,4932,21,1.91,3.7,99,239202.0,68258.88,4453,4932
P00990,Snacks,Product 990,Brand B,29.59,38.02,2891,61,3.3,4.0,55,85544.69,-24371.13,1119,1516
P00991,Dairy,Product 991,Brand D,48.75,21.54,3852,20,4.91,4.9,16,187785.0,104812.92,3722,3852
P00992,Bakery,Product 992,Brand E,6.76,7.89,4745,19,0.52,3.2,27,32076.2,-5361.85,4443,4745
P00993,Dairy,Product 993,Brand B,47.58,38.02,3754,90,4.6,4.8,98,178615.32,35888.24,2012,2339
P00994,Frozen,Product 994,Brand D,14.82,22.44,1872,69,3.48,4.6,30,27743.04,-14264.64,387,771
P00995,Produce,Product 995,Brand A,19.23,14.89,5006,63,0.58,4.7,17,96265.38,21726.04,4739,5006
P00996,Beverages,Product 996,Brand D,35.14,26.87,5077,89,2.63,4.0,68,178405.78,41986.79,4838,5077
P00997,Dairy,Product 997,Brand A,34.47,30.33,4027,72,3.76,3.0,29,138810.69,16671.78,4001,4027
P00998,Bakery,Product 998,Brand D,34.47,37.21,4399,29,2.23,3.6,91,151633.53,-12053.26,4208,4399
P00999,Snacks,Product 999,Brand B,15.37,35.92,2729,14,0.73,2.6,92,41944.73,-56080.95,2680,2729
P01000,Dairy,Product 1000,Brand A,38.13,23.97,3935,50,0.54,4.9,76,150041.55,55719.6,3616,3935
P01001,Dairy,Product 1001,Brand B,45.41,6.5,1978,72,0.7,4.5,64,89820.98,76963.98,1649,1670
P01002,Snacks,Product 1002,Brand D,48.15,19.01,3199,65,4.37,3.5,71,154031.85,93218.86,2766,3199
P01003,Bakery,Product 1003,Brand E,47.42,10.22,2632,41,1.02,4.0,27,124809.44,97910.4,2553,2632
P01004,Snacks,Product 1004,Brand D,37.97,11.3,3035,36,4.81,3.5,88,115238.95,80943.45,1667,1747
P01005,Dairy,Product 1005,Brand E,32.48,29.17,3861,77,4.48,2.9,65,125405.28,12779.91,3852,3861
P01006,Bakery,Product 1006,Brand D,37.92,3.93,3802,57,4.48,4.3,94,144171.84,129229.98,387,536
P01007,Beverages,Product 1007,Brand E,48.1,18.17,4187,16,1.67,3.9,31,201394.7,125316.91,2573,3010
P01008,Beverages,Product 1008,Brand B,27.74,23.97,3752,55,3.85,5.0,17,104080.48,14145.04,535,907
P01009,Beverages,Product 1009,Brand A,14.77,20.38,3242,87,2.48,4.6,20,47884.34,-18187.62,1089,1588
P01010,Bakery,Product 1010,Brand B,16.65,37.82,4035,97,2.17,4.6,21,67182.75,-85420.95,3659,4035
P01011,Bakery,Product 1011,Brand D,5.79,39.21,4488,27,1.37,4.9,57,25985.52,-149988.96,2505,2560
P01012,Snacks,Product 1012,Brand A,41.27,10.27,4477,47,4.39,2.8,72,184765.79,138787.0,354,651
P01013,Produce,Product 1013,Brand E,22.51,25.3,3577,74,2.26,3.5,36,80518.27,-9979.83,2109,2115
P01014,Bakery,Product 1014,Brand A,6.79,17.78,2191,26,2.23,4.9,44,14876.89,-24079.09,1934,2191
P01015,Beverages,Product 1015,Brand C,5.94,23.8,4712,99,2.6,4.9,11,27989.28,-84156.32,4361,4712
P01016,Frozen,Product 1016,Brand D,14.72,34.56,3537,95,4.47,4.5,17,52064.64,-70174.08,564,756
P01017,Beverages,Product 1017,Brand A,31.39,2.55,4840,91,1.28,3.1,29,151927.6,139585.6,4451,4840
P01018,Frozen,Product 1018,Brand D,43.06,27.03,1283,47,3.02,3.1,17,55245.98,20566.49,522,751
P01019,Frozen,Product 1019,Brand B,2.14,32.77,4640,94,3.0,2.9,72,9929.6,-142123.2,4393,4640
P01020,Snacks,Product 1020,Brand C,6.82,28.68,5034,72,3.4,3.1,77,34331.88,-110043.24,4752,5034
P01021,Produce,Product 1021,Brand A,25.14,2.05,2252,51,3.85,3.5,40,56615.28,51998.68,1995,2252
P01022,Snacks,Product 1022,Brand B,47.57,8.65,2848,17,0.67,3.5,41,135479.36,110844.16,1388,1645
P01023,Produce,Product 1023,Brand C,40.83,14.57,2980,39,4.09,4.6,22,121673.4,78254.8,1448,1541
P01024,Dairy,Product 1024,Brand D,6.79,38.19,3970,73,0.66,2.7,95,26956.3,-124658.0,654,868
P01025,Beverages,Product 1025,Brand D,10.59,10.27,4232,18,2.23,3.7,35,44816.88,1354.24,106,400
P01026,Snacks,Product 1026,Brand E,29.63,11.9,1906,66,2.26,3.2,90,56474.78,33793.38,1865,1906
P01027,Bakery,Product 1027,Brand A,4.81,4.93,2658,68,0.66,3.0,38,12784.98,-318.96,2191,2658
P01028,Produce,Product 1028,Brand A,6.76,11.14,3499,76,0.7,4.0,95,23653.24,-15325.62,3343,3499
P01029,Bakery,Product 1029,Brand A,19.44,5.27,3406,84,2.23,3.5,27,66212.64,48263.02,3273,3406
P01030,Produce,Product 1030,Brand B,2.3,20.8,5335,14,2.2,4.2,78,12270.5,-98697.5,4930,5335
P01031,Frozen,Product 1031,Brand D,25.76,5.6,2254,93,1.04,3.4,21,58063.04,45440.64,1757,2254
P01032,Beverages,Product 1032,Brand A,14.72,5.59,2253,13,3.69,4.2,11,33164.16,20569.89,911,1230
P01033,Snacks,Product 1033,Brand C,32.48,13.44,2258,17,4.05,3.3,51,73339.84,42992.32,1328,1414
P01034,Beverages,Product 1034,Brand A,40.37,39.3,2146,51,3.02,2.9,16,86634.02,2296.22,2062,2146
P01035,Beverages,Product 1035,Brand D,49.31,39.99,2253,44,0.84,3.3,56,111095.43,20997.96,590,986
P01036,Dairy,Product 1036,Brand C,3.76,27.03,3740,22,3.41,4.0,99,14062.4,-87029.8,417,807
P01037,Beverages,Product 1037,Brand E,26.3,30.33,4826,14,4.96,4.0,63,126923.8,-19448.78,4413,4826
P01038,Produce,Product 1038,Brand D,29.7,39.5,3013,49,0.71,3.3,24,89486.1,-29527.4,2648,3013
P01039,Frozen,Product 1039,Brand E,9.49,8.85,2188,28,2.66,4.7,67,20764.12,1400.32,1940,2188
P01040,Frozen,Product 1040,Brand C,48.1,36.21,3824,91,3.63,2.5,42,183934.4,45467.36,1316,1676
P01041,Snacks,Product 1041,Brand C,18.31,20.55,1461,13,2.23,3.5,76,26750.91,-3272.64,432,877
P01042,Dairy,Product 1042,Brand D,31.96,20.19,4442,68,4.53,4.9,72,141966.32,52282.34,1276,1311
P01043,Bakery,Product 1043,Brand A,49.31,14.57,2949,27,3.62,4.1,57,145415.19,102448.26,2700,2949
P01044,Snacks,Product 1044,Brand D,39.79,23.95,3525,33,1.54,4.0,75,140259.75,55836.0,3194,3525
P01045,Beverages,Product 1045,Brand D,33.35,13.44,2488,40,2.31,3.0,90,82974.8,49536.08,2363,2488
P01046,Produce,Product 1046,Brand D,48.1,31.45,4650,67,4.39,4.3,74,223665.0,77422.5,1166,1218
P01047,Beverages,Product 1047,Brand D,3.0,19.01,3821,37,2.83,4.4,45,11463.0,-61174.21,3532,3821
P01048,Produce,Product 1048,Brand A,44.0,20.55,3299,18,1.21,2.6,26,145156.0,77361.55,2890,3299
P01049,Dairy,Product 1049,Brand A,49.32,39.47,2831,54,3.41,3.9,11,139624.92,27885.35,2561,2831
P01050,Bakery,Product 1050,Brand A,18.19,16.44,3810,99,4.8,3.1,42,69303.9,6667.5,3589,3810
P01051,Beverages,Product 1051,Brand D,1.89,15.13,3973,58,0.8,3.1,15,7508.97,-52602.52,2769,3078
P01052,Bakery,Product 1052,Brand C,47.57,27.32,4885,11,2.59,3.3,52,232379.45,98921.25,1773,1834
P01053,Snacks,Product 1053,Brand E,48.2,28.68,2732,15,1.66,3.1,97,131682.4,53328.64,2463,2732
P01054,Beverages,Product 1054,Brand D,15.0,34.16,4083,38,1.21,4.4,20,61245.0,-78230.28,4068,4083
P01055,Snacks,Product 1055,Brand C,43.06,34.69,4134,35,2.31,4.0,14,178010.04,34601.58,3823,4134
P01056,Frozen,Product 1056,Brand E,5.94,23.46,3782,37,3.92,4.9,39,22465.08,-66260.64,3601,3782
P01057,Frozen,Product 1057,Brand E,40.53,11.71,3874,16,1.98,4.9,19,157013.22,111648.68,2914,3114
P01058,Dairy,Product 1058,Brand B,14.72,1.54,2833,43,3.72,4.0,33,41701.76,37338.94,448,751
P01059,Frozen,Product 1059,Brand C,19.92,2.05,4443,65,2.83,4.9,68,88504.56,79396.41,2222,2651
P01060,Bakery,Product 1060,Brand E,9.69,7.87,4586,19,4.7,4.0,76,44438.34,8346.52,4233,4586
P01061,Dairy,Product 1061,Brand A,4.57,23.68,3692,66,0.54,2.9,70,16872.44,-70554.12,3617,3692
P01062,Frozen,Product 1062,Brand E,28.16,5.59,759,56,0.7,4.1,35,21373.44,17130.63,311,759
P01063,Frozen,Product 1063,Brand C,29.1,23.05,3873,95,1.98,3.1,48,112704.3,23431.65,3629,3873
P01064,Dairy,Product 1064,Brand B,31.75,27.03,5251,36,0.54,2.7,91,166719.25,24784.72,4980,5251
P01065,Bakery,Product 1065,Brand A,22.02,4.93,3757,48,4.37,4.7,12,82729.14,64207.13,3736,3757
P01066,Dairy,Product 1066,Brand C,40.37,11.76,4236,31,4.48,4.1,47,171007.32,121191.96,4200,4236
P01067,Beverages,Product 1067,Brand B,16.68,19.51,2744,28,2.55,4.2,51,45769.92,-7765.52,1366,1564
P01068,Frozen,Product 1068,Brand D,6.79,25.52,4354,18,2.92,2.9,57,29563.66,-81550.42,247,400
P01069,Snacks,Product 1069,Brand B,31.84,20.8,3248,28,3.54,4.2,98,103416.32,35857.92,1809,1853
P01070,Produce,Product 1070,Brand A,22.63,2.11,3251,11,0.52,2.9,22,73570.13,66710.52,3122,3251
P01071,Bakery,Product 1071,Brand D,19.34,11.76,4483,70,3.11,3.3,98,86701.22,33981.14,4090,4132
P01072,Bakery,Product 1072,Brand C,3.23,3.93,4007,68,1.37,4.0,97,12942.61,-2804.9,3564,4007
P01073,Produce,Product 1073,Brand A,5.47,10.7,4434,95,4.54,3.7,65,24253.98,-23189.82,3936,4434
P01074,Dairy,Product 1074,Brand A,9.49,6.6,3454,79,3.54,4.3,68,32778.46,9982.06,3421,3454
P01075,Frozen,Product 1075,Brand A,40.37,10.27,4982,80,0.52,3.5,72,201123.34,149958.2,4623,4982
P01076,Bakery,Product 1076,Brand D,1.6,11.14,4952,79,1.67,3.5,89,7923.2,-47242.08,468,884
P01077,Dairy,Product 1077,Brand C,48.52,35.13,4530,42,4.91,4.1,52,219795.6,60656.7,4080,4530
P01078,Dairy,Product 1078,Brand C,49.32,9.53,5252,87,4.69,4.5,84,259028.64,208977.08,4843,5252
P01079,Produce,Product 1079,Brand E,49.32,19.64,3278,74,4.39,3.4,66,161670.96,97291.04,1570,1866
P01080,Bakery,Product 1080,Brand D,39.96,36.87,3635,34,4.76,4.9,30,145254.6,11232.15,3193,3635
P01081,Bakery,Product 1081,Brand B,4.4,3.73,3305,79,2.23,3.7,63,14542.0,2214.35,2697,3050
P01082,Produce,Product 1082,Brand D,29.59,18.3,4849,37,2.0,3.1,88,143481.91,54745.21,4734,4849
P01083,Produce,Product 1083,Brand D,44.67,21.54,3811,27,3.4,4.7,62,170237.37,88148.43,3453,3811
P01084,Bakery,Product 1084,Brand A,3.82,16.16,4083,72,3.3,2.7,54,15597.06,-50384.22,1402,1605
P01085,Produce,Product 1085,Brand B,28.36,38.01,3488,58,3.48,3.6,45,98919.68,-33659.2,3424,3488
P01086,Bakery,Product 1086,Brand C,14.82,39.5,4892,75,4.48,3.6,72,72499.44,-120734.56,1994,2397
P01087,Produce,Product 1087,Brand B,18.31,4.93,4635,49,4.47,4.3,10,84866.85,62016.3,4162,4635
P01088,Dairy,Product 1088,Brand D,29.1,7.89,2908,94,4.76,4.4,76,84622.8,61678.68,2624,2908
P01089,Snacks,Product 1089,Brand A,37.92,38.19,1646,96,2.14,4.0,88,62416.32,-444.42,1188,1646
P01090,Produce,Product 1090,Brand C,35.61,23.97,1847,75,2.85,2.7,42,65771.67,21499.08,1426,1649
P01091,Produce,Product 1091,Brand A,48.1,2.29,4705,89,4.24,3.3,41,226310.5,215536.05,4369,4705
P01092,Dairy,Product 1092,Brand B,18.19,5.79,4260,13,4.24,3.6,96,77489.4,52824.0,1383,1751
P01093,Beverages,Product 1093,Brand C,18.44,16.22,3882,43,1.31,4.7,67,71584.08,8618.04,3456,3882
P01094,Frozen,Product 1094,Brand A,6.05,32.64,2109,14,4.39,4.0,35,12759.45,-56078.31,1202,1412
P01095,Snacks,Product 1095,Brand C,19.16,35.68,1253,31,0.73,4.4,70,24007.48,-20699.56,1167,1253
P01096,Produce,Product 1096,Brand C,35.1,3.73,2971,29,3.81,3.9,26,104282.1,93200.27,844,1278
P01097,Produce,Product 1097,Brand B,11.96,33.76,3401,56,2.82,2.5,82,40675.96,-74141.8,3174,3401
P01098,Produce,Product 1098,Brand B,25.14,35.86,3938,86,3.97,2.7,78,99001.32,-42215.36,2590,3050
P01099,Produce,Product 1099,Brand C,14.59,19.22,2588,43,1.54,3.8,38,37758.92,-11982.44,2226,2588
P01100,Produce,Product 1100,Brand D,45.41,23.46,4340,53,0.75,4.9,72,197079.4,95263.0,3864,4340
P01101,Snacks,Product 1101,Brand A,37.78,8.85,3266,15,2.92,2.6,15,123389.48,94485.38,2962,3266
P01102,Beverages,Product 1102,Brand A,14.72,18.77,3363,65,3.15,3.1,68,49503.36,-13620.15,3178,3363
P01103,Frozen,Product 1103,Brand C,29.63,26.01,4545,38,3.79,4.6,30,134668.35,16452.9,982,1247
P01104,Produce,Product 1104,Brand C,19.92,24.44,3074,62,4.76,4.7,54,61234.08,-13894.48,2660,3074
P01105,Dairy,Product 1105,Brand E,6.76,6.85,5293,10,4.05,3.7,54,35780.68,-476.37,4891,5293
P01106,Beverages,Product 1106,Brand B,48.75,5.89,4107,68,3.41,3.5,96,200216.25,176026.02,3934,4107
P01107,Frozen,Product 1107,Brand A,29.1,39.47,3802,57,0.99,4.6,44,110638.2,-39426.74,2874,3090
P01108,Frozen,Product 1108,Brand C,40.91,30.89,2583,16,3.02,4.1,61,105670.53,25881.66,176,542
P01109,Produce,Product 1109,Brand E,16.63,2.11,4204,95,1.72,2.8,55,69912.52,61042.08,3214,3297
P01110,Produce,Product 1110,Brand E,37.56,8.65,3406,41,3.0,4.4,75,127929.36,98467.46,3328,3406
P01111,Bakery,Product 1111,Brand B,6.45,13.22,4411,87,3.15,2.8,66,28450.95,-29862.47,1112,1434
P01112,Bakery,Product 1112,Brand D,14.27,25.3,4780,70,3.81,4.7,51,68210.6,-52723.4,4385,4780
P01113,Frozen,Product 1113,Brand D,4.49,39.99,3211,66,4.37,2.6,82,14417.39,-113990.5,974,1320
P01114,Beverages,Product 1114,Brand D,38.31,25.81,4529,60,0.67,3.8,86,173505.99,56612.5,4457,4529
P01115,Frozen,Product 1115,Brand E,5.96,8.77,4107,97,3.76,3.5,25,24477.72,-11540.67,3656,4107
P01116,Snacks,Product 1116,Brand C,20.07,13.44,2696,28,1.64,3.2,14,54108.72,17874.48,2425,2696
P01117,Bakery,Product 1117,Brand E,18.44,22.66,3339,36,4.48,3.3,10,61571.16,-14090.58,1825,2190
P01118,Produce,Product 1118,Brand D,31.18,2.05,4631,72,0.7,2.5,31,144394.58,134901.03,4088,4384
P01119,Bakery,Product 1119,Brand D,37.97,37.21,2595,69,2.56,4.4,57,98532.15,1972.2,2454,2595
P01120,Dairy,Product 1120,Brand A,19.36,20.19,4275,70,2.58,3.7,35,82764.0,-3548.25,4067,4275
P01121,Dairy,Product 1121,Brand E,32.23,28.31,3096,70,0.72,4.6,43,99784.08,12136.32,2754,3096
P01122,Bakery,Product 1122,Brand B,11.96,18.3,3360,96,1.04,3.7,67,40185.6,-21302.4,3327,3360
P01123,Dairy,Product 1123,Brand C,16.68,32.61,4877,54,4.76,4.1,94,81348.36,-77690.61,4495,4877
P01124,Bakery,Product 1124,Brand B,35.48,6.6,3528,30,1.28,3.1,16,125173.44,101888.64,2494,2880
P01125,Produce,Product 1125,Brand D,2.3,21.52,4730,53,4.05,4.9,34,10879.0,-90910.6,4621,4730
P01126,Beverages,Product 1126,Brand B,28.16,4.0,618,10,2.26,3.8,66,17402.88,14930.88,141,618
P01127,Dairy,Product 1127,Brand A,3.76,27.77,5199,53,1.06,2.5,21,19548.24,-124827.99,4833,5199
P01128,Beverages,Product 1128,Brand E,47.79,25.81,2411,71,0.5,4.5,40,115221.69,52993.78,1948,2110
P01129,Dairy,Product 1129,Brand B,8.67,35.92,2646,70,0.67,4.6,36,22940.82,-72103.5,2224,2240
P01130,Frozen,Product 1130,Brand C,35.1,10.27,4305,88,1.53,4.0,95,151105.5,106893.15,4291,4305
P01131,Dairy,Product 1131,Brand E,25.76,19.22,3197,98,3.87,3.0,43,82354.72,20908.38,2966,3197
P01132,Dairy,Product 1132,Brand B,25.76,14.89,5178,88,2.55,4.4,90,133385.28,56284.86,4932,5178
P01133,Dairy,Product 1133,Brand C,47.13,19.94,3789,92,4.47,4.9,84,178575.57,103022.91,1746,1792
P01134,Frozen,Product 1134,Brand C,44.67,3.5,1632,59,3.9,4.0,43,72901.44,67189.44,304,610
P01135,Bakery,Product 1135,Brand D,40.53,19.94,3567,84,1.72,3.7,46,144570.51,73444.53,3434,3547
P01136,Beverages,Product 1136,Brand D,6.79,22.3,4852,50,0.99,4.3,67,32945.08,-75254.52,3759,4148
P01137,Dairy,Product 1137,Brand C,37.56,7.49,4248,42,1.75,3.9,69,159554.88,127737.36,754,797
P01138,Produce,Product 1138,Brand B,4.4,14.57,2864,96,2.14,3.6,35,12601.6,-29126.88,2462,2864
P01139,Beverages,Product 1139,Brand B,39.04,34.56,2789,21,2.48,5.0,54,108882.56,12494.72,1492,1540
P01140,Produce,Product 1140,Brand D,14.77,11.44,3960,11,0.9,4.3,54,58489.2,13186.8,3768,3960
P01141,Frozen,Product 1141,Brand D,18.31,10.7,5349,30,3.81,2.9,41,97940.19,40705.89,4939,5349
P01142,Dairy,Product 1142,Brand A,49.32,19.64,586,23,1.04,4.3,78,28901.52,17392.48,384,586
P01143,Dairy,Product 1143,Brand B,26.63,21.54,3658,43,4.83,4.0,93,97412.54,18619.22,1440,1894
P01144,Snacks,Product 1144,Brand B,3.0,5.79,4010,88,4.39,3.7,80,12030.0,-11187.9,611,753
P01145,Bakery,Product 1145,Brand D,17.1,25.07,3605,94,4.27,3.7,32,61645.5,-28731.85,3155,3605
P01146,Frozen,Product 1146,Brand B,36.02,5.59,4413,73,4.98,3.4,74,158956.26,134287.59,4224,4413
P01147,Bakery,Product 1147,Brand C,15.0,5.27,4130,32,1.67,4.0,48,61950.0,40184.9,3911,4130
P01148,Produce,Product 1148,Brand D,35.21,27.77,4017,94,4.27,2.9,76,141438.57,29886.48,3465,3922
P01149,Bakery,Product 1149,Brand A,22.63,10.69,4219,59,4.48,3.5,54,95475.97,50374.86,3178,3430
P01150,Snacks,Product 1150,Brand C,47.42,32.61,5198,23,3.19,4.1,76,246489.16,76982.38,4737,5198
P01151,Beverages,Product 1151,Brand C,5.47,5.04,2639,94,2.59,3.5,72,14435.33,1134.77,2362,2639
P01152,Snacks,Product 1152,Brand A,37.97,2.05,5133,85,4.12,5.0,79,194900.01,184377.36,4822,5133
P01153,Snacks,Product 1153,Brand E,28.16,33.76,4239,55,0.91,3.7,63,119370.24,-23738.4,4123,4239
P01154,Produce,Product 1154,Brand A,13.14,14.84,4425,14,4.54,3.8,36,58144.5,-7522.5,314,678
P01155,Dairy,Product 1155,Brand C,26.63,34.66,4932,75,3.37,2.8,88,131339.16,-39603.96,3341,3343
P01156,Frozen,Product 1156,Brand A,2.14,10.7,2755,31,4.69,4.0,45,5895.7,-23582.8,2368,2755
P01157,Bakery,Product 1157,Brand B,37.16,22.3,3938,79,4.59,2.6,14,146336.08,58518.68,3431,3444
P01158,Dairy,Product 1158,Brand D,29.59,23.05,2685,11,1.91,4.9,76,79449.15,17559.9,2408,2685
P01159,Beverages,Product 1159,Brand A,22.26,11.76,2354,38,4.8,3.9,60,52400.04,24717.0,1937,2354
P01160,Bakery,Product 1160,Brand A,47.07,25.0,3787,70,2.51,3.6,98,178254.09,83579.09,665,917
P01161,Bakery,Product 1161,Brand C,6.82,8.77,4195,80,4.34,4.1,41,28609.9,-8180.25,3791,4195
P01162,Produce,Product 1162,Brand E,32.81,6.85,4379,25,3.92,4.7,30,143674.99,113678.84,3998,4379
P01163,Snacks,Product 1163,Brand D,18.31,15.99,1128,73,0.78,4.1,26,20653.68,2616.96,900,1128
P01164,Frozen,Product 1164,Brand C,6.05,21.05,4171,23,1.04,4.6,82,25234.55,-62565.0,1378,1524
P01165,Snacks,Product 1165,Brand D,19.44,23.68,1618,52,3.41,3.0,35,31453.92,-6860.32,1401,1618
P01166,Snacks,Product 1166,Brand A,39.96,14.57,3967,85,0.78,4.4,31,158521.32,100722.13,3730,3967
P01167,Beverages,Product 1167,Brand A,23.27,26.01,5135,52,2.65,4.0,50,119491.45,-14069.9,4841,5135
P01168,Beverages,Product 1168,Brand A,9.49,29.94,3860,79,2.26,3.1,68,36631.4,-78937.0,3604,3860
P01169,Produce,Product 1169,Brand D,18.31,36.48,1372,64,4.46,4.9,96,25121.32,-24929.24,1091,1372
P01170,Bakery,Product 1170,Brand A,20.53,21.52,4990,85,1.75,2.8,84,102444.7,-4940.1,4824,4990
P01171,Bakery,Product 1171,Brand A,48.75,1.07,4949,40,2.58,2.6,19,241263.75,235968.32,2625,2768
P01172,Frozen,Product 1172,Brand D,3.25,8.1,3027,85,1.6,3.5,96,9837.75,-14680.95,2529,3027
P01173,Produce,Product 1173,Brand C,2.24,36.48,4147,83,4.2,4.0,14,9289.28,-141993.28,2700,3165
P01174,Produce,Product 1174,Brand B,1.89,17.78,3498,49,0.98,3.5,64,6611.22,-55583.22,3260,3498
P01175,Produce,Product 1175,Brand E,4.84,8.85,2723,36,3.65,4.7,35,13179.32,-10919.23,2239,2723
P01176,Snacks,Product 1176,Brand D,1.89,13.44,1953,61,0.54,2.7,13,3691.17,-22557.15,476,889
P01177,Beverages,Product 1177,Brand D,31.39,4.52,2626,16,3.15,3.1,36,82430.14,70560.62,1204,1301
P01178,Snacks,Product 1178,Brand D,49.35,18.77,4159,55,0.54,4.9,67,205246.65,127182.22,2247,2439
P01179,Snacks,Product 1179,Brand B,45.23,7.89,4664,42,4.83,4.1,12,210952.72,174153.76,1713,2001
P01180,Frozen,Product 1180,Brand D,48.75,19.22,3403,17,2.42,3.9,59,165896.25,100490.59,2947,3403
P01181,Snacks,Product 1181,Brand E,42.4,22.44,3610,14,4.6,4.7,35,153064.0,72055.6,3567,3610
P01182,Frozen,Product 1182,Brand B,44.88,25.07,665,70,4.48,4.9,27,29845.2,13173.65,122,391
P01183,Frozen,Product 1183,Brand B,27.93,13.44,3012,81,3.79,4.9,16,84125.16,43643.88,2803,3012
P01184,Frozen,Product 1184,Brand A,16.68,37.21,4580,69,3.07,3.3,54,76394.4,-94027.4,4111,4580
P01185,Beverages,Product 1185,Brand E,22.51,27.55,5299,94,2.66,4.3,22,119280.49,-26706.96,4965,5299
P01186,Bakery,Product 1186,Brand B,26.63,9.87,3473,33,3.41,3.1,15,92485.99,58207.48,3448,3473
P01187,Frozen,Product 1187,Brand D,6.45,22.3,4174,16,0.8,4.0,44,26922.3,-66157.9,3869,4174
P01188,Bakery,Product 1188,Brand D,29.59,10.08,4971,70,4.96,3.6,62,147091.89,96984.21,1018,1106
P01189,Snacks,Product 1189,Brand D,36.02,31.67,2823,92,4.96,3.9,77,101684.46,12280.05,2079,2199
P01190,Dairy,Product 1190,Brand C,36.58,10.69,2140,45,2.59,4.0,51,78281.2,55404.6,476,701
P01191,Produce,Product 1191,Brand D,29.7,24.73,2851,36,3.41,3.6,13,84674.7,14169.47,1350,1486
P01192,Frozen,Product 1192,Brand B,49.35,1.64,1547,38,1.54,2.9,69,76344.45,73807.37,1296,1547
P01193,Beverages,Product 1193,Brand C,13.26,14.65,2182,96,4.76,2.9,54,28933.32,-3032.98,1770,2182
P01194,Bakery,Product 1194,Brand D,3.11,7.89,3451,29,1.37,3.1,81,10732.61,-16495.78,3240,3451
P01195,Bakery,Product 1195,Brand A,27.74,39.87,3834,79,4.59,4.9,84,106355.16,-46506.42,3452,3834
P01196,Dairy,Product 1196,Brand D,5.96,8.91,4879,85,2.23,2.9,75,29078.84,-14393.05,3010,3021
P01197,Snacks,Product 1197,Brand E,37.78,17.02,1935,85,3.02,4.7,91,73104.3,40170.6,1456,1895
P01198,Snacks,Product 1198,Brand C,35.48,20.8,1876,12,4.59,2.9,91,66560.48,27539.68,1866,1876
P01199,Bakery,Product 1199,Brand B,44.88,11.76,2306,48,4.47,3.5,31,103493.28,76374.72,1465,1780
P01200,Snacks,Product 1200,Brand E,10.59,13.49,2529,92,4.09,4.7,21,26782.11,-7334.1,2464,2529
P01201,Produce,Product 1201,Brand E,32.23,13.22,4465,54,0.52,3.1,90,143906.95,84879.65,4076,4465
P01202,Produce,Product 1202,Brand C,41.27,15.07,4259,77,3.51,4.9,60,175768.93,111585.8,3941,4021
P01203,Dairy,Product 1203,Brand C,39.08,20.71,3812,40,4.2,4.0,26,148972.96,70026.44,3344,3812
P01204,Snacks,Product 1204,Brand D,44.67,19.01,1047,47,2.63,4.9,45,46769.49,26866.02,643,1047
P01205,Frozen,Product 1205,Brand C,39.69,10.08,3463,15,2.4,4.9,58,137446.47,102539.43,3371,3463
P01206,Snacks,Product 1206,Brand D,4.57,33.61,3896,17,0.7,4.1,25,17804.72,-113139.84,3763,3896
P01207,Dairy,Product 1207,Brand A,29.7,17.3,2322,37,2.95,4.6,84,68963.4,28792.8,875,987
P01208,Bakery,Product 1208,Brand C,25.76,11.71,2032,24,1.97,4.3,53,52344.32,28549.6,1720,1915
P01209,Snacks,Product 1209,Brand A,14.72,8.85,4826,17,2.0,3.3,31,71038.72,28328.62,4412,4826
P01210,Frozen,Product 1210,Brand E,8.98,24.43,3774,63,2.0,2.9,17,33890.52,-58308.3,631,718
P01211,Bakery,Product 1211,Brand B,4.62,17.02,4806,15,0.54,4.9,27,22203.72,-59594.4,4644,4806
P01212,Dairy,Product 1212,Brand C,19.37,19.51,2805,38,0.76,3.8,89,54332.85,-392.7,988,1357
P01213,Beverages,Product 1213,Brand D,25.76,7.68,3784,43,4.6,2.9,93,97475.84,68414.72,2013,2387
P01214,Beverages,Product 1214,Brand D,22.51,2.55,4504,16,0.99,4.0,81,101385.04,89899.84,4156,4504
P01215,Beverages,Product 1215,Brand E,5.94,37.82,4559,49,1.84,4.3,47,27080.46,-145340.92,492,493
P01216,Snacks,Product 1216,Brand A,5.47,17.55,4370,83,3.65,4.0,38,23903.9,-52789.6,1721,2089
P01217,Dairy,Product 1217,Brand D,49.31,25.81,3968,22,2.71,4.5,86,195662.08,93248.0,3557,3968
P01218,Bakery,Product 1218,Brand A,4.4,7.31,4766,71,2.01,4.0,90,20970.4,-13869.06,2463,2582
P01219,Dairy,Product 1219,Brand D,27.27,31.45,2670,95,3.48,3.0,90,72810.9,-11160.6,1448,1824
P01220,Snacks,Product 1220,Brand D,23.72,38.19,3214,94,0.52,4.0,82,76236.08,-46506.58,2960,3214
P01221,Produce,Product 1221,Brand D,36.58,13.22,2018,74,0.99,3.3,11,73818.44,47140.48,417,608
P01222,Dairy,Product 1222,Brand E,32.23,24.43,4864,50,4.12,5.0,68,156766.72,37939.2,4574,4864
P01223,Bakery,Product 1223,Brand B,47.57,15.99,2881,51,4.33,3.9,51,137049.17,90981.98,804,1155
P01224,Produce,Product 1224,Brand D,32.23,34.56,4159,75,1.72,3.9,97,134044.57,-9690.47,3871,4159
P01225,Dairy,Product 1225,Brand D,16.68,38.81,1257,20,2.51,2.6,30,20966.76,-27817.41,1141,1257
P01226,Snacks,Product 1226,Brand C,17.1,34.06,3173,59,4.92,4.6,11,54258.3,-53814.08,2974,3173
P01227,Dairy,Product 1227,Brand B,41.27,3.73,4579,80,2.4,3.7,14,188975.33,171895.66,4344,4579
P01228,Beverages,Product 1228,Brand A,49.53,24.92,4983,44,4.44,4.9,26,246807.99,122631.63,4753,4983
P01229,Produce,Product 1229,Brand B,49.32,11.14,4809,89,4.08,2.5,33,237179.88,183607.62,2609,2835
P01230,Bakery,Product 1230,Brand C,17.7,36.21,4536,88,2.51,4.0,17,80287.2,-83961.36,4106,4536
P01231,Bakery,Product 1231,Brand A,27.91,33.76,4106,29,0.88,3.8,39,114598.46,-24020.1,3910,4106
P01232,Snacks,Product 1232,Brand C,49.53,39.21,3591,37,0.67,4.5,59,177862.23,37059.12,3124,3591
P01233,Bakery,Product 1233,Brand A,37.56,16.16,5331,46,3.15,4.0,31,200232.36,114083.4,4890,5331
P01234,Bakery,Product 1234,Brand E,49.66,32.99,5020,12,2.23,4.9,68,249293.2,83683.4,4742,5020
P01235,Snacks,Product 1235,Brand B,3.0,14.26,4426,68,2.55,4.9,33,13278.0,-49836.76,2227,2384
P01236,Beverages,Product 1236,Brand C,16.63,21.22,5195,82,3.4,3.9,35,86392.85,-23845.05,4713,5195
P01237,Produce,Product 1237,Brand A,26.63,39.5,3203,36,0.99,4.9,70,85295.89,-41222.61,2849,3203
P01238,Produce,Product 1238,Brand B,29.59,11.5,857,41,1.78,2.7,17,25358.63,15503.13,343,644
P01239,Beverages,Product 1239,Brand E,27.27,38.01,2445,57,3.87,4.5,21,66675.15,-26259.3,108,281
P01240,Bakery,Product 1240,Brand A,48.75,10.27,4574,55,2.32,4.2,23,222982.5,176007.52,3754,4077
P01241,Frozen,Product 1241,Brand D,18.44,9.99,2814,56,0.84,3.9,39,51890.16,23778.3,2793,2814
P01242,Bakery,Product 1242,Brand D,40.53,21.22,2499,99,1.02,3.6,64,101284.47,48255.69,1423,1909
P01243,Bakery,Product 1243,Brand B,32.48,25.3,4810,49,2.83,3.1,70,156228.8,34535.8,2396,2801
P01244,Produce,Product 1244,Brand B,32.12,24.44,4895,12,4.41,3.6,71,157227.4,37593.6,2470,2658
P01245,Dairy,Product 1245,Brand E,31.82,37.34,3546,84,2.66,4.6,40,112833.72,-19573.92,2703,3168
P01246,Produce,Product 1246,Brand D,45.16,3.93,3918,38,3.37,4.3,36,176936.88,161539.14,3633,3918
P01247,Produce,Product 1247,Brand A,5.16,32.64,4079,67,4.09,4.3,10,21047.64,-112090.92,492,781
P01248,Bakery,Product 1248,Brand E,21.04,38.02,4782,59,0.88,4.3,50,100613.28,-81198.36,1351,1518
P01249,Snacks,Product 1249,Brand D,44.88,26.91,3256,19,1.31,3.6,23,146129.28,58510.32,3066,3256
P01250,Snacks,Product 1250,Brand A,24.23,4.93,4854,70,1.21,4.9,83,117612.42,93682.2,4764,4854
P01251,Snacks,Product 1251,Brand D,42.92,36.21,4821,70,4.7,3.1,59,206917.32,32348.91,4439,4821
P01252,Produce,Product 1252,Brand A,49.53,38.19,3683,32,4.69,4.2,51,182418.99,41765.22,3228,3683
P01253,Beverages,Product 1253,Brand D,19.44,9.87,1567,15,1.54,4.0,80,30462.48,14996.19,1266,1567
P01254,Produce,Product 1254,Brand A,8.67,14.26,3108,84,1.35,4.8,49,26946.36,-17373.72,2666,3108
P01255,Produce,Product 1255,Brand E,43.56,7.49,4022,69,2.84,4.8,23,175198.32,145073.54,3107,3180
P01256,Bakery,Product 1256,Brand A,22.26,10.7,1610,36,1.57,3.8,20,35838.6,18611.6,292,374
P01257,Produce,Product 1257,Brand B,30.97,10.27,2518,64,2.71,2.9,72,77982.46,52122.6,426,811
P01258,Dairy,Product 1258,Brand C,18.19,27.03,4231,40,3.9,4.8,58,76961.89,-37402.04,4220,4231
P01259,Beverages,Product 1259,Brand B,22.51,23.68,4767,39,2.45,2.9,46,107305.17,-5577.39,4297,4767
P01260,Bakery,Product 1260,Brand B,31.96,20.8,2745,76,0.51,2.9,19,87730.2,30634.2,762,1011
P01261,Bakery,Product 1261,Brand D,43.06,6.44,4572,22,2.71,4.3,63,196870.32,167426.64,4412,4572
P01262,Dairy,Product 1262,Brand A,14.82,32.99,5044,68,4.76,3.7,16,74752.08,-91649.48,4937,5044
P01263,Dairy,Product 1263,Brand D,19.44,25.0,4583,63,2.42,3.5,90,89093.52,-25481.48,4125,4583
P01264,Beverages,Product 1264,Brand D,5.94,7.31,4895,30,1.28,2.9,21,29076.3,-6706.15,4462,4895
P01265,Dairy,Product 1265,Brand C,48.5,7.35,4448,52,2.58,4.7,64,215728.0,183035.2,4357,4448
P01266,Beverages,Product 1266,Brand D,35.21,39.87,5114,20,3.2,2.6,45,180063.94,-23831.24,4873,5114
P01267,Bakery,Product 1267,Brand C,4.4,3.67,2452,76,2.17,4.3,16,10788.8,1789.96,985,1189
P01268,Beverages,Product 1268,Brand E,19.44,29.17,4467,47,3.85,4.1,33,86838.48,-43463.91,4053,4467
P01269,Frozen,Product 1269,Brand B,29.1,18.77,4807,33,2.95,4.8,43,139883.7,49656.31,2394,2710
P01270,Beverages,Product 1270,Brand C,27.91,2.55,3961,60,2.85,2.9,74,110551.51,100450.96,3567,3961
P01271,Produce,Product 1271,Brand C,47.07,14.15,4272,85,2.2,3.5,38,201083.04,140634.24,1132,1592
P01272,Beverages,Product 1272,Brand B,45.41,20.19,4494,70,5.0,4.7,35,204072.54,113338.68,1571,1929
P01273,Frozen,Product 1273,Brand C,35.48,35.92,2893,55,3.79,4.9,83,102643.64,-1272.92,2744,2893
P01274,Snacks,Product 1274,Brand C,4.57,4.52,4646,52,1.04,4.0,74,21232.22,232.3,4171,4646
P01275,Produce,Product 1275,Brand E,39.79,23.68,1510,36,2.85,2.6,54,60082.9,24326.1,1248,1510
P01276,Frozen,Product 1276,Brand D,21.56,35.13,306,94,3.4,3.6,26,6597.36,-4152.42,140,306
P01277,Dairy,Product 1277,Brand E,27.74,38.02,4237,98,0.58,4.9,45,117534.38,-43556.36,3856,4237
P01278,Produce,Product 1278,Brand A,49.53,32.08,3972,39,4.47,4.1,82,196733.16,69311.4,3856,3972
P01279,Frozen,Product 1279,Brand D,9.49,7.31,3952,72,2.01,3.6,72,37504.48,8615.36,3510,3952
P01280,Bakery,Product 1280,Brand B,39.04,5.54,3200,19,2.01,2.7,32,124928.0,107200.0,3066,3074
P01281,Beverages,Product 1281,Brand E,3.25,36.21,4231,12,3.43,3.2,75,13750.75,-139453.76,3896,4125
P01282,Snacks,Product 1282,Brand A,19.34,37.34,3450,86,0.54,4.9,91,66723.0,-62100.0,3380,3450
P01283,Produce,Product 1283,Brand A,35.35,2.73,3738,69,4.09,2.7,51,132138.3,121933.56,3547,3738
P01284,Dairy,Product 1284,Brand A,48.1,18.17,1847,36,2.4,3.7,80,88840.7,55280.71,184,346
P01285,Dairy,Product 1285,Brand D,27.27,20.8,4579,91,4.34,4.9,84,124869.33,29626.13,4402,4579
P01286,Snacks,Product 1286,Brand E,37.78,7.17,3610,54,4.47,4.9,80,136385.8,110502.1,3518,3558
P01287,Bakery,Product 1287,Brand B,23.96,25.07,4698,71,2.59,4.0,52,112564.08,-5214.78,4356,4698
P01288,Dairy,Product 1288,Brand C,3.22,22.3,4674,33,3.89,3.3,97,15050.28,-89179.92,4645,4674
P01289,Frozen,Product 1289,Brand E,35.48,6.44,2272,55,4.57,4.6,64,80610.56,65978.88,2263,2272
P01290,Produce,Product 1290,Brand C,21.56,34.71,4834,87,0.7,4.4,65,104221.04,-63567.1,4557,4834
P01291,Produce,Product 1291,Brand A,37.16,16.44,3764,53,2.26,4.6,88,139870.24,77990.08,3059,3347
P01292,Frozen,Product 1292,Brand C,19.16,22.3,3128,72,2.66,3.8,40,59932.48,-9821.92,2330,2402
P01293,Bakery,Product 1293,Brand E,5.96,11.14,3006,13,3.92,3.8,92,17915.76,-15571.08,2823,3006
P01294,Dairy,Product 1294,Brand A,38.13,18.77,3166,25,0.67,4.7,65,120719.58,61293.76,2739,3166
P01295,Produce,Product 1295,Brand B,29.6,14.35,1700,60,4.91,5.0,83,50320.0,25925.0,1130,1140
P01296,Produce,Product 1296,Brand C,48.1,19.94,2998,83,2.82,4.4,57,144203.8,84423.68,1030,1207
P01297,Produce,Product 1297,Brand A,3.76,15.07,5045,57,2.66,3.7,61,18969.2,-57058.95,4958,5045
P01298,Bakery,Product 1298,Brand A,15.0,7.68,2843,74,1.04,4.1,81,42645.0,20810.76,2759,2843
P01299,Bakery,Product 1299,Brand C,22.97,39.99,4464,78,1.84,4.0,10,102538.08,-75977.28,1921,2318
P01300,Produce,Product 1300,Brand D,4.57,5.27,3995,86,1.64,4.7,11,18257.15,-2796.5,3909,3995
P01301,Snacks,Product 1301,Brand A,49.35,4.0,4288,54,3.02,4.0,51,211612.8,194460.8,1693,1990
P01302,Beverages,Product 1302,Brand D,11.96,25.3,2754,12,4.47,3.3,83,32937.84,-36738.36,1220,1427
P01303,Produce,Product 1303,Brand C,39.79,16.71,2068,26,2.84,3.0,18,82285.72,47729.44,1781,2068
P01304,Dairy,Product 1304,Brand B,48.15,32.08,2568,92,3.4,3.3,40,123649.2,41267.76,2024,2133
P01305,Bakery,Product 1305,Brand C,4.4,39.3,2572,46,3.79,4.9,11,11316.8,-89762.8,2540,2572
P01306,Dairy,Product 1306,Brand B,16.65,39.99,5092,14,1.53,4.0,33,84781.8,-118847.28,4663,5092
P01307,Dairy,Product 1307,Brand A,4.62,8.91,3555,56,0.76,2.7,52,16424.1,-15250.95,3542,3555
P01308,Frozen,Product 1308,Brand C,37.78,35.68,3186,53,0.73,3.3,79,120367.08,6690.6,1307,1684
P01309,Frozen,Product 1309,Brand D,38.13,16.16,4694,97,1.75,4.1,81,178982.22,103127.18,1266,1675
P01310,Frozen,Product 1310,Brand D,23.45,8.1,1185,42,3.92,3.5,98,27788.25,18189.75,161,374
P01311,Frozen,Product 1311,Brand A,2.3,4.99,4408,30,4.92,4.2,52,10138.4,-11857.52,262,714
P01312,Dairy,Product 1312,Brand B,46.61,10.22,4865,76,0.7,3.3,60,226757.65,177037.35,4747,4865
P01313,Snacks,Product 1313,Brand D,1.89,3.5,4911,77,0.5,4.9,98,9281.79,-7906.71,1183,1289
P01314,Bakery,Product 1314,Brand E,37.87,19.64,925,41,3.3,2.6,55,35029.75,16862.75,338,353
P01315,Bakery,Product 1315,Brand A,4.84,25.0,3792,33,2.83,3.0,84,18353.28,-76446.72,2715,3035
P01316,Snacks,Product 1316,Brand E,18.19,30.06,3901,44,1.64,3.6,10,70959.19,-46304.87,2893,3106
P01317,Dairy,Product 1317,Brand D,14.81,15.99,4074,27,1.57,2.9,96,60335.94,-4807.32,3886,4074
P01318,Frozen,Product 1318,Brand D,2.24,11.5,2374,76,3.02,2.9,76,5317.76,-21983.24,2140,2374
P01319,Dairy,Product 1319,Brand C,16.68,38.19,3585,63,3.76,2.9,10,59797.8,-77113.35,3212,3585
P01320,Frozen,Product 1320,Brand B,48.75,27.32,3069,35,0.76,2.6,72,149613.75,65768.67,537,801
P01321,Frozen,Product 1321,Brand C,20.02,34.66,1774,69,0.7,2.6,85,35515.48,-25971.36,628,851
P01322,Snacks,Product 1322,Brand E,22.97,6.44,4798,97,2.82,3.6,71,110210.06,79310.94,204,662
P01323,Beverages,Product 1323,Brand C,23.27,23.8,4790,74,1.67,4.1,70,111463.3,-2538.7,4577,4790
P01324,Snacks,Product 1324,Brand D,48.15,34.71,4611,60,3.33,3.0,49,222019.65,61971.84,1338,1483
P01325,Dairy,Product 1325,Brand A,45.36,15.99,4081,69,2.66,3.8,38,185114.16,119858.97,4076,4081
P01326,Bakery,Product 1326,Brand E,35.48,24.44,2505,68,2.66,4.9,44,88877.4,27655.2,2364,2505
P01327,Bakery,Product 1327,Brand C,44.88,20.71,4023,85,1.08,2.5,94,180552.24,97235.91,250,271
P01328,Frozen,Product 1328,Brand D,44.88,11.44,3977,26,2.55,2.8,20,178487.76,132990.88,1893,2010
P01329,Beverages,Product 1329,Brand A,29.59,11.9,2891,94,4.76,3.8,99,85544.69,51141.79,730,1110
P01330,Beverages,Product 1330,Brand D,16.17,37.21,4732,30,2.85,2.7,20,76516.44,-99561.28,4617,4732
P01331,Bakery,Product 1331,Brand C,37.56,23.05,4885,76,3.8,3.1,72,183480.6,70881.35,4841,4885
P01332,Snacks,Product 1332,Brand A,45.16,27.03,2271,37,0.52,3.6,78,102558.36,41173.23,2067,2271
P01333,Snacks,Product 1333,Brand A,37.97,5.98,1276,98,4.48,4.6,65,48449.72,40819.24,306,779
P01334,Frozen,Product 1334,Brand E,35.61,19.96,3231,53,4.76,3.4,16,115055.91,50565.15,2922,3231
P01335,Beverages,Product 1335,Brand D,4.62,39.47,4426,79,1.91,4.0,60,20448.12,-154246.1,933,1345
P01336,Snacks,Product 1336,Brand E,40.83,34.69,4195,71,3.15,4.1,48,171281.85,25757.3,3873,4195
P01337,Snacks,Product 1337,Brand C,35.61,17.02,4246,51,4.39,4.3,51,151200.06,78933.14,3841,4246
P01338,Bakery,Product 1338,Brand C,45.36,14.84,3860,31,2.31,4.1,81,175089.6,117807.2,1600,1961
P01339,Frozen,Product 1339,Brand B,34.47,23.08,2861,47,4.24,3.5,62,98618.67,32586.79,2735,2861
P01340,Bakery,Product 1340,Brand C,14.81,14.89,4541,23,3.37,3.1,30,67252.21,-363.28,4421,4541
P01341,Bakery,Product 1341,Brand D,2.3,30.03,1117,35,2.55,4.3,39,2569.1,-30974.41,903,1117
P01342,Bakery,Product 1342,Brand B,14.72,18.64,2994,49,4.24,3.4,87,44071.68,-11736.48,1957,2270
P01343,Snacks,Product 1343,Brand A,29.1,27.03,3558,63,3.51,4.2,10,103537.8,7365.06,3247,3558
P01344,Produce,Product 1344,Brand D,2.14,21.22,4841,22,0.5,3.6,33,10359.74,-92366.28,4711,4841
P01345,Snacks,Product 1345,Brand A,21.04,2.05,4581,28,4.81,3.0,15,96384.24,86993.19,1946,2040
P01346,Dairy,Product 1346,Brand B,36.58,23.68,4447,51,0.7,2.9,15,162671.26,57366.3,4382,4447
P01347,Beverages,Product 1347,Brand C,31.39,11.5,4185,50,2.63,4.7,78,131367.15,83239.65,3819,4185
P01348,Produce,Product 1348,Brand A,16.65,9.87,4339,59,2.95,4.0,71,72244.35,29418.42,4134,4339
P01349,Bakery,Product 1349,Brand B,37.92,34.66,3073,12,0.7,3.3,44,116528.16,10017.98,2686,3073
P01350,Frozen,Product 1350,Brand B,6.79,9.53,5030,40,3.37,3.7,88,34153.7,-13782.2,4843,5030
P01351,Bakery,Product 1351,Brand C,25.65,2.73,2518,85,1.02,4.0,44,64586.7,57712.56,2165,2377
P01352,Beverages,Product 1352,Brand D,39.04,9.99,4671,24,0.99,2.9,57,182355.84,135692.55,4480,4671
P01353,Produce,Product 1353,Brand A,35.61,39.3,3340,63,1.21,3.1,81,118937.4,-12324.6,3079,3340
P01354,Dairy,Product 1354,Brand A,3.23,39.3,4449,62,0.99,4.9,52,14370.27,-160475.43,4070,4392
P01355,Snacks,Product 1355,Brand C,13.26,2.73,4016,54,4.05,3.1,44,53252.16,42288.48,3052,3142
P01356,Bakery,Product 1356,Brand B,49.32,16.16,5090,47,1.6,2.7,14,251038.8,168784.4,4845,5090
P01357,Bakery,Product 1357,Brand E,41.96,14.26,1819,87,2.56,2.6,40,76325.24,50386.3,1342,1819
P01358,Dairy,Product 1358,Brand C,11.96,38.02,3193,89,3.48,4.1,40,38188.28,-83209.58,2791,3193
P01359,Bakery,Product 1359,Brand C,19.44,32.61,4738,59,3.17,3.4,17,92106.72,-62399.46,2067,2460
P01360,Bakery,Product 1360,Brand C,21.56,23.46,4123,33,2.38,4.6,15,88891.88,-7833.7,2504,2654
P01361,Frozen,Product 1361,Brand B,5.79,1.54,3837,26,2.29,3.3,96,22216.23,16307.25,355,767
P01362,Bakery,Product 1362,Brand B,5.63,23.8,3199,27,2.56,4.6,62,18010.37,-58125.83,2755,3199
P01363,Dairy,Product 1363,Brand A,48.52,1.54,2328,51,2.63,4.1,89,112954.56,109369.44,1936,2076
P01364,Dairy,Product 1364,Brand B,35.14,35.86,1051,26,3.81,2.6,53,36932.14,-756.72,278,571
P01365,Bakery,Product 1365,Brand E,3.11,9.53,4749,25,1.35,4.3,58,14769.39,-30488.58,4283,4749
P01366,Snacks,Product 1366,Brand D,19.23,6.85,3685,94,0.79,2.6,17,70862.55,45620.3,3566,3685
P01367,Produce,Product 1367,Brand A,22.26,22.44,1660,97,4.54,2.9,73,36951.6,-298.8,127,374
P01368,Beverages,Product 1368,Brand A,28.14,6.44,2942,61,1.6,2.8,13,82787.88,63841.4,2844,2942
P01369,Produce,Product 1369,Brand A,40.83,15.4,3187,45,3.19,3.7,41,130125.21,81045.41,153,323
P01370,Produce,Product 1370,Brand E,38.31,32.08,4041,48,2.83,3.6,62,154810.71,25175.43,420,730
P01371,Produce,Product 1371,Brand D,13.26,15.99,4156,90,3.51,4.9,76,55108.56,-11345.88,3730,4156
P01372,Beverages,Product 1372,Brand B,45.16,25.0,3783,34,3.41,4.2,72,170840.28,76265.28,3405,3783
P01373,Dairy,Product 1373,Brand A,32.48,13.44,4275,51,3.3,4.9,89,138852.0,81396.0,3924,3991
P01374,Produce,Product 1374,Brand A,39.79,6.85,3082,30,3.54,4.7,69,122632.78,101521.08,431,487
P01375,Produce,Product 1375,Brand B,47.55,5.23,2863,77,1.35,3.8,86,136135.65,121162.16,1817,1863
P01376,Frozen,Product 1376,Brand A,32.81,11.3,3648,98,3.48,4.0,42,119690.88,78468.48,3643,3648
P01377,Dairy,Product 1377,Brand B,14.59,24.92,3953,68,4.57,4.9,31,57674.27,-40834.49,416,472
P01378,Beverages,Product 1378,Brand B,35.61,18.64,3802,39,3.43,4.4,40,135389.22,64519.94,3651,3802
P01379,Produce,Product 1379,Brand B,6.76,25.0,4109,66,0.66,2.8,33,27776.84,-74948.16,3008,3326
P01380,Frozen,Product 1380,Brand E,14.81,25.07,3158,42,3.19,4.4,12,46769.98,-32401.08,3017,3158
P01381,Produce,Product 1381,Brand C,31.82,5.98,4731,99,3.37,2.9,42,150540.42,122249.04,4416,4731
P01382,Dairy,Product 1382,Brand D,29.6,36.87,4944,98,3.48,3.6,35,146342.4,-35942.88,1462,1934
P01383,Beverages,Product 1383,Brand E,3.22,7.49,3560,62,1.06,4.0,60,11463.2,-15201.2,247,531
P01384,Produce,Product 1384,Brand C,27.91,3.67,2386,25,2.26,3.6,95,66593.26,57836.64,1832,2297
P01385,Dairy,Product 1385,Brand B,45.23,3.67,3373,58,3.79,3.7,39,152560.79,140181.88,2728,2734
P01386,Bakery,Product 1386,Brand B,49.66,31.01,4862,97,4.54,4.1,44,241446.92,90676.3,4673,4862
P01387,Dairy,Product 1387,Brand A,5.09,32.34,4435,14,2.23,3.3,34,22574.15,-120853.75,4118,4435
P01388,Snacks,Product 1388,Brand D,5.94,16.71,4567,86,4.28,4.6,37,27127.98,-49186.59,1309,1528
P01389,Beverages,Product 1389,Brand B,40.37,35.92,743,69,0.54,4.2,96,29994.91,3306.35,269,442
P01390,Frozen,Product 1390,Brand E,33.28,21.52,4851,80,3.85,2.8,35,161441.28,57047.76,1667,1760
P01391,Snacks,Product 1391,Brand D,30.97,7.68,4508,90,3.62,4.6,82,139612.76,104991.32,4496,4508
P01392,Dairy,Product 1392,Brand E,11.96,3.73,3759,64,3.17,3.1,17,44957.64,30936.57,3535,3698
P01393,Beverages,Product 1393,Brand A,25.23,7.68,2820,44,3.63,3.1,24,71148.6,49491.0,1977,2295
P01394,Produce,Product 1394,Brand D,15.0,35.86,4520,78,4.69,4.6,58,67800.0,-94287.2,4152,4520
P01395,Frozen,Product 1395,Brand A,5.94,13.22,4525,51,4.47,3.9,17,26878.5,-32942.0,3135,3140
P01396,Frozen,Product 1396,Brand C,47.07,10.08,4259,78,3.2,2.6,64,200471.13,157540.41,3348,3414
P01397,Frozen,Product 1397,Brand A,24.2,2.29,4176,33,0.76,2.8,94,101059.2,91496.16,3973,4176
P01398,Produce,Product 1398,Brand B,19.92,7.87,2615,80,4.46,4.8,67,52090.8,31510.75,2291,2615
P01399,Produce,Product 1399,Brand C,8.01,37.21,1946,80,0.74,3.1,12,15587.46,-56823.2,622,964
P01400,Dairy,Product 1400,Brand D,41.27,23.46,3845,64,3.0,2.5,18,158683.15,68479.45,3652,3845
P01401,Produce,Product 1401,Brand E,3.82,20.38,3171,23,2.32,4.3,23,12113.22,-52511.76,2806,3171
P01402,Bakery,Product 1402,Brand A,47.57,24.92,4238,64,0.72,2.6,29,201601.66,95990.7,2632,3002
P01403,Beverages,Product 1403,Brand D,32.52,16.44,1565,24,4.98,3.1,13,50893.8,25165.2,921,1257
P01404,Produce,Product 1404,Brand A,25.65,24.43,3674,14,3.41,3.5,33,94238.1,4482.28,3608,3674
P01405,Beverages,Product 1405,Brand D,35.35,7.49,542,13,4.96,3.4,85,19159.7,15100.12,294,463
P01406,Frozen,Product 1406,Brand D,24.23,39.3,3086,39,2.58,3.3,37,74773.78,-46506.02,565,720
P01407,Frozen,Product 1407,Brand E,49.53,10.69,3201,93,3.63,4.0,97,158545.53,124326.84,3125,3201
P01408,Produce,Product 1408,Brand A,30.97,5.6,3508,62,4.41,2.8,40,108642.76,88997.96,3247,3508
P01409,Frozen,Product 1409,Brand D,49.66,8.77,4285,99,0.73,3.9,76,212793.1,175213.65,2637,2770
P01410,Snacks,Product 1410,Brand B,36.02,8.91,4239,82,2.26,3.5,73,152688.78,114919.29,199,541
P01411,Produce,Product 1411,Brand D,41.27,5.79,625,39,4.57,4.3,26,25793.75,22175.0,215,356
P01412,Frozen,Product 1412,Brand C,47.57,31.67,4911,95,2.51,2.9,15,233616.27,78084.9,4575,4911
P01413,Bakery,Product 1413,Brand A,10.59,32.64,3393,93,2.31,4.0,91,35931.87,-74815.65,2971,3317
P01414,Frozen,Product 1414,Brand E,31.82,21.72,2709,70,2.26,4.3,69,86200.38,27360.9,2210,2709
P01415,Dairy,Product 1415,Brand A,48.2,32.61,1508,80,2.23,4.5,90,72685.6,23509.72,1371,1508
P01416,Beverages,Product 1416,Brand D,44.5,35.01,4729,77,4.69,3.7,20,210440.5,44878.21,2790,2966
P01417,Dairy,Product 1417,Brand D,19.44,39.5,1822,64,0.5,3.7,47,35419.68,-36549.32,1534,1822
P01418,Snacks,Product 1418,Brand C,44.88,38.79,2690,80,3.54,3.4,43,120727.2,16382.1,2002,2341
P01419,Bakery,Product 1419,Brand A,38.31,32.61,3159,82,2.65,2.7,56,121021.29,18006.3,3123,3159
P01420,Produce,Product 1420,Brand E,10.22,23.68,3351,51,2.56,3.3,41,34247.22,-45104.46,2875,3351
P01421,Bakery,Product 1421,Brand A,5.96,35.01,2836,86,4.34,3.8,66,16902.56,-82385.8,2693,2836
P01422,Snacks,Product 1422,Brand A,6.74,35.86,4630,38,4.83,3.9,55,31206.2,-134825.6,4493,4630
P01423,Bakery,Product 1423,Brand A,14.72,32.34,4507,44,4.48,3.1,44,66343.04,-79413.34,4491,4507
P01424,Bakery,Product 1424,Brand E,18.19,3.67,4591,54,0.54,4.7,31,83510.29,66661.32,3698,3948
P01425,Dairy,Product 1425,Brand A,22.63,7.17,4316,83,2.42,4.8,25,97671.08,66725.36,4310,4316
P01426,Bakery,Product 1426,Brand E,6.76,16.16,4219,99,0.54,3.7,85,28520.44,-39658.6,4147,4219
P01427,Frozen,Product 1427,Brand D,48.17,35.92,3401,38,2.0,3.9,14,163826.17,41662.25,3026,3187
P01428,Frozen,Product 1428,Brand A,47.79,6.92,3537,79,4.22,4.8,99,169033.23,144557.19,3313,3537
P01429,Bakery,Product 1429,Brand D,29.1,13.49,3132,12,2.26,3.8,35,91141.2,48890.52,2766,3132
P01430,Frozen,Product 1430,Brand B,44.5,4.99,3689,66,4.53,4.9,86,164160.5,145752.39,1926,2282
P01431,Dairy,Product 1431,Brand A,29.2,14.84,1599,75,3.48,4.8,33,46690.8,22961.64,1125,1551
P01432,Produce,Product 1432,Brand B,21.22,10.69,2787,31,0.8,3.1,76,59140.14,29347.11,885,1200
P01433,Beverages,Product 1433,Brand A,5.96,16.89,4726,36,1.08,3.3,41,28166.96,-51655.18,4230,4726
P01434,Produce,Product 1434,Brand C,6.76,3.93,1936,31,4.2,3.3,32,13087.36,5478.88,1900,1936
P01435,Beverages,Product 1435,Brand B,8.01,24.43,3582,83,2.42,4.0,58,28691.82,-58816.44,3389,3423
P01436,Bakery,Product 1436,Brand A,3.22,11.5,2866,58,4.47,3.1,71,9228.52,-23730.48,460,846
P01437,Dairy,Product 1437,Brand E,24.23,13.44,4502,92,2.26,2.9,86,109083.46,48576.58,4489,4502
P01438,Beverages,Product 1438,Brand D,40.53,35.01,3924,33,4.83,3.5,88,159039.72,21660.48,3497,3924
P01439,Produce,Product 1439,Brand D,39.79,21.22,1789,36,0.67,3.9,75,71184.31,33221.73,1326,1528
P01440,Frozen,Product 1440,Brand D,4.49,3.93,4102,45,2.31,3.2,20,18417.98,2297.12,2740,2797
P01441,Produce,Product 1441,Brand E,23.72,15.07,4235,26,3.0,4.2,89,100454.2,36632.75,3749,4235
P01442,Snacks,Product 1442,Brand D,29.63,35.01,4463,65,2.84,3.7,27,132238.69,-24010.94,4456,4463
P01443,Beverages,Product 1443,Brand A,5.94,20.71,3871,19,4.08,3.7,19,22993.74,-57174.67,3303,3746
P01444,Produce,Product 1444,Brand E,31.84,20.8,4454,63,1.02,4.3,86,141815.36,49172.16,1900,2215
P01445,Dairy,Product 1445,Brand D,44.88,14.15,3733,90,0.76,3.9,69,167537.04,114715.09,3496,3607
P01446,Bakery,Product 1446,Brand B,32.81,5.89,4770,83,0.51,3.1,17,156503.7,128408.4,1516,1632
P01447,Beverages,Product 1447,Brand C,38.13,4.73,4904,83,3.02,3.4,80,186989.52,163793.6,4597,4904
P01448,Bakery,Product 1448,Brand D,44.62,18.77,728,47,0.52,4.0,57,32483.36,18818.8,435,694
P01449,Dairy,Product 1449,Brand A,15.0,8.1,3264,90,3.97,3.9,90,48960.0,22521.6,3109,3264
P01450,Beverages,Product 1450,Brand E,1.53,27.32,4887,99,2.89,4.9,50,7477.11,-126035.73,2061,2267
P01451,Snacks,Product 1451,Brand C,16.63,35.86,1253,99,3.15,2.6,17,20837.39,-24095.19,943,1253
P01452,Beverages,Product 1452,Brand E,39.69,37.82,1834,13,3.89,2.9,46,72791.46,3429.58,1740,1834
P01453,Snacks,Product 1453,Brand A,9.69,39.87,4432,59,4.12,2.5,46,42946.08,-133757.76,4240,4432
P01454,Dairy,Product 1454,Brand B,4.81,32.99,4956,70,0.67,3.4,73,23838.36,-139660.08,1224,1514
P01455,Frozen,Product 1455,Brand D,21.22,7.79,5090,30,4.37,4.7,68,108009.8,68358.7,4811,5090
P01456,Produce,Product 1456,Brand B,21.22,8.85,2457,45,1.53,4.8,97,52137.54,30393.09,2409,2457
P01457,Dairy,Product 1457,Brand D,40.91,24.43,948,55,2.85,4.6,54,38782.68,15623.04,864,919
P01458,Snacks,Product 1458,Brand C,49.35,38.19,2840,80,4.34,4.7,25,140154.0,31694.4,1800,1817
P01459,Produce,Product 1459,Brand C,33.95,6.44,2774,53,3.89,2.5,35,94177.3,76312.74,2439,2774
P01460,Produce,Product 1460,Brand A,49.35,30.89,3889,73,1.28,4.0,40,191922.15,71790.94,3827,3889
P01461,Dairy,Product 1461,Brand C,1.56,32.08,4854,27,0.7,3.5,36,7572.24,-148144.08,4729,4854
P01462,Bakery,Product 1462,Brand B,32.48,9.53,1429,97,0.82,3.6,99,46413.92,32795.55,1192,1429
P01463,Produce,Product 1463,Brand C,40.83,17.55,4544,22,1.77,3.8,52,185531.52,105784.32,1704,1765
P01464,Bakery,Product 1464,Brand A,48.1,8.85,2694,22,1.28,3.7,24,129581.4,105739.5,1369,1814
P01465,Produce,Product 1465,Brand C,5.16,3.73,4814,34,2.26,4.3,67,24840.24,6884.02,4770,4814
P01466,Frozen,Product 1466,Brand E,6.69,28.68,4759,14,3.33,4.6,58,31837.71,-104650.41,4432,4759
P01467,Bakery,Product 1467,Brand C,24.23,7.31,3883,48,4.27,3.3,88,94085.09,65700.36,3502,3883
P01468,Snacks,Product 1468,Brand C,2.24,20.19,3267,38,3.33,3.2,96,7318.08,-58642.65,630,758
P01469,Snacks,Product 1469,Brand A,21.56,39.99,3149,66,3.9,3.5,34,67892.44,-58036.07,2890,3149
P01470,Dairy,Product 1470,Brand C,33.35,7.25,4872,55,0.66,3.7,77,162481.2,127159.2,2612,2813
P01471,Frozen,Product 1471,Brand B,44.5,27.32,2088,42,4.19,3.1,45,92916.0,35871.84,1352,1675
P01472,Snacks,Product 1472,Brand D,32.12,38.01,4153,97,0.66,3.1,89,133394.36,-24461.17,4041,4153
P01473,Frozen,Product 1473,Brand A,47.13,33.76,3608,19,2.66,2.8,56,170045.04,48238.96,2529,2884
P01474,Produce,Product 1474,Brand B,35.14,5.89,4810,67,4.81,4.1,68,169023.4,140692.5,4322,4810
P01475,Frozen,Product 1475,Brand E,4.84,7.17,4912,34,3.87,3.5,94,23774.08,-11444.96,757,1149
P01476,Dairy,Product 1476,Brand A,34.47,37.1,2374,83,4.83,3.0,61,81831.78,-6243.62,1964,2374
P01477,Snacks,Product 1477,Brand C,19.23,8.77,4540,48,1.91,2.9,49,87304.2,47488.4,1268,1644
P01478,Snacks,Product 1478,Brand D,28.16,3.93,4393,25,4.47,2.9,52,123706.88,106442.39,2700,2843
P01479,Frozen,Product 1479,Brand E,19.34,36.87,3561,69,2.4,4.7,65,68869.74,-62424.33,2586,2975
P01480,Dairy,Product 1480,Brand C,23.45,26.91,2952,37,4.2,2.8,90,69224.4,-10213.92,2555,2952
P01481,Produce,Product 1481,Brand D,14.82,2.91,3150,85,1.6,4.1,12,46683.0,37516.5,2943,3150
P01482,Dairy,Product 1482,Brand E,5.47,18.7,2753,53,0.74,3.0,80,15058.91,-36422.19,1830,2189
P01483,Bakery,Product 1483,Brand C,6.79,19.96,4051,67,4.27,2.7,21,27506.29,-53351.67,3911,4051
P01484,Produce,Product 1484,Brand B,8.67,23.8,4369,41,1.84,3.3,74,37879.23,-66102.97,4142,4369
P01485,Produce,Product 1485,Brand E,38.13,25.0,3657,72,4.53,3.3,52,139441.41,48016.41,3338,3657
P01486,Beverages,Product 1486,Brand D,37.56,39.99,2925,54,3.85,3.5,79,109863.0,-7107.75,2789,2925
P01487,Dairy,Product 1487,Brand A,39.69,35.86,3891,62,4.53,3.9,55,154433.79,14902.53,3433,3891
P01488,Beverages,Product 1488,Brand D,35.48,18.77,3722,70,4.6,3.2,69,132056.56,62194.62,3432,3722
P01489,Produce,Product 1489,Brand B,31.18,8.91,1498,59,4.83,2.7,70,46707.64,33360.46,1298,1498
P01490,Dairy,Product 1490,Brand D,37.79,5.04,3793,36,4.81,2.9,58,143337.47,124220.75,1480,1758
P01491,Bakery,Product 1491,Brand D,39.69,5.56,5271,35,3.63,2.9,96,209205.99,179899.23,4965,5271
P01492,Bakery,Product 1492,Brand A,32.48,13.8,3250,12,1.04,3.4,34,105560.0,60710.0,1290,1430
P01493,Dairy,Product 1493,Brand A,33.35,25.07,3674,99,2.59,3.3,98,122527.9,30420.72,1442,1592
P01494,Bakery,Product 1494,Brand A,17.1,25.81,1845,48,1.37,3.2,12,31549.5,-16069.95,1754,1845
P01495,Produce,Product 1495,Brand A,22.51,7.17,5039,74,1.67,4.3,77,113427.89,77298.26,4853,5039
P01496,Snacks,Product 1496,Brand D,3.82,4.99,3588,44,2.58,3.5,72,13706.16,-4197.96,3506,3588
P01497,Dairy,Product 1497,Brand A,20.53,38.79,2526,62,0.82,4.0,39,51858.78,-46124.76,1088,1107
P01498,Bakery,Product 1498,Brand C,14.81,32.34,4024,55,2.23,4.6,13,59595.44,-70540.72,3645,4024
P01499,Beverages,Product 1499,Brand D,5.63,37.1,3449,77,2.63,4.7,87,19417.87,-108540.03,3316,3449
P01500,Dairy,Product 1500,Brand A,29.1,35.68,2129,92,0.74,3.0,94,61953.9,-14008.82,1177,1449
P01501,Bakery,Product 1501,Brand E,8.67,6.54,994,31,0.67,3.7,80,8617.98,2117.22,221,590
P01502,Bakery,Product 1502,Brand A,1.89,19.01,4012,69,4.69,3.5,30,7582.68,-68685.44,3295,3464
P01503,Dairy,Product 1503,Brand E,32.48,26.91,4251,15,0.82,4.3,80,138072.48,23678.07,2314,2772
P01504,Beverages,Product 1504,Brand E,49.66,27.03,3110,61,1.77,2.7,10,154442.6,70379.3,3091,3110
P01505,Dairy,Product 1505,Brand D,35.09,35.92,4351,82,3.79,4.1,69,152676.59,-3611.33,933,1186
P01506,Beverages,Product 1506,Brand D,39.96,1.54,3368,84,1.64,2.7,43,134585.28,129398.56,1778,2142
P01507,Snacks,Product 1507,Brand E,27.93,34.06,2362,95,1.98,4.9,96,65970.66,-14479.06,2169,2362
P01508,Snacks,Product 1508,Brand C,3.0,7.87,3800,82,4.53,4.7,12,11400.0,-18506.0,1984,2262
P01509,Beverages,Product 1509,Brand D,9.49,16.16,4301,38,0.84,4.2,27,40816.49,-28687.67,4156,4301
P01510,Bakery,Product 1510,Brand A,21.04,2.05,3437,52,4.22,4.9,52,72314.48,65268.63,2062,2097
P01511,Produce,Product 1511,Brand A,48.2,6.6,4290,83,4.69,3.5,85,206778.0,178464.0,4123,4290
P01512,Snacks,Product 1512,Brand A,19.92,18.17,751,43,2.48,3.4,87,14959.92,1314.25,507,751
P01513,Bakery,Product 1513,Brand B,16.82,1.95,4750,40,3.92,4.0,50,79895.0,70632.5,4677,4750
P01514,Bakery,Product 1514,Brand C,25.23,7.35,2780,95,0.8,4.2,33,70139.4,49706.4,2469,2780
P01515,Produce,Product 1515,Brand C,19.23,21.54,4356,55,1.73,3.6,33,83765.88,-10062.36,2262,2395
P01516,Dairy,Product 1516,Brand D,5.47,33.76,2492,13,4.76,3.5,12,13631.24,-70498.68,2419,2492
P01517,Frozen,Product 1517,Brand A,23.27,26.01,3454,11,4.91,4.4,68,80374.58,-9463.96,3339,3454
P01518,Produce,Product 1518,Brand C,8.67,21.52,2259,14,0.98,4.6,67,19585.53,-29028.15,1992,2259
P01519,Produce,Product 1519,Brand E,45.23,19.01,2731,55,3.97,3.3,82,123523.13,71606.82,2397,2731
P01520,Frozen,Product 1520,Brand D,11.96,13.8,4048,88,4.18,2.7,33,48414.08,-7448.32,3938,4048
P01521,Dairy,Product 1521,Brand A,32.48,15.55,4064,28,1.72,4.6,75,131998.72,68803.52,1589,1757
P01522,Snacks,Product 1522,Brand B,14.81,22.3,4302,47,3.02,4.0,49,63712.62,-32221.98,2152,2368
P01523,Dairy,Product 1523,Brand C,46.61,30.89,4449,68,3.11,2.6,80,207367.89,69938.28,4109,4449
P01524,Dairy,Product 1524,Brand D,31.75,38.81,2097,88,0.52,4.9,18,66579.75,-14804.82,2000,2097
P01525,Produce,Product 1525,Brand A,4.62,32.34,2757,81,2.82,4.7,69,12737.34,-76424.04,1921,2309
P01526,Beverages,Product 1526,Brand C,6.05,35.92,3393,29,0.7,3.3,48,20527.65,-101348.91,3010,3393
P01527,Dairy,Product 1527,Brand D,6.05,19.22,4540,85,1.97,4.6,42,27467.0,-59791.8,4460,4540
P01528,Snacks,Product 1528,Brand B,47.42,13.8,1863,77,3.62,2.6,43,88343.46,62634.06,1372,1589
P01529,Dairy,Product 1529,Brand B,32.52,9.99,4377,62,2.85,4.5,71,142340.04,98613.81,1986,2172
P01530,Beverages,Product 1530,Brand E,31.84,16.44,2381,64,0.52,4.7,94,75811.04,36667.4,1932,2381
P01531,Dairy,Product 1531,Brand C,4.99,15.07,3337,48,1.04,3.6,70,16651.63,-33636.96,2966,3337
P01532,Snacks,Product 1532,Brand B,21.56,5.59,1268,45,1.22,3.0,36,27338.08,20249.96,796,1268
P01533,Produce,Product 1533,Brand D,48.82,25.52,5000,67,2.66,3.1,26,244100.0,116500.0,4936,5000
P01534,Dairy,Product 1534,Brand C,25.76,17.02,2935,24,1.73,4.3,69,75605.6,25651.9,2464,2531
P01535,Frozen,Product 1535,Brand D,31.67,36.48,5065,10,4.76,3.0,51,160408.55,-24362.65,4969,5065
P01536,Frozen,Product 1536,Brand C,16.82,35.92,4348,18,1.25,4.0,56,73133.36,-83046.8,4314,4348
P01537,Snacks,Product 1537,Brand A,47.13,11.3,3991,32,1.77,4.2,96,188095.83,142997.53,1869,2238
P01538,Produce,Product 1538,Brand A,14.82,34.06,3286,61,2.65,4.4,62,48698.52,-63222.64,2941,3286
P01539,Snacks,Product 1539,Brand B,35.35,38.01,3570,35,3.97,4.3,30,126199.5,-9496.2,2349,2840
P01540,Produce,Product 1540,Brand A,5.16,15.4,3666,69,1.73,4.9,17,18916.56,-37539.84,3224,3666
P01541,Snacks,Product 1541,Brand E,31.82,25.52,2915,27,4.47,3.7,82,92755.3,18364.5,2464,2915
P01542,Dairy,Product 1542,Brand A,19.92,13.44,4235,87,2.26,4.7,67,84361.2,27442.8,3844,4235
P01543,Bakery,Product 1543,Brand A,30.97,15.4,4351,67,4.1,2.9,77,134750.47,67745.07,1217,1451
P01544,Bakery,Product 1544,Brand E,32.12,36.48,3426,74,0.8,4.2,72,110043.12,-14937.36,3263,3426
P01545,Dairy,Product 1545,Brand A,25.14,4.52,1395,86,4.48,2.5,68,35070.3,28764.9,912,1069
P01546,Frozen,Product 1546,Brand E,6.76,29.17,625,88,3.37,4.5,91,4225.0,-14006.25,137,625
P01547,Snacks,Product 1547,Brand C,21.04,32.52,3832,78,4.69,3.4,39,80625.28,-43991.36,2560,2841
P01548,Bakery,Product 1548,Brand C,37.78,38.19,4466,23,4.59,2.8,34,168725.48,-1831.06,4438,4466
P01549,Produce,Product 1549,Brand D,44.67,14.15,4291,87,0.99,3.5,65,191678.97,130961.32,3819,4291
P01550,Bakery,Product 1550,Brand C,3.76,35.13,2823,55,4.53,4.1,43,10614.48,-88557.51,954,1023
P01551,Snacks,Product 1551,Brand A,36.02,13.49,4457,78,2.4,2.6,59,160541.14,100416.21,4046,4457
P01552,Bakery,Product 1552,Brand D,16.68,7.49,2806,84,1.73,2.8,11,46804.08,25787.14,2348,2806
P01553,Frozen,Product 1553,Brand C,3.11,29.17,2786,41,1.22,4.0,86,8664.46,-72603.16,2454,2786
P01554,Snacks,Product 1554,Brand C,33.35,27.77,4480,60,1.28,3.5,62,149408.0,24998.4,4142,4480
P01555,Snacks,Product 1555,Brand B,35.14,27.03,2313,78,4.8,2.7,50,81278.82,18758.43,1897,2127
P01556,Produce,Product 1556,Brand A,49.35,8.91,3052,24,4.12,3.4,32,150616.2,123422.88,274,666
P01557,Produce,Product 1557,Brand D,29.63,24.92,2462,62,1.67,4.1,70,72949.06,11596.02,1812,2310
P01558,Dairy,Product 1558,Brand C,6.05,33.76,3541,80,4.09,4.3,96,21423.05,-98121.11,3119,3541
P01559,Dairy,Product 1559,Brand D,25.23,26.01,3538,78,2.85,4.9,40,89263.74,-2759.64,3163,3538
P01560,Dairy,Product 1560,Brand A,6.45,6.92,4542,24,2.01,3.2,75,29295.9,-2134.74,771,1121
P01561,Beverages,Product 1561,Brand C,35.21,5.23,2555,39,0.7,4.0,11,89961.55,76598.9,793,930
P01562,Bakery,Product 1562,Brand C,13.26,27.55,759,87,4.12,2.7,78,10064.34,-10846.11,647,759
P01563,Bakery,Product 1563,Brand C,3.76,39.99,1521,33,4.18,4.6,69,5718.96,-55105.83,1222,1521
P01564,Beverages,Product 1564,Brand E,33.28,31.67,3422,97,3.15,3.4,87,113884.16,5509.42,3397,3422
P01565,Beverages,Product 1565,Brand A,45.16,5.6,4468,44,2.51,3.7,32,201774.88,176754.08,4086,4180
P01566,Dairy,Product 1566,Brand B,2.24,39.3,2762,78,2.58,3.7,66,6186.88,-102359.72,2696,2762
P01567,Frozen,Product 1567,Brand D,28.36,27.03,4485,21,1.67,4.7,44,127194.6,5965.05,4468,4485
P01568,Snacks,Product 1568,Brand D,20.02,17.55,4824,93,1.04,3.3,10,96576.48,11915.28,3123,3232
P01569,Frozen,Product 1569,Brand B,48.15,15.13,1274,55,3.02,3.9,57,61343.1,42067.48,883,1274
P01570,Snacks,Product 1570,Brand E,22.02,21.05,4300,78,2.45,3.5,58,94686.0,4171.0,1309,1587
P01571,Bakery,Product 1571,Brand D,5.47,8.85,4246,45,1.66,3.5,49,23225.62,-14351.48,1039,1049
P01572,Frozen,Product 1572,Brand B,44.67,16.44,4993,94,4.58,3.7,71,223037.31,140952.39,4647,4993
P01573,Produce,Product 1573,Brand B,49.35,27.03,4766,57,0.78,2.5,24,235202.1,106377.12,1628,1769
P01574,Beverages,Product 1574,Brand C,3.0,30.88,1678,76,4.1,3.9,39,5034.0,-46782.64,193,491
P01575,Bakery,Product 1575,Brand A,47.57,23.97,3284,63,0.58,3.1,30,156219.88,77502.4,1430,1458
P01576,Frozen,Product 1576,Brand B,19.36,1.54,2331,98,3.63,2.6,17,45128.16,41538.42,1861,1961
P01577,Bakery,Product 1577,Brand B,31.39,4.73,4548,45,0.54,4.0,16,142761.72,121249.68,2321,2508
P01578,Dairy,Product 1578,Brand C,14.59,19.01,3109,61,3.48,3.6,43,45360.31,-13741.78,2842,3109
P01579,Produce,Product 1579,Brand C,38.31,14.35,3288,31,0.7,4.0,73,125963.28,78780.48,1196,1589
P01580,Snacks,Product 1580,Brand D,28.36,5.79,4404,47,4.47,2.6,51,124897.44,99398.28,2203,2411
P01581,Dairy,Product 1581,Brand A,47.13,22.49,3719,71,1.04,2.9,62,175276.47,91636.16,2842,3179
P01582,Snacks,Product 1582,Brand D,23.72,31.45,5140,74,2.63,4.2,79,121920.8,-39732.2,4829,5140
P01583,Bakery,Product 1583,Brand A,40.53,7.35,2652,12,3.4,3.1,19,107485.56,87993.36,2391,2652
P01584,Dairy,Product 1584,Brand C,16.63,15.37,4468,97,4.08,4.1,99,74302.84,5629.68,4399,4468
P01585,Frozen,Product 1585,Brand B,3.23,7.17,3800,17,3.19,3.4,67,12274.0,-14972.0,3762,3800
P01586,Produce,Product 1586,Brand B,32.23,32.61,4119,48,3.97,2.7,99,132755.37,-1565.22,115,594
P01587,Dairy,Product 1587,Brand D,14.72,13.8,3951,27,1.02,2.9,92,58158.72,3634.92,225,291
P01588,Beverages,Product 1588,Brand D,47.79,7.31,3997,12,4.54,4.0,13,191016.63,161798.56,3522,3997
P01589,Dairy,Product 1589,Brand A,29.63,25.07,4768,27,2.66,3.3,98,141275.84,21742.08,4274,4768
P01590,Produce,Product 1590,Brand B,26.3,14.26,3915,89,0.78,4.7,17,102964.5,47136.6,3672,3907
P01591,Beverages,Product 1591,Brand A,45.36,23.05,4598,10,3.48,4.4,21,208565.28,102581.38,888,1355
P01592,Snacks,Product 1592,Brand A,35.09,7.49,4549,35,4.22,4.1,97,159624.41,125552.4,2452,2516
P01593,Bakery,Product 1593,Brand A,19.92,1.07,1846,61,2.95,4.9,97,36772.32,34797.1,1611,1846
P01594,Bakery,Product 1594,Brand D,47.42,18.7,4473,21,4.34,3.3,90,212109.66,128464.56,4320,4473
P01595,Dairy,Product 1595,Brand C,24.23,6.6,4993,47,2.82,2.8,34,120980.39,88026.59,4813,4993
P01596,Snacks,Product 1596,Brand A,38.13,15.4,5103,94,3.69,3.1,36,194577.39,115991.19,4937,5103
P01597,Beverages,Product 1597,Brand A,23.27,8.77,4150,50,4.39,2.9,11,96570.5,60175.0,3817,4150
P01598,Produce,Product 1598,Brand E,4.62,6.44,1541,62,2.6,4.4,82,7119.42,-2804.62,180,657
P01599,Dairy,Product 1599,Brand E,1.89,34.16,3222,22,1.77,4.6,64,6089.58,-103973.94,1744,2019
P01600,Beverages,Product 1600,Brand D,6.82,10.08,2520,85,2.56,2.6,67,17186.4,-8215.2,274,373
P01601,Dairy,Product 1601,Brand A,29.1,18.64,3477,22,2.42,3.5,42,101180.7,36369.42,775,800
P01602,Snacks,Product 1602,Brand D,28.14,21.05,2565,27,2.63,4.4,92,72179.1,18185.85,447,751
P01603,Frozen,Product 1603,Brand C,25.14,19.22,3601,28,2.17,2.7,58,90529.14,21317.92,2012,2085
P01604,Dairy,Product 1604,Brand B,49.31,19.64,4256,28,2.14,4.1,14,209863.36,126275.52,1490,1935
P01605,Frozen,Product 1605,Brand A,25.76,1.54,2250,79,1.77,2.9,56,57960.0,54495.0,1658,1693
P01606,Produce,Product 1606,Brand D,22.26,27.03,3014,57,4.48,4.4,93,67091.64,-14376.78,1538,1973
P01607,Bakery,Product 1607,Brand E,18.31,26.91,3363,80,4.34,4.6,33,61576.53,-28921.8,3025,3168
P01608,Produce,Product 1608,Brand D,49.32,6.44,5133,80,3.37,4.4,53,253159.56,220103.04,4919,5133
P01609,Dairy,Product 1609,Brand D,39.08,31.01,5008,37,2.86,5.0,77,195712.64,40414.56,4803,5008
P01610,Dairy,Product 1610,Brand A,49.32,14.35,4914,28,2.89,4.1,23,242358.48,171842.58,3892,4197
P01611,Dairy,Product 1611,Brand A,15.0,32.77,871,89,4.08,4.0,45,13065.0,-15477.67,457,871
P01612,Bakery,Product 1612,Brand C,47.57,14.65,4508,90,4.69,4.9,60,214445.56,148403.36,3497,3902
P01613,Dairy,Product 1613,Brand A,25.65,20.8,1698,95,2.66,4.6,15,43553.7,8235.3,1188,1405
P01614,Dairy,Product 1614,Brand E,31.29,18.77,4746,92,1.37,3.0,26,148502.34,59419.92,392,737
P01615,Bakery,Product 1615,Brand A,6.82,32.08,1322,57,0.9,3.0,91,9016.04,-33393.72,1090,1322
P01616,Frozen,Product 1616,Brand D,49.31,13.8,3588,38,4.37,3.6,81,176924.28,127409.88,3502,3588
P01617,Frozen,Product 1617,Brand B,19.37,32.61,3170,57,4.69,3.3,60,61402.9,-41970.8,2676,3170
P01618,Beverages,Product 1618,Brand C,29.1,39.3,1888,28,0.66,4.9,61,54940.8,-19257.6,919,1088
P01619,Beverages,Product 1619,Brand B,47.13,35.92,3977,56,4.8,4.7,21,187436.01,44582.17,3590,3977
P01620,Dairy,Product 1620,Brand C,5.47,26.87,4450,98,2.85,3.1,90,24341.5,-95230.0,4325,4450
P01621,Snacks,Product 1621,Brand A,45.36,7.79,4049,69,2.26,3.8,10,183662.64,152120.93,3720,4049
P01622,Bakery,Product 1622,Brand E,5.12,10.22,3936,57,0.73,4.2,20,20152.32,-20073.6,3528,3936
P01623,Dairy,Product 1623,Brand E,22.97,14.15,2843,29,5.0,4.6,25,65303.71,25075.26,2607,2843
P01624,Dairy,Product 1624,Brand D,5.94,3.5,5155,28,1.31,4.3,18,30620.7,12578.2,4788,5155
P01625,Frozen,Product 1625,Brand E,35.09,37.82,3569,51,2.51,3.4,17,125236.21,-9743.37,3089,3569
P01626,Produce,Product 1626,Brand B,21.22,11.3,3677,86,2.42,3.3,34,78025.94,36475.84,2024,2169
P01627,Produce,Product 1627,Brand C,29.59,15.55,4914,85,0.98,3.7,83,145405.26,68992.56,4809,4914
P01628,Snacks,Product 1628,Brand E,6.79,16.22,5078,58,0.72,4.7,49,34479.62,-47885.54,4734,5078
P01629,Dairy,Product 1629,Brand A,6.45,20.38,4720,24,3.07,3.9,76,30444.0,-65749.6,4456,4720
P01630,Produce,Product 1630,Brand D,2.14,37.82,3878,69,3.15,3.9,32,8298.92,-138367.04,3744,3878
P01631,Snacks,Product 1631,Brand A,30.97,14.26,3316,77,2.95,2.5,71,102696.52,55410.36,3307,3316
P01632,Dairy,Product 1632,Brand E,3.76,5.23,4034,88,3.8,3.4,32,15167.84,-5929.98,2756,2771
P01633,Frozen,Product 1633,Brand B,14.27,9.87,3191,90,4.76,2.8,53,45535.57,14040.4,1784,1848
P01634,Frozen,Product 1634,Brand C,22.97,24.92,2027,36,4.46,3.2,65,46560.19,-3952.65,1350,1822
P01635,Snacks,Product 1635,Brand C,24.23,24.62,2090,84,4.24,3.5,77,50640.7,-815.1,1912,2090
P01636,Snacks,Product 1636,Brand D,2.24,7.31,4928,64,2.6,3.3,32,11038.72,-24984.96,1942,2066
P01637,Bakery,Product 1637,Brand D,22.97,31.01,1330,96,2.6,4.6,18,30550.1,-10693.2,327,338
P01638,Bakery,Product 1638,Brand C,24.23,10.27,4093,24,4.6,5.0,13,99173.39,57138.28,3998,4093
P01639,Dairy,Product 1639,Brand A,27.91,30.06,3023,61,2.66,3.6,43,84371.93,-6499.45,2405,2525
P01640,Bakery,Product 1640,Brand B,4.57,24.43,4676,40,2.92,4.9,91,21369.32,-92865.36,2973,3403
P01641,Dairy,Product 1641,Brand C,41.27,22.49,3692,99,0.51,3.0,43,152368.84,69335.76,3391,3692
P01642,Bakery,Product 1642,Brand D,16.68,37.21,4211,16,2.85,2.5,51,70239.48,-86451.83,1359,1852
P01643,Produce,Product 1643,Brand E,19.34,19.94,3806,22,2.26,4.4,12,73608.04,-2283.6,3560,3806
P01644,Frozen,Product 1644,Brand B,48.52,10.69,2569,63,0.75,3.5,92,124647.88,97185.27,2492,2569
P01645,Dairy,Product 1645,Brand C,10.22,7.89,2891,22,2.63,2.6,43,29546.02,6736.03,2797,2891
P01646,Produce,Product 1646,Brand B,30.97,13.8,2929,29,4.76,2.7,99,90711.13,50290.93,2614,2929
P01647,Produce,Product 1647,Brand A,31.75,5.23,4537,19,4.34,2.9,52,144049.75,120321.24,4384,4537
P01648,Frozen,Product 1648,Brand A,3.0,31.67,4540,61,4.58,4.2,76,13620.0,-130161.8,3539,3779
P01649,Frozen,Product 1649,Brand D,40.53,28.68,3409,46,3.79,3.8,46,138166.77,40396.65,3269,3409
P01650,Dairy,Product 1650,Brand B,16.63,1.64,1869,61,4.22,4.7,21,31081.47,28016.31,764,849
P01651,Dairy,Product 1651,Brand C,39.96,7.17,4432,36,1.04,4.0,96,177102.72,145325.28,4216,4432
P01652,Dairy,Product 1652,Brand C,14.59,23.08,1565,43,1.25,2.9,90,22833.35,-13286.85,1283,1565
P01653,Frozen,Product 1653,Brand C,29.6,2.05,4994,71,4.8,4.9,25,147822.4,137584.7,4624,4994
P01654,Beverages,Product 1654,Brand D,4.99,34.16,3192,25,3.8,4.7,71,15928.08,-93110.64,2732,3192
P01655,Dairy,Product 1655,Brand A,4.4,13.29,3458,68,3.15,3.7,26,15215.2,-30741.62,3165,3458
P01656,Produce,Product 1656,Brand D,49.31,36.87,2631,30,3.41,4.6,24,129734.61,32729.64,1989,2230
P01657,Snacks,Product 1657,Brand C,46.61,26.91,3687,25,3.02,4.0,35,171851.07,72633.9,3218,3687
P01658,Bakery,Product 1658,Brand D,16.65,2.55,4441,90,3.02,4.0,54,73942.65,62618.1,4418,4441
P01659,Snacks,Product 1659,Brand A,45.16,21.54,1380,88,4.69,4.8,11,62320.8,32595.6,1059,1380
P01660,Bakery,Product 1660,Brand C,1.6,16.16,2299,22,3.11,3.5,26,3678.4,-33473.44,257,302
P01661,Bakery,Product 1661,Brand E,21.56,5.56,2181,42,0.9,2.7,74,47022.36,34896.0,2107,2181
P01662,Snacks,Product 1662,Brand D,25.09,11.14,5415,63,0.79,4.7,39,135862.35,75539.25,4996,5415
P01663,Snacks,Product 1663,Brand D,19.37,35.68,3602,78,2.14,3.1,77,69770.74,-58748.62,821,923
P01664,Frozen,Product 1664,Brand D,48.75,11.71,2806,36,2.31,2.9,53,136792.5,103934.24,1354,1786
P01665,Bakery,Product 1665,Brand C,44.62,24.44,3678,61,2.2,3.1,69,164112.36,74222.04,2445,2729
P01666,Snacks,Product 1666,Brand A,40.83,21.52,5025,74,1.73,2.6,10,205170.75,97032.75,4640,5025
P01667,Bakery,Product 1667,Brand C,28.14,11.56,703,53,0.5,2.7,28,19782.42,11655.74,204,703
P01668,Snacks,Product 1668,Brand C,44.88,37.34,4546,39,1.37,4.7,42,204024.48,34276.84,1761,1833
P01669,Frozen,Product 1669,Brand D,27.27,6.92,4696,32,0.75,4.0,92,128059.92,95563.6,1191,1232
P01670,Dairy,Product 1670,Brand D,16.17,21.05,3033,88,4.83,4.1,45,49043.61,-14801.04,637,916
P01671,Beverages,Product 1671,Brand A,20.53,23.68,3110,92,2.83,3.6,86,63848.3,-9796.5,2820,3032
P01672,Frozen,Product 1672,Brand A,35.09,14.26,5156,25,3.02,4.4,87,180924.04,107399.48,4996,5156
P01673,Dairy,Product 1673,Brand A,5.09,24.62,4590,64,0.74,3.4,33,23363.1,-89642.7,1164,1251
P01674,Dairy,Product 1674,Brand B,10.59,2.11,3780,27,0.66,3.2,92,40030.2,32054.4,1671,1678
P01675,Beverages,Product 1675,Brand E,28.14,15.55,4474,99,4.54,3.0,34,125898.36,56327.66,3115,3574
P01676,Frozen,Product 1676,Brand B,18.31,14.35,3729,26,0.5,4.6,20,68277.99,14766.84,3546,3729
P01677,Beverages,Product 1677,Brand C,20.53,7.17,3471,84,3.92,4.9,18,71259.63,46372.56,1529,1857
P01678,Bakery,Product 1678,Brand E,25.09,25.0,2040,61,4.34,3.4,15,51183.6,183.6,341,640
P01679,Beverages,Product 1679,Brand D,19.16,7.31,4915,54,1.6,3.7,67,94171.4,58242.75,1462,1860
P01680,Bakery,Product 1680,Brand B,45.36,27.77,3906,65,2.85,4.0,38,177176.16,68706.54,2167,2181
P01681,Bakery,Product 1681,Brand A,26.86,5.98,2078,63,3.8,4.6,82,55815.08,43388.64,1978,2078
P01682,Beverages,Product 1682,Brand A,6.45,13.44,3232,18,4.57,3.0,96,20846.4,-22591.68,2988,3232
P01683,Bakery,Product 1683,Brand D,37.79,23.95,4270,26,4.48,3.4,88,161363.3,59096.8,400,569
P01684,Snacks,Product 1684,Brand C,6.76,23.95,4592,36,1.6,4.3,20,31041.92,-78936.48,4360,4592
P01685,Frozen,Product 1685,Brand D,5.63,11.44,3039,46,2.23,3.3,32,17109.57,-17656.59,2928,3039
P01686,Produce,Product 1686,Brand B,25.09,8.77,4209,31,0.71,4.7,35,105603.81,68690.88,3862,4209
P01687,Dairy,Product 1687,Brand C,37.97,35.13,4735,81,0.8,3.6,10,179787.95,13447.4,3788,4128
P01688,Bakery,Product 1688,Brand D,16.65,27.03,3968,76,4.69,4.7,90,66067.2,-41187.84,2500,2602
P01689,Bakery,Product 1689,Brand D,39.69,21.05,3475,47,3.0,3.7,56,137922.75,64774.0,3258,3475
P01690,Produce,Product 1690,Brand C,45.41,14.15,2459,81,0.9,4.7,50,111663.19,76868.34,1120,1360
P01691,Frozen,Product 1691,Brand C,42.4,24.44,3899,53,3.65,3.6,32,165317.6,70026.04,1649,1889
P01692,Beverages,Product 1692,Brand A,29.2,1.54,3239,45,0.54,2.9,14,94578.8,89590.74,3018,3239
P01693,Frozen,Product 1693,Brand E,47.58,4.73,1247,34,2.58,2.6,59,59332.26,53433.95,977,1247
P01694,Frozen,Product 1694,Brand B,35.14,8.1,4637,51,2.89,3.5,18,162944.18,125384.48,3180,3208
P01695,Bakery,Product 1695,Brand A,45.41,32.08,3920,22,0.75,3.3,13,178007.2,52253.6,3634,3920
P01696,Produce,Product 1696,Brand D,24.23,8.65,4042,65,1.57,2.8,80,97937.66,62974.36,3707,4042
P01697,Dairy,Product 1697,Brand C,29.2,7.17,2956,88,1.02,3.5,74,86315.2,65120.68,1420,1474
P01698,Produce,Product 1698,Brand D,38.31,14.65,3646,60,2.17,3.0,89,139678.26,86264.36,3203,3646
P01699,Bakery,Product 1699,Brand B,16.17,5.98,4839,59,3.02,2.8,66,78246.63,49309.41,4626,4839
P01700,Bakery,Product 1700,Brand C,48.82,19.22,3332,86,1.22,4.0,34,162668.24,98627.2,2936,3332
P01701,Bakery,Product 1701,Brand B,21.04,4.93,2587,61,1.75,2.5,67,54430.48,41676.57,2217,2587
P01702,Bakery,Product 1702,Brand A,42.92,1.95,1354,42,4.39,4.9,15,58113.68,55473.38,1234,1354
P01703,Dairy,Product 1703,Brand B,5.63,32.08,3335,34,0.7,4.9,23,18776.05,-88210.75,3260,3335
P01704,Snacks,Product 1704,Brand E,1.89,31.01,4620,67,4.53,3.2,72,8731.8,-134534.4,4197,4620
P01705,Beverages,Product 1705,Brand C,35.09,35.92,3297,49,2.92,3.5,84,115691.73,-2736.51,3227,3297
P01706,Dairy,Product 1706,Brand B,20.07,26.91,3680,96,3.2,3.0,74,73857.6,-25171.2,2817,3140
P01707,Bakery,Product 1707,Brand C,38.13,5.54,2924,47,4.1,2.5,61,111492.12,95293.16,2691,2924
P01708,Frozen,Product 1708,Brand C,25.65,27.03,3620,12,2.66,4.2,74,92853.0,-4995.6,289,560
P01709,Snacks,Product 1709,Brand D,43.06,6.92,3351,25,4.96,3.1,17,144294.06,121105.14,2869,3351
P01710,Produce,Product 1710,Brand B,35.14,19.64,3786,11,2.9,2.6,17,133040.04,58683.0,3654,3786
P01711,Beverages,Product 1711,Brand E,37.87,10.7,4743,32,0.52,4.9,23,179617.41,128867.31,3479,3577
P01712,Beverages,Product 1712,Brand C,49.31,7.31,4319,39,5.0,4.3,33,212969.89,181398.0,4217,4319
P01713,Frozen,Product 1713,Brand A,14.77,1.54,4085,19,1.22,4.6,73,60335.45,54044.55,3657,4085
P01714,Produce,Product 1714,Brand B,5.16,14.89,3100,74,0.73,4.4,34,15996.0,-30163.0,1669,1836
P01715,Bakery,Product 1715,Brand C,5.09,23.97,4130,31,2.89,3.1,15,21021.7,-77974.4,4025,4130
P01716,Snacks,Product 1716,Brand D,4.4,5.6,3676,61,4.7,2.9,10,16174.4,-4411.2,1587,2041
P01717,Produce,Product 1717,Brand D,15.0,21.22,1231,65,2.71,4.9,96,18465.0,-7656.82,667,753
P01718,Frozen,Product 1718,Brand C,5.12,4.52,3960,42,4.34,3.5,42,20275.2,2376.0,3923,3960
P01719,Snacks,Product 1719,Brand C,2.14,1.64,4046,98,3.69,2.7,23,8658.44,2023.0,3604,4046
P01720,Snacks,Product 1720,Brand E,29.59,35.13,2882,95,4.27,4.7,72,85278.38,-15966.28,2722,2882
P01721,Bakery,Product 1721,Brand E,18.44,18.3,3049,89,3.41,3.2,65,56223.56,426.86,1013,1136
P01722,Bakery,Product 1722,Brand D,25.23,37.21,5375,39,2.83,4.0,71,135611.25,-64392.5,4963,5375
P01723,Snacks,Product 1723,Brand A,4.84,7.89,4502,91,1.97,3.5,37,21789.68,-13731.1,147,621
P01724,Beverages,Product 1724,Brand D,4.57,2.91,2814,33,0.82,3.3,38,12859.98,4671.24,843,975
P01725,Frozen,Product 1725,Brand A,27.93,35.13,3099,14,4.2,4.4,32,86555.07,-22312.8,2833,3099
P01726,Dairy,Product 1726,Brand B,42.97,15.55,3734,62,4.83,3.5,53,160449.98,102386.28,2772,3055
P01727,Beverages,Product 1727,Brand A,39.04,8.85,4916,64,3.65,3.7,47,191920.64,148414.04,4576,4916
P01728,Dairy,Product 1728,Brand D,44.5,35.92,4925,32,4.1,4.7,58,219162.5,42256.5,4505,4925
P01729,Beverages,Product 1729,Brand D,40.91,13.22,2569,85,0.52,3.7,52,105097.79,71135.61,641,902
P01730,Snacks,Product 1730,Brand A,21.79,21.05,5427,19,2.51,3.1,19,118254.33,4015.98,4962,5427
P01731,Frozen,Product 1731,Brand E,20.07,4.0,3924,42,1.97,3.5,36,78754.68,63058.68,1306,1740
P01732,Dairy,Product 1732,Brand E,48.5,11.5,3778,89,4.34,3.6,17,183233.0,139786.0,283,699
P01733,Frozen,Product 1733,Brand C,28.36,23.95,4464,71,2.82,2.7,77,126599.04,19686.24,4109,4464
P01734,Beverages,Product 1734,Brand A,3.0,2.55,3421,91,0.5,2.9,94,10263.0,1539.45,2081,2488
P01735,Produce,Product 1735,Brand B,3.23,31.01,5295,36,4.41,3.3,94,17102.85,-147095.1,4834,5295
P01736,Bakery,Product 1736,Brand D,6.82,14.26,4978,16,1.04,4.3,39,33949.96,-37036.32,4789,4978
P01737,Produce,Product 1737,Brand A,32.48,22.44,1741,36,1.98,4.4,22,56547.68,17479.64,1356,1741
P01738,Produce,Product 1738,Brand A,9.49,19.94,2882,83,1.04,3.4,67,27350.18,-30116.9,2851,2882
P01739,Snacks,Product 1739,Brand B,27.91,24.73,4855,19,0.99,4.0,12,135503.05,15438.9,4196,4471
P01740,Beverages,Product 1740,Brand E,28.14,17.3,4147,84,1.04,4.9,93,116696.58,44953.48,3676,4147
P01741,Frozen,Product 1741,Brand E,35.1,4.99,5224,66,0.79,2.9,14,183362.4,157294.64,4914,5224
P01742,Snacks,Product 1742,Brand A,23.96,32.77,4264,39,3.82,2.9,31,102165.44,-37565.84,3880,4264
P01743,Snacks,Product 1743,Brand E,14.59,10.27,4031,12,2.95,2.8,67,58812.29,17413.92,382,800
P01744,Dairy,Product 1744,Brand B,42.4,17.3,3832,38,4.12,4.5,75,162476.8,96183.2,3700,3832
P01745,Beverages,Product 1745,Brand C,37.79,22.49,4794,23,1.37,2.7,98,181165.26,73348.2,1309,1485
P01746,Dairy,Product 1746,Brand C,1.53,11.9,2053,86,3.65,3.5,49,3141.09,-21289.61,540,844
P01747,Bakery,Product 1747,Brand A,49.66,15.37,3956,92,1.67,4.6,97,196454.96,135651.24,3907,3956
P01748,Produce,Product 1748,Brand E,5.96,25.3,5278,34,4.7,3.4,14,31456.88,-102076.52,4834,5278
P01749,Beverages,Product 1749,Brand E,21.79,36.48,4391,19,2.2,4.3,25,95679.89,-64503.79,573,946
P01750,Snacks,Product 1750,Brand A,23.96,27.32,3231,88,2.82,3.6,24,77414.76,-10856.16,1957,2129
P01751,Dairy,Product 1751,Brand C,45.16,35.01,4943,58,2.58,3.4,86,223225.88,50171.45,2879,3297
P01752,Bakery,Product 1752,Brand A,4.4,31.45,5333,47,3.87,4.4,84,23465.2,-144257.65,4855,5333
P01753,Snacks,Product 1753,Brand E,3.0,17.55,4799,80,4.83,2.9,89,14397.0,-69825.45,4487,4799
P01754,Beverages,Product 1754,Brand C,36.58,34.16,4772,23,3.62,4.9,27,174559.76,11548.24,4442,4772
P01755,Snacks,Product 1755,Brand E,2.14,1.64,2047,39,2.23,3.5,98,4380.58,1023.5,2041,2047
P01756,Bakery,Product 1756,Brand B,4.62,2.55,4459,49,4.37,3.2,56,20600.58,9230.13,4383,4459
P01757,Bakery,Product 1757,Brand B,42.4,29.94,2056,21,1.6,2.7,13,87174.4,25617.76,1646,1850
P01758,Beverages,Product 1758,Brand B,29.59,13.49,4256,23,2.23,3.0,62,125935.04,68521.6,3455,3824
P01759,Bakery,Product 1759,Brand A,47.57,8.85,2905,10,0.54,3.3,67,138190.85,112481.6,656,1038
P01760,Frozen,Product 1760,Brand A,41.27,13.22,4652,77,0.54,3.6,94,191988.04,130488.6,4442,4652
P01761,Bakery,Product 1761,Brand D,47.42,11.44,3613,58,2.59,2.9,84,171328.46,129995.74,3577,3613
P01762,Produce,Product 1762,Brand A,21.56,37.1,3749,27,4.34,4.0,67,80828.44,-58259.46,3330,3749
P01763,Snacks,Product 1763,Brand C,49.35,7.17,3719,45,4.48,3.6,68,183532.65,156867.42,3438,3719
P01764,Beverages,Product 1764,Brand C,8.01,10.47,2103,73,3.82,3.5,43,16845.03,-5173.38,1926,2103
P01765,Produce,Product 1765,Brand B,11.96,3.73,4439,37,3.51,2.9,39,53090.44,36532.97,2298,2353
P01766,Bakery,Product 1766,Brand A,13.14,4.0,3625,41,2.42,3.1,63,47632.5,33132.5,3456,3625
P01767,Bakery,Product 1767,Brand D,41.27,2.91,4488,81,0.52,4.2,77,185219.76,172159.68,4175,4488
P01768,Snacks,Product 1768,Brand B,38.31,39.99,4725,34,2.63,2.7,87,181014.75,-7938.0,4319,4725
P01769,Snacks,Product 1769,Brand E,14.72,14.35,4389,56,2.29,3.5,84,64606.08,1623.93,3911,4389
P01770,Snacks,Product 1770,Brand D,35.14,16.44,2422,29,1.54,4.0,77,85109.08,45291.4,1994,2422
P01771,Beverages,Product 1771,Brand A,6.76,30.06,2265,42,3.33,4.4,35,15311.4,-52774.5,1852,2265
P01772,Frozen,Product 1772,Brand D,43.06,38.79,5181,39,1.47,2.5,12,223093.86,22122.87,4854,5181
P01773,Snacks,Product 1773,Brand A,22.51,14.15,3949,46,4.96,4.3,66,88891.99,33013.64,3901,3949
P01774,Bakery,Product 1774,Brand A,40.37,20.38,3818,89,4.46,3.6,46,154132.66,76321.82,2755,2859
P01775,Frozen,Product 1775,Brand D,48.82,5.56,3621,62,4.96,2.7,47,176777.22,156644.46,3618,3621
P01776,Snacks,Product 1776,Brand C,29.7,28.68,2757,98,3.0,3.9,50,81882.9,2812.14,1580,1665
P01777,Bakery,Product 1777,Brand A,47.42,11.9,2851,83,4.96,3.5,13,135194.42,101267.52,2678,2851
P01778,Frozen,Product 1778,Brand C,24.23,7.49,5196,78,4.6,4.0,35,125899.08,86981.04,4920,5196
P01779,Dairy,Product 1779,Brand D,39.96,38.79,1982,17,3.97,4.0,48,79200.72,2318.94,1653,1982
P01780,Bakery,Product 1780,Brand D,25.23,26.87,4254,10,2.31,2.5,51,107328.42,-6976.56,745,978
P01781,Dairy,Product 1781,Brand C,20.53,7.89,4280,16,4.91,2.6,20,87868.4,54099.2,1926,2090
P01782,Beverages,Product 1782,Brand A,33.28,2.55,4436,71,0.82,2.9,20,147630.08,136318.28,1649,1709
P01783,Frozen,Product 1783,Brand A,31.96,11.56,4008,96,4.57,2.5,63,128095.68,81763.2,1798,1876
P01784,Bakery,Product 1784,Brand C,19.44,19.94,3688,67,4.8,3.6,47,71694.72,-1844.0,3670,3688
P01785,Dairy,Product 1785,Brand E,33.28,6.92,4810,97,4.96,3.4,29,160076.8,126791.6,4713,4810
P01786,Frozen,Product 1786,Brand D,1.71,13.49,4025,87,3.9,2.8,35,6882.75,-47414.5,3526,4025
P01787,Dairy,Product 1787,Brand A,24.2,14.89,4699,96,0.7,4.6,85,113715.8,43747.69,3804,3870
P01788,Produce,Product 1788,Brand E,33.95,30.88,3809,82,3.43,3.7,23,129315.55,11693.63,3324,3809
P01789,Frozen,Product 1789,Brand C,19.34,24.73,4555,17,0.99,3.9,59,88093.7,-24551.45,4524,4555
P01790,Dairy,Product 1790,Brand D,32.52,6.5,5355,73,1.28,2.6,34,174144.6,139337.1,4885,5355
P01791,Dairy,Product 1791,Brand E,40.91,39.87,4912,17,4.33,3.5,64,200949.92,5108.48,4674,4912
P01792,Dairy,Product 1792,Brand B,26.86,35.68,1548,12,2.17,3.7,60,41579.28,-13653.36,490,755
P01793,Beverages,Product 1793,Brand A,5.12,6.31,4755,67,2.71,4.0,99,24345.6,-5658.45,4607,4755
P01794,Dairy,Product 1794,Brand B,15.0,22.49,3827,41,2.45,3.2,19,57405.0,-28664.23,1381,1529
P01795,Dairy,Product 1795,Brand D,25.65,15.07,4603,77,4.7,2.9,23,118066.95,48699.74,606,653
P01796,Frozen,Product 1796,Brand C,40.83,19.64,2737,58,0.66,4.6,14,111751.71,57997.03,1822,2066
P01797,Frozen,Product 1797,Brand E,44.0,38.19,1554,47,3.15,3.1,66,68376.0,9028.74,1057,1314
P01798,Beverages,Product 1798,Brand B,42.97,35.68,4017,11,3.92,3.1,31,172610.49,29283.93,1834,2312
P01799,Frozen,Product 1799,Brand C,4.4,14.57,945,18,1.98,4.3,84,4158.0,-9610.65,862,945
P01800,Beverages,Product 1800,Brand A,14.81,4.93,3011,55,0.51,3.4,38,44592.91,29748.68,2655,3011
P01801,Beverages,Product 1801,Brand E,4.99,5.04,2853,74,3.08,4.0,16,14236.47,-142.65,2711,2853
P01802,Frozen,Product 1802,Brand D,14.72,11.71,4908,58,1.28,3.6,27,72245.76,14773.08,3793,3922
P01803,Snacks,Product 1803,Brand D,1.53,11.44,2312,84,3.11,3.1,40,3537.36,-22911.92,1859,2312
P01804,Beverages,Product 1804,Brand A,4.49,32.08,3142,38,4.41,4.6,52,14107.58,-86687.78,2989,2999
P01805,Snacks,Product 1805,Brand A,8.67,18.64,4890,99,2.23,3.5,93,42396.3,-48753.3,1442,1899
P01806,Snacks,Product 1806,Brand A,49.31,23.46,4357,38,4.91,4.1,44,214843.67,112628.45,4180,4357
P01807,Bakery,Product 1807,Brand E,18.44,18.3,3649,42,0.66,4.0,80,67287.56,510.86,1736,2134
P01808,Produce,Product 1808,Brand A,35.09,7.68,4053,37,3.85,3.7,13,142219.77,111092.73,3609,4053
P01809,Snacks,Product 1809,Brand B,3.23,39.47,2769,92,4.96,4.5,60,8943.87,-100348.56,649,1136
P01810,Frozen,Product 1810,Brand A,31.82,9.53,4782,35,3.85,4.1,39,152163.24,106590.78,2105,2315
P01811,Produce,Product 1811,Brand B,29.2,6.31,2325,38,2.55,3.7,62,67890.0,53219.25,2283,2325
P01812,Beverages,Product 1812,Brand B,47.58,21.05,2789,20,0.58,2.9,91,132700.62,73992.17,2665,2789
P01813,Produce,Product 1813,Brand C,4.46,27.77,1045,94,4.8,2.6,83,4660.7,-24358.95,858,1045
P01814,Bakery,Product 1814,Brand B,4.62,3.67,764,43,0.66,4.6,23,3529.68,725.8,423,448
P01815,Bakery,Product 1815,Brand C,11.96,31.67,3200,95,4.47,4.3,45,38272.0,-63072.0,2025,2189
P01816,Frozen,Product 1816,Brand D,14.82,7.49,3675,57,2.59,3.5,96,54463.5,26937.75,210,561
P01817,Bakery,Product 1817,Brand B,25.65,10.22,2417,36,3.48,4.9,21,61996.05,37294.31,1923,2417
P01818,Produce,Product 1818,Brand D,6.74,32.77,3756,81,1.97,4.0,85,25315.44,-97768.68,3721,3756
P01819,Bakery,Product 1819,Brand C,48.52,1.07,4532,49,0.66,4.7,43,219892.64,215043.4,1238,1491
P01820,Beverages,Product 1820,Brand A,6.05,7.35,4584,40,1.04,3.7,35,27733.2,-5959.2,1820,2295
P01821,Dairy,Product 1821,Brand A,39.79,6.92,3393,74,2.92,4.8,15,135007.47,111527.91,823,1070
P01822,Bakery,Product 1822,Brand D,44.62,25.52,2982,48,0.67,4.1,62,133056.84,56956.2,2512,2982
P01823,Beverages,Product 1823,Brand B,46.61,29.17,4618,33,0.54,3.1,24,215244.98,80537.92,866,1261
P01824,Produce,Product 1824,Brand C,4.4,22.44,3491,77,2.01,4.9,28,15360.4,-62977.64,3481,3491
P01825,Dairy,Product 1825,Brand A,42.4,17.78,2524,91,0.99,4.0,56,107017.6,62140.88,2260,2524
P01826,Bakery,Product 1826,Brand D,14.82,7.31,4778,32,2.9,3.6,96,70809.96,35882.78,1393,1498
P01827,Bakery,Product 1827,Brand A,29.6,15.99,3348,70,0.54,2.5,86,99100.8,45566.28,2467,2687
P01828,Bakery,Product 1828,Brand A,23.96,10.7,4372,36,3.8,4.0,70,104753.12,57972.72,4117,4372
P01829,Beverages,Product 1829,Brand A,37.56,6.92,4777,25,4.7,3.9,99,179424.12,146367.28,4370,4777
P01830,Bakery,Product 1830,Brand D,3.23,19.22,3863,54,1.31,4.5,61,12477.49,-61769.37,2058,2192
P01831,Bakery,Product 1831,Brand D,2.24,10.27,4527,36,2.14,3.2,27,10140.48,-36351.81,4321,4527
P01832,Dairy,Product 1832,Brand D,1.6,32.52,2874,82,1.66,4.6,69,4598.4,-88864.08,1094,1218
P01833,Frozen,Product 1833,Brand E,37.92,33.76,2735,14,4.47,4.9,56,103711.2,11377.6,1951,2167
P01834,Bakery,Product 1834,Brand D,47.57,14.35,3140,68,1.66,4.8,66,149369.8,104310.8,3076,3140
P01835,Beverages,Product 1835,Brand E,39.79,9.99,4428,81,1.67,2.7,42,176190.12,131954.4,3971,4428
P01836,Produce,Product 1836,Brand A,37.97,26.01,3934,91,2.63,3.3,41,149373.98,47050.64,3323,3625
P01837,Produce,Product 1837,Brand A,39.96,36.48,4470,44,3.62,3.2,13,178621.2,15555.6,4110,4470
P01838,Bakery,Product 1838,Brand A,48.2,13.44,4432,79,1.84,3.6,50,213622.4,154056.32,4394,4432
P01839,Dairy,Product 1839,Brand D,27.91,10.69,4566,96,1.77,3.8,28,127437.06,78626.52,1322,1570
P01840,Snacks,Product 1840,Brand D,4.49,38.79,5035,55,4.12,2.7,16,22607.15,-172700.5,4882,5035
P01841,Bakery,Product 1841,Brand D,21.22,11.76,2062,99,2.26,2.9,35,43755.64,19506.52,1576,2062
P01842,Frozen,Product 1842,Brand C,20.53,14.26,5199,65,2.66,3.9,96,106735.47,32597.73,4977,5199
P01843,Produce,Product 1843,Brand A,26.3,26.87,1382,33,1.33,4.4,60,36346.6,-787.74,1040,1382
P01844,Dairy,Product 1844,Brand A,33.35,28.31,3609,19,0.71,3.7,65,120360.15,18189.36,3351,3609
P01845,Produce,Product 1845,Brand B,18.44,20.71,2871,88,3.02,3.9,80,52941.24,-6517.17,917,1390
P01846,Frozen,Product 1846,Brand D,1.6,11.3,4040,47,4.57,4.1,84,6464.0,-39188.0,4016,4040
P01847,Snacks,Product 1847,Brand C,18.31,34.71,2527,93,1.84,3.3,60,46269.37,-41442.8,2170,2527
P01848,Beverages,Product 1848,Brand E,20.07,32.64,2177,79,1.73,3.3,17,43692.39,-27364.89,736,803
P01849,Bakery,Product 1849,Brand C,32.12,21.05,5155,57,2.23,3.4,22,165578.6,57065.85,4906,5155
P01850,Bakery,Product 1850,Brand A,37.16,36.87,2711,18,0.52,3.8,41,100740.76,786.19,2476,2711
P01851,Produce,Product 1851,Brand B,14.77,38.79,3865,59,0.67,3.4,43,57086.05,-92837.3,3775,3865
P01852,Dairy,Product 1852,Brand D,31.67,1.29,3595,78,4.76,2.5,27,113853.65,109216.1,3501,3595
P01853,Beverages,Product 1853,Brand D,35.1,13.49,2969,57,3.79,3.2,88,104211.9,64160.09,2620,2969
P01854,Frozen,Product 1854,Brand A,49.31,39.87,2952,48,0.72,4.2,64,145563.12,27866.88,2625,2952
P01855,Frozen,Product 1855,Brand D,45.16,6.54,4674,92,0.54,4.9,52,211077.84,180509.88,2735,2924
P01856,Bakery,Product 1856,Brand A,22.02,2.91,4625,14,2.56,4.0,33,101842.5,88383.75,4314,4451
P01857,Snacks,Product 1857,Brand B,18.31,15.55,4622,93,2.92,3.9,30,84628.82,12756.72,359,532
P01858,Frozen,Product 1858,Brand D,8.67,25.3,4170,20,1.54,3.9,27,36153.9,-69347.1,3096,3574
P01859,Snacks,Product 1859,Brand D,39.69,26.91,2528,69,2.65,4.4,23,100336.32,32307.84,855,871
P01860,Produce,Product 1860,Brand A,43.56,34.06,4576,36,0.52,3.2,62,199330.56,43472.0,4201,4576
P01861,Frozen,Product 1861,Brand A,23.27,30.88,687,16,3.07,4.5,28,15986.49,-5228.07,165,529
P01862,Dairy,Product 1862,Brand C,37.87,19.94,4409,69,3.48,2.9,86,166968.83,79053.37,4177,4409
P01863,Beverages,Product 1863,Brand D,2.24,1.95,3276,59,0.9,3.5,66,7338.24,950.04,2878,3276
P01864,Beverages,Product 1864,Brand D,3.82,21.54,3998,76,3.8,3.5,73,15272.36,-70844.56,1269,1679
P01865,Dairy,Product 1865,Brand C,25.09,13.44,4398,78,1.04,4.2,89,110345.82,51236.7,4224,4398
P01866,Bakery,Product 1866,Brand C,32.12,5.56,4489,64,0.9,3.7,11,144186.68,119227.84,1766,1867
P01867,Frozen,Product 1867,Brand C,22.02,37.1,2656,86,0.66,4.4,66,58485.12,-40052.48,759,945
P01868,Bakery,Product 1868,Brand B,42.4,5.04,4099,25,0.66,4.2,43,173797.6,153138.64,3641,4099
P01869,Dairy,Product 1869,Brand C,29.63,10.08,2660,21,4.7,3.7,58,78815.8,52003.0,460,490
P01870,Bakery,Product 1870,Brand C,22.97,27.03,4367,36,3.81,4.8,99,100309.99,-17730.02,3897,4367
P01871,Bakery,Product 1871,Brand E,8.98,39.3,3583,42,4.6,4.0,63,32175.34,-108636.56,2173,2553
P01872,Produce,Product 1872,Brand A,4.46,17.78,3928,88,3.9,4.4,31,17518.88,-52320.96,3461,3773
P01873,Bakery,Product 1873,Brand C,35.21,26.87,3391,94,1.04,4.1,93,119397.11,28280.94,2218,2568
P01874,Produce,Product 1874,Brand E,17.7,15.55,4321,90,3.0,2.7,91,76481.7,9290.15,4033,4321
P01875,Produce,Product 1875,Brand C,32.52,8.77,4288,64,4.69,3.7,53,139445.76,101840.0,3860,3938
P01876,Beverages,Product 1876,Brand B,35.1,31.01,1833,61,2.95,2.7,44,64338.3,7496.97,276,299
P01877,Bakery,Product 1877,Brand E,48.52,21.05,4157,46,4.27,3.8,38,201697.64,114192.79,4140,4157
P01878,Produce,Product 1878,Brand C,41.96,39.99,1538,24,0.99,2.7,15,64534.48,3029.86,1412,1534
P01879,Produce,Product 1879,Brand A,33.28,7.49,4998,93,4.81,4.0,46,166333.44,128898.42,4770,4998
P01880,Snacks,Product 1880,Brand E,29.2,17.3,4576,92,1.02,2.5,98,133619.2,54454.4,4099,4576
P01881,Frozen,Product 1881,Brand C,31.84,17.78,3555,74,2.71,4.6,94,113191.2,49983.3,3147,3555
P01882,Produce,Product 1882,Brand A,39.69,29.94,1826,77,4.96,3.1,67,72473.94,17803.5,630,805
P01883,Dairy,Product 1883,Brand C,29.2,28.68,4050,12,1.78,2.9,73,118260.0,2106.0,3655,4050
P01884,Dairy,Product 1884,Brand A,29.63,22.66,4986,81,1.33,4.9,40,147735.18,34752.42,3605,3646
P01885,Snacks,Product 1885,Brand C,29.6,10.08,4703,14,4.28,3.5,59,139208.8,91802.56,4688,4703
P01886,Dairy,Product 1886,Brand A,22.51,33.61,4134,18,4.92,4.0,89,93056.34,-45887.4,3517,3731
P01887,Produce,Product 1887,Brand E,45.36,25.3,4111,10,4.44,2.9,69,186474.96,82466.66,3750,3841
P01888,Frozen,Product 1888,Brand D,10.22,25.07,1413,39,0.51,3.0,23,14440.86,-20983.05,1361,1413
P01889,Snacks,Product 1889,Brand A,4.99,37.82,3404,80,3.3,3.4,79,16985.96,-111753.32,2986,3404
P01890,Beverages,Product 1890,Brand E,23.33,10.47,4804,95,1.02,3.1,20,112077.32,61779.44,4488,4804
P01891,Dairy,Product 1891,Brand D,5.47,32.08,2366,29,0.66,4.5,36,12942.02,-62959.26,355,412
P01892,Dairy,Product 1892,Brand A,19.92,7.49,2193,36,2.23,4.0,78,43684.56,27258.99,1878,2167
P01893,Frozen,Product 1893,Brand A,4.49,4.99,5009,98,2.31,3.7,88,22490.41,-2504.5,4860,5009
P01894,Snacks,Product 1894,Brand C,5.96,29.17,4868,72,4.53,3.5,47,29013.28,-112986.28,4460,4868
P01895,Produce,Product 1895,Brand D,35.1,28.68,2100,84,1.02,5.0,71,73710.0,13482.0,2080,2100
P01896,Beverages,Product 1896,Brand D,4.99,14.15,3025,90,3.82,3.7,62,15094.75,-27709.0,1687,2056
P01897,Beverages,Product 1897,Brand A,4.46,20.71,4150,40,2.82,2.5,89,18509.0,-67437.5,3652,3976
P01898,Bakery,Product 1898,Brand A,47.13,6.44,601,91,3.82,3.1,27,28325.13,24454.69,500,601
P01899,Snacks,Product 1899,Brand A,39.69,17.78,5329,28,1.47,3.0,61,211508.01,116758.39,4972,5329
P01900,Dairy,Product 1900,Brand E,47.55,30.89,3925,88,2.32,3.8,33,186633.75,65390.5,3737,3925
P01901,Beverages,Product 1901,Brand A,22.51,25.3,1744,71,4.18,3.1,16,39257.44,-4865.76,1314,1744
P01902,Produce,Product 1902,Brand B,22.02,39.87,1280,16,2.23,4.0,23,28185.6,-22848.0,1247,1280
P01903,Produce,Product 1903,Brand D,44.5,35.92,4847,46,3.15,4.8,59,215691.5,41587.26,4048,4079
P01904,Bakery,Product 1904,Brand A,49.66,11.71,4982,80,4.34,4.9,33,247406.12,189066.9,2550,2712
P01905,Bakery,Product 1905,Brand B,32.48,6.54,3771,95,4.2,3.4,88,122482.08,97819.74,3493,3771
P01906,Produce,Product 1906,Brand C,19.92,10.08,3604,85,2.23,4.1,22,71791.68,35463.36,3242,3604
P01907,Beverages,Product 1907,Brand C,22.02,37.1,4384,17,3.37,3.6,28,96535.68,-66110.72,973,1259
P01908,Bakery,Product 1908,Brand D,44.0,2.55,589,66,3.0,4.4,38,25916.0,24414.05,473,478
P01909,Frozen,Product 1909,Brand C,29.2,26.01,4343,91,2.56,3.8,31,126815.6,13854.17,1294,1463
P01910,Produce,Product 1910,Brand B,29.63,5.54,4926,37,3.07,3.0,11,145957.38,118667.34,3627,3800
P01911,Snacks,Product 1911,Brand C,5.09,17.3,4175,91,2.85,4.0,86,21250.75,-50976.75,3581,3796
P01912,Dairy,Product 1912,Brand A,4.4,14.89,4813,26,1.57,3.9,45,21177.2,-50488.37,4496,4813
P01913,Bakery,Product 1913,Brand A,19.36,22.44,2366,96,3.02,3.6,47,45805.76,-7287.28,2249,2366
P01914,Snacks,Product 1914,Brand C,43.06,37.21,2412,20,0.52,3.2,27,103860.72,14110.2,2157,2412
P01915,Dairy,Product 1915,Brand C,5.16,23.46,3554,24,5.0,4.5,60,18338.64,-65038.2,3212,3481
P01916,Snacks,Product 1916,Brand D,22.97,2.11,3429,39,2.82,3.1,24,78764.13,71528.94,2517,2769
P01917,Snacks,Product 1917,Brand D,46.61,22.66,1648,15,2.14,3.9,61,76813.28,39469.6,225,618
P01918,Produce,Product 1918,Brand A,19.44,28.31,3138,21,2.45,3.8,26,61002.72,-27834.06,2932,3138
P01919,Snacks,Product 1919,Brand B,19.34,34.06,4787,96,4.8,3.7,86,92580.58,-70464.64,4578,4787
P01920,Beverages,Product 1920,Brand D,42.97,7.89,2697,70,2.82,3.6,31,115890.09,94610.76,549,712
P01921,Snacks,Product 1921,Brand E,37.16,33.76,4992,45,4.57,4.0,63,185502.72,16972.8,4718,4992
P01922,Dairy,Product 1922,Brand D,47.13,23.08,1492,44,4.95,3.1,61,70317.96,35882.6,1109,1492
P01923,Beverages,Product 1923,Brand A,48.17,5.6,4018,76,2.85,4.9,94,193547.06,171046.26,3878,4018
P01924,Snacks,Product 1924,Brand B,16.63,15.99,1416,88,2.0,3.5,99,23548.08,906.24,1041,1416
P01925,Beverages,Product 1925,Brand B,39.79,20.19,3872,86,0.67,4.0,55,154066.88,75891.2,3703,3872
P01926,Snacks,Product 1926,Brand B,3.23,18.77,4224,72,2.63,4.1,13,13643.52,-65640.96,4080,4224
P01927,Frozen,Product 1927,Brand D,49.53,4.0,4690,92,3.72,4.4,16,232295.7,213535.7,4468,4690
P01928,Beverages,Product 1928,Brand E,21.22,8.77,1933,49,3.0,3.6,19,41018.26,24065.85,601,870
P01929,Dairy,Product 1929,Brand C,29.7,5.59,4298,91,4.24,3.4,24,127650.6,103624.78,3918,4298
P01930,Beverages,Product 1930,Brand D,25.14,18.64,3721,40,1.02,4.4,35,93545.94,24186.5,1350,1752
P01931,Snacks,Product 1931,Brand D,4.84,26.91,2862,46,1.53,3.9,89,13852.08,-63164.34,2488,2564
P01932,Dairy,Product 1932,Brand B,41.96,2.55,4730,94,1.97,4.2,49,198470.8,186409.3,2419,2537
P01933,Dairy,Product 1933,Brand B,49.35,10.08,4135,14,3.15,2.6,70,204062.25,162381.45,3295,3393
P01934,Produce,Product 1934,Brand A,22.97,8.65,3492,90,3.89,3.9,90,80211.24,50005.44,3057,3492
P01935,Produce,Product 1935,Brand D,11.96,20.55,4006,92,0.58,2.6,25,47911.76,-34411.54,1296,1329
P01936,Snacks,Product 1936,Brand E,3.76,34.56,3828,13,2.4,3.3,27,14393.28,-117902.4,3374,3828
P01937,Snacks,Product 1937,Brand C,22.51,18.7,4575,35,4.1,3.6,84,102983.25,17430.75,1156,1494
P01938,Dairy,Product 1938,Brand D,28.14,10.7,3461,33,3.89,3.7,85,97392.54,60359.84,2358,2425
P01939,Produce,Product 1939,Brand E,24.23,25.3,3458,48,4.22,4.0,11,83787.34,-3700.06,3148,3458
P01940,Frozen,Product 1940,Brand A,44.5,15.55,3228,65,0.7,2.9,63,143646.0,93450.6,3222,3228
P01941,Beverages,Product 1941,Brand B,33.28,20.71,2298,63,0.84,2.9,27,76477.44,28885.86,2006,2298
P01942,Bakery,Product 1942,Brand D,5.47,21.54,4517,47,0.78,3.6,63,24707.99,-72588.19,3039,3280
P01943,Produce,Product 1943,Brand A,4.84,23.05,3633,63,1.25,3.3,47,17583.72,-66156.93,3578,3633
P01944,Dairy,Product 1944,Brand B,23.33,35.92,1340,28,4.96,3.9,82,31262.2,-16870.6,640,1023
P01945,Frozen,Product 1945,Brand B,16.17,10.69,2237,35,2.95,3.1,24,36172.29,12258.76,617,1051
P01946,Bakery,Product 1946,Brand C,4.4,18.17,4798,61,1.02,3.5,73,21111.2,-66068.46,4328,4798
P01947,Bakery,Product 1947,Brand D,32.48,35.92,1442,84,1.67,4.9,17,46836.16,-4960.48,523,594
P01948,Bakery,Product 1948,Brand B,37.02,14.35,4041,70,3.43,3.7,55,149597.82,91609.47,957,1051
P01949,Beverages,Product 1949,Brand C,47.58,14.57,4727,76,3.02,3.7,48,224910.66,156038.27,4277,4727
P01950,Frozen,Product 1950,Brand D,37.92,18.7,3416,31,1.37,4.2,61,129534.72,65655.52,2936,3416
P01951,Bakery,Product 1951,Brand C,32.48,20.55,1995,26,1.37,2.9,17,64797.6,23800.35,1852,1995
P01952,Bakery,Product 1952,Brand E,3.76,7.49,1788,20,0.76,3.0,59,6722.88,-6669.24,1766,1788
P01953,Dairy,Product 1953,Brand A,15.37,14.84,4093,48,0.58,3.6,59,62909.41,2169.29,1963,2012
P01954,Bakery,Product 1954,Brand E,19.92,32.77,4983,70,4.24,3.1,92,99261.36,-64031.55,4561,4983
P01955,Produce,Product 1955,Brand B,47.42,35.13,4555,58,2.4,4.5,77,215998.1,55980.95,2513,2649
P01956,Frozen,Product 1956,Brand A,36.02,34.16,2930,70,4.6,4.4,36,105538.6,5449.8,2218,2610
P01957,Frozen,Product 1957,Brand C,22.63,20.55,4752,21,3.19,4.1,86,107537.76,9884.16,4521,4752
P01958,Bakery,Product 1958,Brand E,37.78,7.49,3766,22,4.28,3.1,47,142279.48,114072.14,1449,1549
P01959,Frozen,Product 1959,Brand E,5.63,13.29,4985,67,4.41,4.3,30,28065.55,-38185.1,2991,3459
P01960,Beverages,Product 1960,Brand A,31.67,1.95,4334,20,1.37,4.8,99,137257.78,128806.48,1170,1463
P01961,Snacks,Product 1961,Brand C,27.27,7.79,4422,73,3.48,4.4,54,120587.94,86140.56,1853,2053
P01962,Frozen,Product 1962,Brand B,16.65,5.79,2570,40,1.98,3.5,67,42790.5,27910.2,2236,2570
P01963,Dairy,Product 1963,Brand A,48.5,8.77,4426,20,4.24,4.3,32,214661.0,175844.98,3958,4426
P01964,Dairy,Product 1964,Brand D,33.35,18.17,2270,52,3.85,3.5,63,75704.5,34458.6,1520,1641
P01965,Snacks,Product 1965,Brand A,5.79,15.4,4039,45,0.98,3.5,39,23385.81,-38814.79,3587,3814
P01966,Produce,Product 1966,Brand C,31.29,4.52,3450,11,2.71,4.1,25,107950.5,92356.5,3041,3450
P01967,Bakery,Product 1967,Brand C,23.72,7.17,4831,96,2.63,4.0,61,114591.32,79953.05,4365,4831
P01968,Dairy,Product 1968,Brand E,24.23,18.3,1926,70,4.53,4.8,50,46666.98,11421.18,1488,1926
P01969,Dairy,Product 1969,Brand D,35.35,3.93,1743,45,2.51,3.1,80,61615.05,54765.06,719,958
P01970,Snacks,Product 1970,Brand D,48.1,13.49,3776,87,3.4,3.6,90,181625.6,130687.36,3499,3776
P01971,Frozen,Product 1971,Brand A,14.27,5.59,4075,58,2.6,3.5,33,58150.25,35371.0,1356,1457
P01972,Dairy,Product 1972,Brand A,35.21,9.99,5260,36,2.29,4.4,29,185204.6,132657.2,4877,5260
P01973,Snacks,Product 1973,Brand B,5.47,23.8,4313,21,4.53,4.0,36,23592.11,-79057.29,3818,4313
P01974,Beverages,Product 1974,Brand A,47.79,14.26,2280,67,2.66,3.1,11,108961.2,76448.4,1110,1297
P01975,Dairy,Product 1975,Brand B,19.36,14.57,4862,15,1.02,3.4,69,94128.32,23288.98,2783,2942
P01976,Bakery,Product 1976,Brand D,1.6,19.51,531,53,0.7,4.4,60,849.6,-9510.21,525,531
P01977,Dairy,Product 1977,Brand E,31.39,21.54,4294,56,4.24,3.7,10,134788.66,42295.9,4124,4294
P01978,Bakery,Product 1978,Brand E,47.58,6.92,691,32,1.78,3.3,15,32877.78,28096.06,316,691
P01979,Bakery,Product 1979,Brand C,19.36,34.69,2506,83,2.0,4.7,47,48516.16,-38416.98,709,889
P01980,Bakery,Product 1980,Brand C,18.44,24.92,4984,85,0.72,2.5,63,91904.96,-32296.32,4553,4984
P01981,Produce,Product 1981,Brand E,40.53,16.89,3366,35,3.97,4.4,69,136423.98,79572.24,285,497
P01982,Bakery,Product 1982,Brand A,35.48,4.99,1406,16,1.64,2.6,36,49884.88,42868.94,824,1236
P01983,Beverages,Product 1983,Brand D,38.31,35.86,4818,41,2.59,4.4,89,184577.58,11804.1,923,1412
P01984,Frozen,Product 1984,Brand B,6.82,11.44,3646,42,0.79,4.9,71,24865.72,-16844.52,1867,2031
P01985,Dairy,Product 1985,Brand B,4.84,37.21,2205,91,3.41,3.2,72,10672.2,-71375.85,2077,2205
P01986,Produce,Product 1986,Brand E,4.84,7.25,5170,29,0.54,4.7,44,25022.8,-12459.7,4874,5170
P01987,Produce,Product 1987,Brand B,47.79,18.3,4418,78,2.85,3.4,67,211136.22,130286.82,3989,4207
P01988,Produce,Product 1988,Brand E,10.22,38.19,2723,61,2.29,3.5,70,27829.06,-76162.31,1284,1425
P01989,Produce,Product 1989,Brand B,29.6,16.71,4912,51,4.58,2.7,45,145395.2,63315.68,4479,4912
P01990,Bakery,Product 1990,Brand E,47.57,25.52,2641,92,3.76,4.5,65,125632.37,58234.05,283,415
P01991,Beverages,Product 1991,Brand A,5.63,16.22,4062,10,1.37,3.6,76,22869.06,-43016.58,3708,4062
P01992,Frozen,Product 1992,Brand A,45.16,39.99,4117,72,1.25,2.9,66,185923.72,21284.89,3866,4117
P01993,Frozen,Product 1993,Brand D,19.16,10.69,2097,16,2.23,3.6,50,40178.52,17761.59,1719,2097
P01994,Dairy,Product 1994,Brand A,5.09,27.03,4527,67,3.9,4.0,40,23042.43,-99322.38,4426,4527
P01995,Beverages,Product 1995,Brand D,29.59,5.04,2855,95,2.51,2.9,12,84479.45,70090.25,2535,2855
P01996,Snacks,Product 1996,Brand B,45.36,5.98,4871,59,3.11,4.3,47,220948.56,191819.98,834,932
P01997,Snacks,Product 1997,Brand E,23.33,21.05,3740,43,2.38,3.6,62,87254.2,8527.2,257,593
P01998,Produce,Product 1998,Brand A,19.34,2.91,4075,60,2.26,4.7,61,78810.5,66952.25,1441,1720
P01999,Bakery,Product 1999,Brand D,31.18,33.61,3778,19,0.99,3.2,33,117798.04,-9180.54,3592,3778
P02000,Snacks,Product 2000,Brand A,13.26,11.5,4679,35,0.7,4.9,35,62043.54,8235.04,3354,3697
P02001,Dairy,Product 2001,Brand D,5.94,6.44,2795,41,0.73,2.9,82,16602.3,-1397.5,1175,1318
P02002,Snacks,Product 2002,Brand E,38.13,5.56,2306,51,4.57,4.9,46,87927.78,75106.42,1961,2306
P02003,Frozen,Product 2003,Brand A,45.16,18.17,3078,71,3.0,4.9,57,139002.48,83075.22,2729,3078
P02004,Produce,Product 2004,Brand D,41.27,1.07,4986,21,3.62,4.6,76,205772.22,200437.2,3064,3420
P02005,Snacks,Product 2005,Brand E,32.12,25.81,1371,49,4.08,2.6,50,44036.52,8651.01,988,1371
P02006,Produce,Product 2006,Brand D,35.35,21.54,2480,96,2.92,3.4,58,87668.0,34248.8,1233,1312
P02007,Dairy,Product 2007,Brand D,23.33,26.91,4695,87,1.08,3.0,37,109534.35,-16808.1,4338,4695
P02008,Produce,Product 2008,Brand A,4.57,13.49,4757,43,3.89,3.1,41,21739.49,-42432.44,4402,4757
P02009,Dairy,Product 2009,Brand E,14.27,7.31,2271,90,2.45,4.0,80,32407.17,15806.16,265,695
P02010,Snacks,Product 2010,Brand A,4.62,27.32,3895,79,3.8,4.0,80,17994.9,-88416.5,3856,3895
P02011,Dairy,Product 2011,Brand A,14.77,8.91,4892,36,2.86,4.4,94,72254.84,28667.12,4589,4892
P02012,Beverages,Product 2012,Brand B,2.3,11.76,4166,17,0.66,3.7,41,9581.8,-39410.36,220,257
P02013,Bakery,Product 2013,Brand B,19.36,5.79,3522,56,1.31,4.2,47,68185.92,47793.54,3097,3522
P02014,Dairy,Product 2014,Brand D,5.16,1.95,4956,90,4.96,3.7,29,25572.96,15908.76,4608,4956
P02015,Snacks,Product 2015,Brand C,26.3,38.79,3740,35,1.98,4.5,17,98362.0,-46712.6,3311,3740
P02016,Dairy,Product 2016,Brand C,4.81,6.85,2361,66,2.31,3.3,77,11356.41,-4816.44,2075,2361
P02017,Dairy,Product 2017,Brand A,25.14,21.05,3976,16,4.76,2.6,35,99956.64,16261.84,3255,3710
P02018,Bakery,Product 2018,Brand D,39.04,20.8,1994,97,4.8,4.7,88,77845.76,36370.56,520,844
P02019,Frozen,Product 2019,Brand A,27.74,27.77,1836,98,2.32,2.7,79,50930.64,-55.08,1829,1836
P02020,Dairy,Product 2020,Brand B,11.96,18.64,3288,35,4.96,4.2,57,39324.48,-21963.84,2935,3288
P02021,Frozen,Product 2021,Brand A,37.56,10.7,4766,68,1.6,3.9,78,179010.96,128014.76,4463,4766
P02022,Frozen,Product 2022,Brand B,45.41,34.66,2488,78,3.07,4.6,55,112980.08,26746.0,2185,2488
P02023,Bakery,Product 2023,Brand A,29.1,5.98,4654,56,1.04,3.1,67,135431.4,107600.48,2485,2695
P02024,Produce,Product 2024,Brand C,5.79,14.84,4050,44,4.22,2.6,79,23449.5,-36652.5,1877,1956
P02025,Dairy,Product 2025,Brand D,48.82,34.56,2859,39,1.53,4.1,76,139576.38,40769.34,2477,2859
P02026,Produce,Product 2026,Brand E,35.1,10.08,4749,59,3.8,3.1,38,166689.9,118819.98,4394,4749
P02027,Produce,Product 2027,Brand B,48.15,7.25,3314,98,2.9,4.0,92,159569.1,135542.6,2957,3314
P02028,Snacks,Product 2028,Brand D,49.53,31.01,4644,33,4.57,2.9,19,230017.32,86006.88,4200,4644
P02029,Bakery,Product 2029,Brand A,18.31,18.7,1688,39,1.77,4.6,80,30907.28,-658.32,1555,1688
P02030,Bakery,Product 2030,Brand E,40.91,33.76,1264,93,0.72,3.5,74,51710.24,9037.6,1088,1264
P02031,Beverages,Product 2031,Brand D,22.51,11.44,2077,63,0.58,3.5,74,46753.27,22992.39,1990,2077
P02032,Frozen,Product 2032,Brand C,40.37,25.0,2831,76,1.97,3.1,26,114287.47,43512.47,2582,2831
P02033,Produce,Product 2033,Brand E,4.84,14.89,1894,41,1.37,3.6,31,9166.96,-19034.7,749,1207
P02034,Dairy,Product 2034,Brand D,3.76,7.31,2145,17,1.57,4.2,23,8065.2,-7614.75,1928,2145
P02035,Snacks,Product 2035,Brand A,6.79,3.67,2934,59,0.99,3.1,15,19921.86,9154.08,2528,2934
P02036,Bakery,Product 2036,Brand A,22.63,25.3,5125,56,2.84,3.1,39,115978.75,-13683.75,4774,5125
P02037,Frozen,Product 2037,Brand E,19.44,38.79,3072,96,4.19,2.7,56,59719.68,-59443.2,2417,2824
P02038,Bakery,Product 2038,Brand B,20.53,34.66,1130,55,0.7,4.7,29,23198.9,-15966.9,146,238
P02039,Bakery,Product 2039,Brand C,22.26,28.68,4989,89,2.6,4.9,25,111055.14,-32029.38,4560,4989
P02040,Snacks,Product 2040,Brand A,35.21,13.8,2422,44,4.44,4.0,77,85278.62,51855.02,2215,2422
P02041,Bakery,Product 2041,Brand A,29.59,9.87,3784,70,4.05,5.0,43,111968.56,74620.48,2354,2586
P02042,Produce,Product 2042,Brand D,21.22,19.94,2267,98,0.67,3.8,10,48105.74,2901.76,172,480
P02043,Frozen,Product 2043,Brand D,14.81,10.27,3756,88,4.05,3.4,86,55626.36,17052.24,3557,3756
P02044,Produce,Product 2044,Brand D,2.3,7.17,2552,60,2.84,4.1,57,5869.6,-12428.24,2122,2552
P02045,Bakery,Product 2045,Brand D,15.0,23.95,4223,72,1.6,4.6,17,63345.0,-37795.85,4185,4223
P02046,Dairy,Product 2046,Brand B,37.97,18.3,3056,17,2.45,4.9,31,116036.32,60111.52,2177,2601
P02047,Bakery,Product 2047,Brand E,6.05,36.21,3234,43,0.52,2.8,77,19565.7,-97537.44,1126,1525
P02048,Beverages,Product 2048,Brand D,47.07,30.33,2439,34,2.85,4.2,43,114803.73,40828.86,1643,2012
P02049,Snacks,Product 2049,Brand C,25.76,27.32,5169,53,0.88,4.0,69,133153.44,-8063.64,4716,5169
P02050,Snacks,Product 2050,Brand A,37.92,3.93,4992,92,2.26,4.0,54,189296.64,169678.08,4596,4992
P02051,Produce,Product 2051,Brand B,2.24,26.87,2213,52,2.58,4.7,46,4957.12,-54506.19,2136,2213
P02052,Frozen,Product 2052,Brand D,32.12,20.38,4916,59,4.41,3.5,32,157901.92,57713.84,4849,4916
P02053,Dairy,Product 2053,Brand E,31.29,3.5,1132,22,4.22,2.9,93,35420.28,31458.28,947,1132
P02054,Frozen,Product 2054,Brand D,40.83,11.14,4557,55,2.85,4.4,33,186062.31,135297.33,4180,4557
P02055,Dairy,Product 2055,Brand A,48.52,31.67,1870,85,3.62,2.9,22,90732.4,31509.5,1595,1870
P02056,Dairy,Product 2056,Brand E,31.29,23.97,4500,88,1.64,3.5,78,140805.0,32940.0,1034,1124
P02057,Dairy,Product 2057,Brand D,36.02,31.67,4956,96,2.66,3.9,89,178515.12,21558.6,1495,1781
P02058,Beverages,Product 2058,Brand B,31.82,30.03,3604,62,1.66,2.7,69,114679.28,6451.16,638,986
P02059,Dairy,Product 2059,Brand A,21.22,27.55,3726,72,2.56,3.2,47,79065.72,-23585.58,3519,3726
P02060,Beverages,Product 2060,Brand A,32.23,19.94,188,11,1.04,2.5,57,6059.24,2310.52,170,188
P02061,Frozen,Product 2061,Brand D,31.29,13.8,820,49,2.95,2.8,35,25657.8,14341.8,355,599
P02062,Snacks,Product 2062,Brand E,13.14,10.69,2613,32,1.77,4.9,95,34334.82,6401.85,2294,2613
P02063,Produce,Product 2063,Brand D,36.58,1.29,3974,68,0.8,3.3,97,145368.92,140242.46,1001,1008
P02064,Snacks,Product 2064,Brand A,35.09,5.23,3472,78,4.54,5.0,86,121832.48,103673.92,769,957
P02065,Dairy,Product 2065,Brand A,5.16,2.73,4484,43,0.52,4.4,94,23137.44,10896.12,1983,2445
P02066,Snacks,Product 2066,Brand D,36.02,31.01,4902,83,2.23,3.8,10,176570.04,24559.02,239,327
P02067,Produce,Product 2067,Brand D,19.16,39.87,2918,36,0.67,3.5,13,55908.88,-60431.78,2802,2918
P02068,Dairy,Product 2068,Brand D,48.5,30.33,3267,64,4.47,4.4,76,158449.5,59361.39,2768,3267
P02069,Bakery,Product 2069,Brand C,15.37,8.77,1609,13,4.37,2.6,96,24730.33,10619.4,1546,1609
P02070,Snacks,Product 2070,Brand C,47.07,3.67,4522,77,0.54,4.0,89,212850.54,196254.8,3018,3459
P02071,Frozen,Product 2071,Brand C,16.17,4.73,4347,81,4.48,3.8,22,70290.99,49729.68,4003,4347
P02072,Dairy,Product 2072,Brand C,3.23,13.22,4334,79,0.66,3.1,48,13998.82,-43296.66,4259,4334
P02073,Bakery,Product 2073,Brand A,31.84,17.55,2918,98,3.48,3.3,40,92909.12,41698.22,1394,1773
P02074,Frozen,Product 2074,Brand D,22.02,23.46,4259,36,3.85,2.8,33,93783.18,-6132.96,967,1262
P02075,Produce,Product 2075,Brand D,49.66,6.85,3867,56,1.04,3.3,88,192035.22,165546.27,2982,3153
P02076,Dairy,Product 2076,Brand B,44.62,20.71,4940,49,1.28,4.9,14,220422.8,118115.4,4708,4940
P02077,Snacks,Product 2077,Brand A,48.2,8.85,1976,93,3.02,3.9,58,95243.2,77755.6,1516,1956
P02078,Bakery,Product 2078,Brand B,28.36,33.76,3566,36,2.82,2.6,95,101131.76,-19256.4,3172,3566
P02079,Snacks,Product 2079,Brand D,45.16,19.51,3680,16,0.66,4.9,95,166188.8,94392.0,3432,3680
P02080,Beverages,Product 2080,Brand A,29.2,2.55,5336,32,3.02,4.7,20,155811.2,142204.4,4973,5336
P02081,Dairy,Product 2081,Brand B,16.68,5.04,4016,93,2.59,4.1,33,66986.88,46746.24,2682,2907
P02082,Snacks,Product 2082,Brand C,48.52,20.8,1742,73,1.64,4.6,54,84521.84,48288.24,458,734
P02083,Dairy,Product 2083,Brand E,5.63,1.95,2820,38,2.55,3.5,83,15876.6,10377.6,1600,1962
P02084,Snacks,Product 2084,Brand A,37.02,14.65,4426,70,2.42,3.0,43,163850.52,99009.62,2038,2230
P02085,Produce,Product 2085,Brand A,42.97,37.21,4976,53,0.54,3.8,20,213818.72,28661.76,914,1081
P02086,Beverages,Product 2086,Brand A,26.86,7.49,3317,78,1.97,3.9,66,89094.62,64250.29,695,1165
P02087,Snacks,Product 2087,Brand A,19.37,15.07,1188,36,1.67,4.4,38,23011.56,5108.4,326,425
P02088,Bakery,Product 2088,Brand C,39.04,20.55,3466,21,2.26,3.0,31,135312.64,64086.34,3095,3466
P02089,Bakery,Product 2089,Brand A,16.82,19.22,4347,26,0.54,4.4,42,73116.54,-10432.8,3935,4347
P02090,Snacks,Product 2090,Brand D,27.27,8.85,4563,46,1.75,4.2,81,124433.01,84050.46,3418,3646
P02091,Dairy,Product 2091,Brand B,35.09,35.86,2578,43,3.69,4.6,58,90462.02,-1985.06,2164,2578
P02092,Dairy,Product 2092,Brand C,29.2,13.8,4730,45,4.47,3.2,32,138116.0,72842.0,2451,2765
P02093,Beverages,Product 2093,Brand C,47.57,9.87,2719,15,4.81,2.9,78,129342.83,102506.3,1637,1963
P02094,Frozen,Product 2094,Brand A,17.7,5.04,2318,41,1.98,4.5,38,41028.6,29345.88,1464,1526
P02095,Frozen,Product 2095,Brand C,24.23,32.34,3057,82,2.85,4.9,15,74071.11,-24792.27,2928,3057
P02096,Snacks,Product 2096,Brand C,5.16,11.44,4977,31,1.35,4.1,61,25681.32,-31255.56,1184,1434
P02097,Bakery,Product 2097,Brand D,31.84,6.6,2472,19,0.84,4.9,98,78708.48,62393.28,366,818
P02098,Snacks,Product 2098,Brand D,43.56,5.23,4679,38,2.71,2.6,98,203817.24,179346.07,1370,1779
P02099,Bakery,Product 2099,Brand A,31.96,8.77,3536,20,2.38,4.9,23,113010.56,81999.84,134,557
P02100,Dairy,Product 2100,Brand A,39.08,19.22,5120,75,0.91,4.0,26,200089.6,101683.2,4981,5120
P02101,Frozen,Product 2101,Brand D,35.1,5.23,4091,65,0.67,2.8,89,143594.1,122198.17,167,397
P02102,Frozen,Product 2102,Brand A,3.82,17.02,2874,94,4.92,2.7,37,10978.68,-37936.8,288,347
P02103,Bakery,Product 2103,Brand B,47.55,38.01,4401,67,4.83,2.5,18,209267.55,41985.54,4236,4401
P02104,Bakery,Product 2104,Brand E,5.09,2.73,5007,61,0.67,4.1,75,25485.63,11816.52,4803,5007
P02105,Bakery,Product 2105,Brand B,17.7,34.69,3037,70,0.76,2.9,13,53754.9,-51598.63,782,1195
P02106,Beverages,Product 2106,Brand E,16.68,20.38,3625,26,4.8,4.0,29,60465.0,-13412.5,3054,3152
P02107,Frozen,Product 2107,Brand E,47.07,27.32,4592,39,0.67,3.6,50,216145.44,90692.0,3238,3576
P02108,Beverages,Product 2108,Brand B,3.22,20.8,2777,81,4.18,4.6,45,8941.94,-48819.66,1431,1677
P02109,Bakery,Product 2109,Brand C,23.45,13.29,4770,46,3.07,4.9,15,111856.5,48463.2,3290,3427
P02110,Snacks,Product 2110,Brand B,48.75,25.3,1913,14,4.44,4.4,74,93258.75,44859.85,952,998
P02111,Bakery,Product 2111,Brand A,14.77,21.52,3362,35,0.52,2.9,59,49656.74,-22693.5,3158,3362
P02112,Snacks,Product 2112,Brand A,2.3,11.3,2946,79,4.92,2.8,73,6775.8,-26514.0,856,1249
P02113,Snacks,Product 2113,Brand D,5.79,33.76,4877,89,3.2,3.8,12,28237.83,-136409.69,4096,4289
P02114,Bakery,Product 2114,Brand E,5.79,8.85,2551,10,2.29,4.9,46,14770.29,-7806.06,1794,2121
P02115,Beverages,Product 2115,Brand E,21.04,5.79,1766,18,2.31,3.1,12,37156.64,26931.5,1407,1766
P02116,Snacks,Product 2116,Brand C,22.02,32.64,2737,94,4.34,3.5,42,60268.74,-29066.94,2695,2737
P02117,Dairy,Product 2117,Brand D,26.86,28.68,1805,80,4.28,2.9,68,48482.3,-3285.1,1318,1480
P02118,Dairy,Product 2118,Brand E,16.68,32.64,3440,73,2.59,4.9,24,57379.2,-54902.4,583,807
P02119,Produce,Product 2119,Brand A,20.53,39.3,5037,88,2.95,2.9,65,103409.61,-94544.49,4783,5037
P02120,Snacks,Product 2120,Brand B,32.23,4.93,4372,33,1.67,4.7,70,140909.56,119355.6,4088,4372
P02121,Frozen,Product 2121,Brand A,37.16,38.79,3867,14,0.67,4.9,77,143697.72,-6303.21,3649,3867
P02122,Produce,Product 2122,Brand C,23.72,10.08,3081,60,2.66,4.9,88,73081.32,42024.84,1221,1321
P02123,Bakery,Product 2123,Brand C,18.44,37.34,442,47,2.51,4.8,80,8150.48,-8353.8,381,442
P02124,Produce,Product 2124,Brand A,5.12,35.68,2561,38,1.84,4.0,77,13112.32,-78264.16,729,769
P02125,Snacks,Product 2125,Brand D,48.52,9.53,3027,55,2.29,3.6,71,146870.04,118022.73,2566,2748
P02126,Snacks,Product 2126,Brand E,23.33,13.22,4477,61,1.25,3.4,76,104448.41,45262.47,4418,4477
P02127,Bakery,Product 2127,Brand E,27.91,23.08,4737,55,2.92,3.6,32,132209.67,22879.71,4275,4737
P02128,Beverages,Product 2128,Brand D,10.22,4.93,3258,84,4.33,4.5,23,33296.76,17234.82,2829,3258
P02129,Dairy,Product 2129,Brand D,31.39,27.03,4715,77,1.28,4.6,15,148003.85,20557.4,3564,3787
P02130,Produce,Product 2130,Brand A,42.97,6.5,4872,68,2.26,3.0,42,209349.84,177681.84,2481,2689
P02131,Snacks,Product 2131,Brand B,31.67,13.44,3459,19,1.75,4.4,18,109546.53,63057.57,3036,3459
P02132,Produce,Product 2132,Brand A,17.1,34.66,1621,13,1.35,3.7,21,27719.1,-28464.76,1451,1621
P02133,Bakery,Product 2133,Brand C,24.2,22.3,4448,61,0.52,4.1,60,107641.6,8451.2,2405,2544
P02134,Frozen,Product 2134,Brand B,39.96,1.07,3741,83,4.81,2.9,12,149490.36,145487.49,3538,3741
P02135,Bakery,Product 2135,Brand D,32.48,1.54,1190,27,1.31,4.2,65,38651.2,36818.6,936,1190
P02136,Produce,Product 2136,Brand A,30.97,8.85,3715,85,1.91,4.0,55,115053.55,82175.8,3549,3715
P02137,Beverages,Product 2137,Brand C,45.23,23.05,4707,60,0.58,2.5,45,212897.61,104401.26,4650,4707
P02138,Beverages,Product 2138,Brand A,45.36,5.59,2289,32,1.78,3.6,22,103829.04,91033.53,2166,2289
P02139,Bakery,Product 2139,Brand D,35.35,3.5,3497,34,2.66,3.1,22,123618.95,111379.45,3101,3497
P02140,Produce,Product 2140,Brand B,18.31,38.81,958,69,2.56,3.3,67,17540.98,-19639.0,532,958
P02141,Produce,Product 2141,Brand B,22.51,22.44,4894,46,4.92,4.6,94,110163.94,342.58,4447,4894
P02142,Bakery,Product 2142,Brand A,24.2,24.73,5128,77,1.57,3.2,43,124097.6,-2717.84,4991,5128
P02143,Snacks,Product 2143,Brand D,29.1,16.89,4420,86,1.72,4.9,52,128622.0,53968.2,4014,4420
P02144,Frozen,Product 2144,Brand A,31.18,11.76,4155,27,4.28,4.3,37,129552.9,80690.1,3733,4155
P02145,Beverages,Product 2145,Brand D,37.02,37.82,3514,38,3.11,4.9,65,130088.28,-2811.2,3057,3514
P02146,Produce,Product 2146,Brand E,27.93,24.92,3597,39,3.11,3.9,56,100464.21,10826.97,2885,3135
P02147,Beverages,Product 2147,Brand B,35.35,35.68,2981,16,4.47,4.0,44,105378.35,-983.73,320,377
P02148,Snacks,Product 2148,Brand C,26.3,6.6,4119,97,3.51,3.5,87,108329.7,81144.3,2260,2327
P02149,Beverages,Product 2149,Brand D,16.65,24.62,4986,50,3.85,2.5,91,83016.9,-39738.42,4755,4986
P02150,Bakery,Product 2150,Brand B,46.61,24.43,4191,83,1.67,4.0,28,195342.51,92956.38,2344,2827
P02151,Bakery,Product 2151,Brand A,38.31,13.22,4152,46,1.37,4.5,92,159063.12,104173.68,3908,4152
P02152,Bakery,Product 2152,Brand B,43.06,26.87,4992,36,1.64,4.2,60,214955.52,80820.48,879,1165
P02153,Beverages,Product 2153,Brand A,47.07,5.6,2992,30,2.14,2.5,29,140833.44,124078.24,2362,2483
P02154,Produce,Product 2154,Brand B,49.66,20.19,5241,52,2.85,4.2,38,260268.06,154452.27,4831,5241
P02155,Frozen,Product 2155,Brand D,18.31,10.69,1595,60,4.19,3.4,81,29204.45,12153.9,1139,1595
P02156,Dairy,Product 2156,Brand D,48.82,34.06,3820,80,1.97,3.9,98,186492.4,56383.2,2380,2434
P02157,Bakery,Product 2157,Brand A,47.79,2.55,3211,22,1.25,3.7,90,153453.69,145265.64,1903,2191
P02158,Produce,Product 2158,Brand D,16.17,13.29,1766,62,0.78,3.1,74,28556.22,5086.08,1488,1766
P02159,Snacks,Product 2159,Brand D,47.07,16.44,4000,96,5.0,4.6,47,188280.0,122520.0,3608,4000
P02160,Dairy,Product 2160,Brand B,27.91,8.85,4196,72,3.9,2.7,58,117110.36,79975.76,2218,2583
P02161,Beverages,Product 2161,Brand B,25.14,20.55,4810,66,1.02,4.0,37,120923.4,22077.9,3883,3949
P02162,Bakery,Product 2162,Brand E,48.5,8.1,4425,34,0.52,2.7,42,214612.5,178770.0,4155,4425
P02163,Frozen,Product 2163,Brand C,33.95,11.9,3749,22,2.2,4.8,22,127278.55,82665.45,1682,2071
P02164,Beverages,Product 2164,Brand B,14.82,14.89,4130,46,0.52,4.5,97,61206.6,-289.1,4117,4130
P02165,Bakery,Product 2165,Brand C,32.81,21.05,3888,39,3.54,4.4,53,127565.28,45722.88,3545,3888
P02166,Snacks,Product 2166,Brand C,1.71,9.53,681,99,3.54,4.4,95,1164.51,-5325.42,557,681
P02167,Frozen,Product 2167,Brand C,31.82,17.55,4483,21,4.54,4.0,61,142649.06,63972.41,4406,4483
P02168,Dairy,Product 2168,Brand E,10.59,32.77,3257,74,0.54,4.0,86,34491.63,-72240.26,2918,3257
P02169,Bakery,Product 2169,Brand D,2.24,6.6,4054,27,2.63,3.6,85,9080.96,-17675.44,3431,3455
P02170,Frozen,Product 2170,Brand E,27.27,5.98,2975,94,1.57,4.9,50,81128.25,63337.75,776,811
P02171,Beverages,Product 2171,Brand B,32.52,14.65,4728,71,1.47,4.4,58,153754.56,84489.36,2242,2704
P02172,Bakery,Product 2172,Brand E,8.98,6.44,1837,33,0.66,4.6,16,16496.26,4665.98,1513,1837
P02173,Dairy,Product 2173,Brand A,27.93,5.27,4695,69,4.34,3.6,45,131131.35,106388.7,1005,1415
P02174,Snacks,Product 2174,Brand D,4.99,22.49,4873,26,0.66,3.3,35,24316.27,-85277.5,3491,3565
P02175,Bakery,Product 2175,Brand B,2.3,4.52,4784,69,1.35,3.2,36,11003.2,-10620.48,4091,4577
P02176,Frozen,Product 2176,Brand C,14.59,3.73,4729,18,2.17,3.3,33,68996.11,51356.94,2322,2744
P02177,Bakery,Product 2177,Brand A,44.0,16.16,2323,61,3.9,3.4,80,102212.0,64672.32,211,501
P02178,Frozen,Product 2178,Brand B,4.99,5.89,3769,24,2.42,3.0,90,18807.31,-3392.1,3479,3769
P02179,Beverages,Product 2179,Brand C,4.84,10.69,3992,86,3.81,3.0,42,19321.28,-23353.2,3973,3992
P02180,Frozen,Product 2180,Brand B,41.5,10.7,3510,37,1.04,4.0,27,145665.0,108108.0,3251,3510
P02181,Snacks,Product 2181,Brand C,6.45,10.27,2160,90,3.81,3.6,14,13932.0,-8251.2,2044,2160
P02182,Snacks,Product 2182,Brand C,24.2,4.52,2892,18,4.48,3.5,10,69986.4,56914.56,2600,2892
P02183,Dairy,Product 2183,Brand E,35.61,39.5,4391,65,4.54,3.4,80,156363.51,-17080.99,512,772
P02184,Beverages,Product 2184,Brand D,25.14,31.67,4728,94,3.41,4.5,12,118861.92,-30873.84,4168,4546
P02185,Dairy,Product 2185,Brand D,47.58,38.19,2905,84,2.4,3.0,45,138219.9,27277.95,2751,2905
P02186,Dairy,Product 2186,Brand B,10.59,21.22,2024,45,4.76,3.6,44,21434.16,-21515.12,285,488
P02187,Beverages,Product 2187,Brand A,2.24,30.88,1807,65,4.58,4.6,60,4047.68,-51752.48,1676,1807
P02188,Bakery,Product 2188,Brand D,37.87,29.17,3386,98,3.33,3.6,21,128227.82,29458.2,3258,3386
P02189,Dairy,Product 2189,Brand D,6.45,21.05,4610,80,3.41,4.8,24,29734.5,-67306.0,4177,4610
P02190,Bakery,Product 2190,Brand C,40.37,17.3,4496,29,0.73,4.0,13,181503.52,103722.72,150,415
P02191,Produce,Product 2191,Brand A,44.62,23.97,4464,64,0.84,4.2,65,199183.68,92181.6,1269,1571
P02192,Snacks,Product 2192,Brand E,32.81,25.07,5000,69,2.63,4.4,25,164050.0,38700.0,4550,5000
P02193,Produce,Product 2193,Brand E,49.35,9.53,2586,44,4.53,3.1,15,127619.1,102974.52,135,405
P02194,Bakery,Product 2194,Brand C,4.57,5.98,379,83,0.99,4.1,72,1732.03,-534.39,376,379
P02195,Snacks,Product 2195,Brand A,5.63,18.64,3861,10,3.85,4.6,32,21737.43,-50231.61,2564,2822
P02196,Dairy,Product 2196,Brand B,37.56,32.77,2751,87,0.79,2.5,86,103327.56,13177.29,988,1330
P02197,Beverages,Product 2197,Brand C,24.2,32.99,3947,54,0.8,4.4,53,95517.4,-34694.13,503,980
P02198,Snacks,Product 2198,Brand A,48.5,37.21,5126,78,4.2,3.9,10,248611.0,57872.54,4709,5126
P02199,Produce,Product 2199,Brand A,35.1,5.56,3986,49,4.47,3.5,66,139908.6,117746.44,2713,2813
P02200,Frozen,Product 2200,Brand C,32.52,30.89,4140,47,2.26,4.1,85,134632.8,6748.2,2588,2982
P02201,Snacks,Product 2201,Brand A,4.4,33.61,4452,33,2.58,3.1,36,19588.8,-130042.92,4085,4452
P02202,Snacks,Product 2202,Brand A,3.23,6.31,3192,13,0.73,3.9,34,10310.16,-9831.36,3139,3192
P02203,Produce,Product 2203,Brand C,22.26,7.68,2650,78,2.55,4.6,95,58989.0,38637.0,2222,2650
P02204,Beverages,Product 2204,Brand A,3.23,39.21,1438,22,3.43,4.6,71,4644.74,-51739.24,1272,1438
P02205,Dairy,Product 2205,Brand E,35.48,7.87,4858,30,4.05,3.6,27,172361.84,134129.38,4709,4858
P02206,Produce,Product 2206,Brand A,11.96,8.77,3786,41,0.54,4.0,89,45280.56,12077.34,2687,3166
P02207,Frozen,Product 2207,Brand C,44.0,34.69,3816,47,4.46,4.0,39,167904.0,35526.96,389,552
P02208,Snacks,Product 2208,Brand D,4.81,35.86,2779,41,3.69,3.8,39,13366.99,-86287.95,2328,2779
P02209,Produce,Product 2209,Brand B,42.92,18.64,2496,88,1.75,2.5,93,107128.32,60602.88,2413,2496
P02210,Produce,Product 2210,Brand A,40.91,18.3,4300,66,2.85,4.0,56,175913.0,97223.0,4278,4300
P02211,Frozen,Product 2211,Brand D,5.63,7.31,3049,57,2.58,3.3,31,17165.87,-5122.32,1984,2004
P02212,Dairy,Product 2212,Brand C,48.17,32.61,4363,39,0.58,3.0,51,210165.71,67888.28,3936,4292
P02213,Bakery,Product 2213,Brand D,31.96,7.17,4331,80,0.66,4.6,43,138418.76,107365.49,1683,1894
P02214,Bakery,Product 2214,Brand E,13.14,10.27,3502,47,3.87,2.9,72,46016.28,10050.74,1769,2135
P02215,Beverages,Product 2215,Brand C,25.65,13.29,3684,53,1.98,3.6,13,94494.6,45534.24,2346,2670
P02216,Snacks,Product 2216,Brand D,28.16,14.35,1099,35,3.0,4.0,40,30947.84,15177.19,747,1099
P02217,Frozen,Product 2217,Brand C,27.91,6.5,3262,99,4.05,4.2,60,91042.42,69839.42,3254,3262
P02218,Dairy,Product 2218,Brand A,13.14,4.93,2255,11,0.9,3.0,59,29630.7,18513.55,365,672
P02219,Beverages,Product 2219,Brand D,2.3,2.05,3742,52,2.92,4.7,23,8606.6,935.5,3588,3742
P02220,Bakery,Product 2220,Brand B,29.7,30.03,4300,52,4.34,3.5,17,127710.0,-1419.0,3017,3068
P02221,Beverages,Product 2221,Brand D,5.47,39.21,3584,72,2.51,2.9,78,19604.48,-120924.16,2878,3124
P02222,Bakery,Product 2222,Brand B,14.72,30.03,567,82,1.73,2.6,17,8346.24,-8680.77,118,567
P02223,Frozen,Product 2223,Brand B,44.62,1.07,3855,67,2.84,4.0,20,172010.1,167885.25,3701,3855
P02224,Dairy,Product 2224,Brand E,17.1,24.62,4812,57,3.15,4.6,38,82285.2,-36186.24,4566,4812
P02225,Bakery,Product 2225,Brand C,48.15,2.73,3497,14,0.76,4.8,64,168380.55,158833.74,3194,3497
P02226,Dairy,Product 2226,Brand C,5.47,6.54,3970,85,4.22,2.9,94,21715.9,-4247.9,3927,3970
P02227,Snacks,Product 2227,Brand E,20.02,25.0,5207,44,4.47,3.5,48,104244.14,-25930.86,4814,5207
P02228,Produce,Product 2228,Brand E,48.5,10.08,1886,25,2.85,4.4,22,91471.0,72460.12,742,905
P02229,Bakery,Product 2229,Brand C,2.3,4.73,2609,92,2.82,3.5,73,6000.7,-6339.87,1645,2111
P02230,Frozen,Product 2230,Brand A,19.44,24.92,2673,58,0.5,4.0,58,51963.12,-14648.04,2526,2673
P02231,Dairy,Product 2231,Brand A,48.82,39.3,2372,69,1.53,3.0,28,115801.04,22581.44,916,1348
P02232,Dairy,Product 2232,Brand D,6.45,11.76,4770,60,1.67,2.5,76,30766.5,-25328.7,2971,3307
P02233,Frozen,Product 2233,Brand E,38.31,24.62,3013,91,4.34,3.7,92,115428.03,41247.97,2237,2393
P02234,Beverages,Product 2234,Brand B,39.96,33.61,2294,68,0.71,4.4,61,91668.24,14566.9,2291,2294
P02235,Frozen,Product 2235,Brand B,36.02,13.22,2914,73,4.81,4.0,87,104962.28,66439.2,2768,2914
P02236,Beverages,Product 2236,Brand C,37.78,6.85,4620,22,3.15,4.4,80,174543.6,142896.6,963,1232
P02237,Dairy,Product 2237,Brand E,17.1,7.68,4810,35,3.82,3.9,29,82251.0,45310.2,4399,4810
P02238,Produce,Product 2238,Brand D,44.67,10.69,3971,79,4.48,2.9,63,177384.57,134934.58,3727,3971
P02239,Snacks,Product 2239,Brand E,27.93,28.31,3987,12,1.66,2.7,95,111356.91,-1515.06,3691,3987
P02240,Frozen,Product 2240,Brand C,35.61,29.17,3767,96,2.82,3.5,14,134142.87,24259.48,3472,3767
P02241,Bakery,Product 2241,Brand D,49.32,11.14,3869,21,0.79,4.0,88,190819.08,147718.42,2030,2344
P02242,Frozen,Product 2242,Brand C,23.27,22.66,2357,50,4.34,3.5,71,54847.39,1437.77,2300,2357
P02243,Bakery,Product 2243,Brand D,16.63,29.94,4533,88,2.66,4.9,26,75383.79,-60334.23,628,908
P02244,Bakery,Product 2244,Brand E,31.67,7.68,4639,74,0.99,3.0,62,146917.13,111289.61,4162,4639
P02245,Frozen,Product 2245,Brand A,9.69,2.05,4653,72,4.44,4.2,46,45087.57,35548.92,4534,4653
P02246,Snacks,Product 2246,Brand A,18.44,17.02,3705,59,2.59,4.1,28,68320.2,5261.1,3683,3705
P02247,Produce,Product 2247,Brand A,19.36,4.93,1683,56,0.99,3.0,19,32582.88,24285.69,1632,1683
P02248,Frozen,Product 2248,Brand C,5.12,38.19,3036,17,4.6,4.3,53,15544.32,-100400.52,655,1129
P02249,Frozen,Product 2249,Brand B,5.47,3.73,4204,40,4.96,3.7,58,22995.88,7314.96,3992,4204
P02250,Produce,Product 2250,Brand A,35.61,1.54,3832,20,4.08,4.4,98,136457.52,130556.24,2900,3116
P02251,Frozen,Product 2251,Brand A,33.95,29.17,1106,26,3.92,3.7,46,37548.7,5286.68,1030,1106
P02252,Beverages,Product 2252,Brand C,27.74,13.22,3164,36,0.88,4.8,67,87769.36,45941.28,2698,3164
P02253,Beverages,Product 2253,Brand B,13.26,32.77,4788,36,2.01,4.7,24,63488.88,-93413.88,4293,4788
P02254,Produce,Product 2254,Brand A,42.92,14.26,3630,87,4.09,4.0,29,155799.6,104035.8,892,1096
P02255,Beverages,Product 2255,Brand A,33.35,27.03,2735,96,0.71,4.0,64,91212.25,17285.2,2569,2735
P02256,Bakery,Product 2256,Brand D,48.15,23.05,4615,65,2.85,3.5,22,222212.25,115836.5,4135,4615
P02257,Snacks,Product 2257,Brand D,31.18,6.85,4658,78,1.54,4.0,29,145236.44,113329.14,4275,4658
P02258,Bakery,Product 2258,Brand B,2.24,23.08,4544,56,4.57,3.8,52,10178.56,-94696.96,4483,4544
P02259,Snacks,Product 2259,Brand B,43.06,39.5,4676,28,3.79,4.0,91,201348.56,16646.56,2994,3299
P02260,Beverages,Product 2260,Brand A,6.76,4.99,2312,66,2.26,3.3,50,15629.12,4092.24,1869,2148
P02261,Beverages,Product 2261,Brand E,17.1,22.3,4277,40,0.58,3.3,57,73136.7,-22240.4,4017,4277
P02262,Beverages,Product 2262,Brand C,25.14,2.55,3326,25,3.11,3.8,65,83615.64,75134.34,3250,3326
P02263,Snacks,Product 2263,Brand C,6.74,21.54,4475,54,0.72,3.3,77,30161.5,-66230.0,4266,4475
P02264,Dairy,Product 2264,Brand C,14.77,23.97,4927,36,0.9,2.6,97,72771.79,-45328.4,4458,4927
P02265,Produce,Product 2265,Brand A,47.58,20.19,907,70,2.9,4.5,53,43155.06,24842.73,811,848
P02266,Snacks,Product 2266,Brand E,10.22,22.66,2770,35,1.22,3.7,82,28309.4,-34458.8,2677,2770
P02267,Produce,Product 2267,Brand A,5.47,11.9,5114,38,2.23,2.8,56,27973.58,-32883.02,4980,5114
P02268,Frozen,Product 2268,Brand A,1.53,6.92,4644,53,2.23,4.3,59,7105.32,-25031.16,4405,4644
P02269,Produce,Product 2269,Brand D,34.47,25.81,4562,38,3.07,3.1,41,157252.14,39506.92,4150,4562
P02270,Bakery,Product 2270,Brand E,28.14,5.79,2400,11,0.67,3.5,63,67536.0,53640.0,2264,2400
P02271,Produce,Product 2271,Brand D,14.82,34.16,3471,15,3.9,3.5,48,51440.22,-67129.14,3248,3471
P02272,Frozen,Product 2272,Brand C,48.82,32.61,4658,18,1.78,3.3,94,227403.56,75506.18,4510,4658
P02273,Produce,Product 2273,Brand C,19.36,38.19,3413,24,3.92,3.6,67,66075.68,-64266.79,2046,2446
P02274,Bakery,Product 2274,Brand C,15.0,32.61,3476,93,2.42,4.6,70,52140.0,-61212.36,1672,2069
P02275,Snacks,Product 2275,Brand A,21.56,30.88,4708,67,2.26,2.9,81,101504.48,-43878.56,4456,4708
P02276,Bakery,Product 2276,Brand C,5.16,27.03,3824,11,4.59,5.0,92,19731.84,-83630.88,3745,3824
P02277,Bakery,Product 2277,Brand A,48.15,18.3,1383,12,1.67,2.9,28,66591.45,41282.55,299,543
P02278,Bakery,Product 2278,Brand E,22.51,18.7,2795,61,2.84,3.2,78,62915.45,10648.95,2477,2795
P02279,Dairy,Product 2279,Brand D,29.7,18.3,4629,64,2.95,4.0,31,137481.3,52770.6,4168,4629
P02280,Snacks,Product 2280,Brand D,39.04,27.77,1655,62,0.84,3.9,44,64611.2,18651.85,189,556
P02281,Bakery,Product 2281,Brand A,5.16,1.95,2607,81,1.78,4.0,19,13452.12,8368.47,690,1140
P02282,Frozen,Product 2282,Brand A,14.77,6.5,493,49,2.23,4.2,24,7281.61,4077.11,191,311
P02283,Snacks,Product 2283,Brand A,15.37,36.21,4066,94,2.38,4.1,11,62494.42,-84735.44,3757,4066
P02284,Snacks,Product 2284,Brand C,35.14,1.29,2325,48,1.31,2.6,31,81700.5,78701.25,2203,2325
P02285,Frozen,Product 2285,Brand D,41.5,16.16,4127,52,0.76,2.9,92,171270.5,104578.18,3915,4127
P02286,Snacks,Product 2286,Brand A,37.78,13.8,2349,22,4.44,3.4,21,88745.22,56329.02,2065,2349
P02287,Produce,Product 2287,Brand A,3.22,39.21,4510,46,4.83,3.5,71,14522.2,-162314.9,4256,4510
P02288,Beverages,Product 2288,Brand A,33.28,19.22,2282,64,2.71,4.3,54,75944.96,32084.92,2264,2282
P02289,Snacks,Product 2289,Brand D,48.1,10.08,1901,41,3.15,2.8,67,91438.1,72276.02,689,952
P02290,Snacks,Product 2290,Brand D,22.02,35.92,4708,23,2.85,2.8,29,103670.16,-65441.2,4431,4708
P02291,Frozen,Product 2291,Brand A,36.58,33.61,4724,74,2.84,3.6,60,172803.92,14030.28,2180,2221
P02292,Frozen,Product 2292,Brand B,49.66,38.81,4161,36,2.85,3.5,16,206635.26,45146.85,3738,4161
P02293,Bakery,Product 2293,Brand B,22.02,37.82,3871,33,3.85,2.8,33,85239.42,-61161.8,3414,3871
P02294,Bakery,Product 2294,Brand E,47.13,35.68,3960,31,4.54,3.5,76,186634.8,45342.0,885,1249
P02295,Dairy,Product 2295,Brand A,40.83,10.08,4610,87,0.66,3.1,79,188226.3,141757.5,4216,4610
P02296,Bakery,Product 2296,Brand D,42.4,7.68,2737,54,3.3,3.9,62,116048.8,95028.64,1988,2019
P02297,Produce,Product 2297,Brand D,25.76,22.3,4443,17,1.06,4.4,43,114451.68,15372.78,4145,4443
P02298,Snacks,Product 2298,Brand C,29.1,37.34,4345,76,3.89,3.8,42,126439.5,-35802.8,3884,4345
P02299,Frozen,Product 2299,Brand B,20.07,39.21,1730,73,2.56,2.8,32,34721.1,-33112.2,1277,1730
P02300,Bakery,Product 2300,Brand D,9.49,5.6,2131,56,4.53,4.9,67,20223.19,8289.59,1377,1692
P02301,Snacks,Product 2301,Brand A,21.04,8.91,3421,30,3.82,4.0,77,71977.84,41496.73,3065,3183
P02302,Snacks,Product 2302,Brand B,32.81,5.98,2222,41,0.71,4.6,78,72903.82,59616.26,401,761
P02303,Dairy,Product 2303,Brand D,6.82,8.65,3224,54,3.9,2.9,89,21987.68,-5899.92,2444,2678
P02304,Frozen,Product 2304,Brand D,13.14,23.8,5390,53,3.02,3.9,49,70824.6,-57457.4,4968,5390
P02305,Beverages,Product 2305,Brand E,9.69,33.76,3803,50,3.85,4.3,56,36851.07,-91538.21,3315,3358
P02306,Bakery,Product 2306,Brand A,4.84,8.65,3879,61,0.84,3.5,52,18774.36,-14778.99,3415,3643
P02307,Frozen,Product 2307,Brand E,33.35,39.21,5000,97,1.02,2.6,70,166750.0,-29300.0,4614,5000
P02308,Bakery,Product 2308,Brand C,47.57,5.6,3430,20,2.63,3.9,51,163165.1,143957.1,161,295
P02309,Frozen,Product 2309,Brand C,35.14,27.03,1290,94,3.87,3.5,71,45330.6,10461.9,957,1290
P02310,Beverages,Product 2310,Brand A,26.63,5.23,1472,27,2.26,3.9,76,39199.36,31500.8,637,794
P02311,Snacks,Product 2311,Brand D,29.2,14.65,3031,20,0.84,2.7,64,88505.2,44101.05,1440,1932
P02312,Dairy,Product 2312,Brand D,49.31,32.34,5097,36,2.38,3.5,58,251333.07,86496.09,4891,5097
P02313,Frozen,Product 2313,Brand B,25.76,5.59,1696,52,2.66,4.9,58,43688.96,34208.32,917,1331
P02314,Snacks,Product 2314,Brand A,2.14,3.5,3296,74,3.02,4.9,87,7053.44,-4482.56,3207,3296
P02315,Bakery,Product 2315,Brand D,35.61,9.87,4009,63,5.0,3.4,42,142760.49,103191.66,1074,1498
P02316,Beverages,Product 2316,Brand A,4.4,6.92,4836,38,3.54,2.9,37,21278.4,-12186.72,4737,4836
P02317,Bakery,Product 2317,Brand A,36.02,8.65,3789,30,3.0,2.5,66,136479.78,103704.93,3752,3789
P02318,Produce,Product 2318,Brand A,1.53,6.5,3777,38,3.3,3.5,50,5778.81,-18771.69,3403,3777
P02319,Snacks,Product 2319,Brand E,4.81,16.71,2202,18,4.95,3.2,88,10591.62,-26203.8,1811,2202
P02320,Produce,Product 2320,Brand D,15.0,3.73,4729,70,0.75,2.7,13,70935.0,53295.83,889,1323
P02321,Snacks,Product 2321,Brand C,23.33,6.5,2666,71,4.2,2.8,29,62197.78,44868.78,2180,2666
P02322,Bakery,Product 2322,Brand A,15.0,14.15,1082,80,2.82,3.9,98,16230.0,919.7,680,1082
P02323,Produce,Product 2323,Brand C,48.17,10.27,2533,14,3.54,3.0,44,122014.61,96000.7,2141,2533
P02324,Produce,Product 2324,Brand C,8.98,5.54,4514,24,1.22,4.6,62,40535.72,15528.16,451,650
P02325,Bakery,Product 2325,Brand D,18.19,8.1,3232,66,4.58,2.7,48,58790.08,32610.88,2402,2884
P02326,Snacks,Product 2326,Brand A,31.82,5.56,3797,14,4.24,2.9,62,120820.54,99709.22,1173,1529
P02327,Dairy,Product 2327,Brand B,45.16,11.14,2306,29,4.44,2.7,95,104138.96,78450.12,2131,2186
P02328,Bakery,Product 2328,Brand D,2.3,32.34,4573,90,0.67,3.6,19,10517.9,-137372.92,4468,4573
P02329,Bakery,Product 2329,Brand D,13.26,20.55,4170,13,0.67,3.5,89,55294.2,-30399.3,1982,2414
P02330,Snacks,Product 2330,Brand D,14.59,31.67,4688,65,3.92,3.6,96,68397.92,-80071.04,4445,4688
P02331,Snacks,Product 2331,Brand A,3.11,35.92,1434,94,4.92,4.4,92,4459.74,-47049.54,1360,1434
P02332,Dairy,Product 2332,Brand E,28.16,26.01,3491,43,4.41,2.5,74,98306.56,7505.65,331,645
P02333,Produce,Product 2333,Brand A,37.92,8.85,2319,49,4.46,2.9,10,87936.48,67413.33,1056,1160
P02334,Beverages,Product 2334,Brand A,25.65,5.04,5050,78,1.66,3.3,62,129532.5,104080.5,4829,5050
P02335,Frozen,Product 2335,Brand D,14.82,27.55,4453,77,4.54,3.1,55,65993.46,-56686.69,4437,4453
P02336,Snacks,Product 2336,Brand E,35.21,7.89,3437,31,0.5,2.6,35,121016.77,93898.84,2281,2690
P02337,Beverages,Product 2337,Brand D,14.27,6.85,1920,23,4.08,2.5,11,27398.4,14246.4,1194,1223
P02338,Frozen,Product 2338,Brand B,40.83,18.77,4293,77,4.28,3.5,37,175283.19,94703.58,4029,4293
P02339,Frozen,Product 2339,Brand A,48.17,36.48,4104,17,1.97,3.7,93,197689.68,47975.76,3636,4104
P02340,Beverages,Product 2340,Brand E,41.96,35.92,3948,76,3.48,3.1,36,165658.08,23845.92,3592,3948
P02341,Frozen,Product 2341,Brand E,47.58,39.3,4853,55,3.51,2.9,37,230905.74,40182.84,3481,3860
P02342,Snacks,Product 2342,Brand A,35.35,32.08,1585,38,2.4,4.0,40,56029.75,5182.95,1402,1585
P02343,Beverages,Product 2343,Brand B,35.35,3.73,4466,99,3.85,4.2,56,157873.1,141214.92,4414,4466
P02344,Frozen,Product 2344,Brand B,8.01,34.06,1143,21,0.73,3.4,16,9155.43,-29775.15,796,1143
P02345,Snacks,Product 2345,Brand E,39.08,6.5,739,88,2.63,4.0,81,28880.12,24076.62,406,739
P02346,Snacks,Product 2346,Brand B,2.3,1.54,2961,61,3.8,3.1,84,6810.3,2250.36,2123,2533
P02347,Beverages,Product 2347,Brand D,29.7,29.17,2063,67,3.9,2.9,57,61271.1,1093.39,413,519
P02348,Dairy,Product 2348,Brand E,47.57,30.88,3599,11,2.66,3.6,35,171204.43,60067.31,3574,3599
P02349,Produce,Product 2349,Brand A,35.14,19.01,1594,10,4.96,4.5,64,56013.16,25711.22,1502,1594
P02350,Snacks,Product 2350,Brand D,19.23,34.69,4805,64,4.69,3.5,98,92400.15,-74285.3,4476,4805
P02351,Frozen,Product 2351,Brand A,37.97,13.8,3875,43,0.9,4.9,16,147133.75,93658.75,3498,3875
P02352,Bakery,Product 2352,Brand C,6.74,31.01,2236,73,1.28,4.9,93,15070.64,-54267.72,134,160
P02353,Bakery,Product 2353,Brand A,1.71,6.85,2715,77,2.31,2.7,66,4642.65,-13955.1,2217,2677
P02354,Snacks,Product 2354,Brand B,28.16,38.79,3220,91,0.54,3.6,67,90675.2,-34228.6,459,549
P02355,Produce,Product 2355,Brand E,5.96,39.99,2777,21,3.41,4.3,10,16550.92,-94501.31,507,682
P02356,Frozen,Product 2356,Brand B,3.82,6.85,5117,59,3.97,4.9,91,19546.94,-15504.51,4775,5117
P02357,Frozen,Product 2357,Brand B,25.76,19.01,5186,30,2.58,2.9,81,133591.36,35005.5,4801,5186
P02358,Frozen,Product 2358,Brand C,48.5,38.19,3657,19,0.71,3.7,38,177364.5,37703.67,3209,3657
P02359,Dairy,Product 2359,Brand A,34.47,10.47,4429,94,3.17,3.9,31,152667.63,106296.0,4033,4429
P02360,Frozen,Product 2360,Brand C,21.79,4.99,2600,98,4.91,3.5,49,56654.0,43680.0,2192,2600
P02361,Beverages,Product 2361,Brand A,21.04,32.99,3471,90,4.69,4.1,71,73029.84,-41478.45,236,266
P02362,Produce,Product 2362,Brand E,25.65,7.25,2984,79,0.52,3.7,23,76539.6,54905.6,2970,2984
P02363,Dairy,Product 2363,Brand A,38.13,9.53,1485,23,2.23,3.5,11,56623.05,42471.0,1078,1485
P02364,Beverages,Product 2364,Brand A,33.28,13.22,1714,49,3.97,3.9,44,57041.92,34382.84,1584,1714
P02365,Beverages,Product 2365,Brand D,5.16,18.64,4910,91,1.28,3.2,80,25335.6,-66186.8,2514,2645
P02366,Frozen,Product 2366,Brand E,27.27,20.38,4194,39,3.2,4.0,76,114370.38,28896.66,3476,3482
P02367,Dairy,Product 2367,Brand C,13.14,20.71,777,82,3.48,2.6,88,10209.78,-5881.89,566,777
P02368,Produce,Product 2368,Brand E,35.14,6.54,1848,23,2.63,4.2,31,64938.72,52852.8,1074,1223
P02369,Beverages,Product 2369,Brand D,37.79,39.3,5311,61,0.74,4.4,27,200702.69,-8019.61,4818,5311
P02370,Produce,Product 2370,Brand C,3.76,34.16,2298,26,0.52,4.0,55,8640.48,-69859.2,2022,2298
P02371,Bakery,Product 2371,Brand A,4.99,15.07,2846,71,3.02,4.3,91,14201.54,-28687.68,2697,2846
P02372,Frozen,Product 2372,Brand E,34.47,10.27,2791,31,4.2,3.1,72,96205.77,67542.2,2751,2791
P02373,Produce,Product 2373,Brand A,31.82,20.38,3858,62,0.73,4.4,45,122761.56,44135.52,1899,2095
P02374,Produce,Product 2374,Brand E,1.56,34.56,1524,41,4.98,3.1,55,2377.44,-50292.0,1115,1524
P02375,Dairy,Product 2375,Brand C,44.0,24.43,2577,85,3.9,3.4,46,113388.0,50431.89,1848,2219
P02376,Snacks,Product 2376,Brand D,40.53,6.6,3541,64,1.73,3.3,27,143516.73,120146.13,3417,3541
P02377,Frozen,Product 2377,Brand C,22.51,32.08,855,89,1.77,2.8,52,19246.05,-8182.35,784,855
P02378,Beverages,Product 2378,Brand A,36.58,30.03,4414,31,1.04,5.0,38,161464.12,28911.7,3250,3449
P02379,Dairy,Product 2379,Brand B,14.77,25.07,1589,47,1.37,3.7,85,23469.53,-16366.7,1556,1589
P02380,Beverages,Product 2380,Brand A,23.27,24.44,2415,59,3.69,2.7,27,56197.05,-2825.55,468,775
P02381,Beverages,Product 2381,Brand C,47.57,38.79,4636,75,2.32,3.5,24,220534.52,40704.08,4546,4636
P02382,Frozen,Product 2382,Brand A,27.93,14.15,5178,54,4.96,3.5,68,144621.54,71352.84,4713,5178
P02383,Snacks,Product 2383,Brand D,25.23,5.6,4771,17,2.23,4.7,37,120372.33,93654.73,1444,1900
P02384,Snacks,Product 2384,Brand C,37.79,13.29,4307,74,0.72,3.6,62,162761.53,105521.5,4217,4307
P02385,Beverages,Product 2385,Brand C,46.61,13.49,1273,49,3.54,2.9,24,59334.53,42161.76,278,651
P02386,Beverages,Product 2386,Brand A,48.82,4.73,3190,14,2.85,2.5,52,155735.8,140647.1,2855,3190
P02387,Frozen,Product 2387,Brand D,35.61,19.01,1508,54,0.5,4.0,42,53699.88,25032.8,1232,1508
P02388,Bakery,Product 2388,Brand E,44.62,5.23,2801,55,4.69,4.5,11,124980.62,110331.39,1579,1854
P02389,Frozen,Product 2389,Brand B,36.58,32.99,4019,45,1.67,4.6,68,147015.02,14428.21,3166,3365
P02390,Beverages,Product 2390,Brand B,14.59,11.9,4568,26,1.77,3.6,17,66647.12,12287.92,4128,4568
P02391,Dairy,Product 2391,Brand A,17.1,25.3,4987,50,0.88,4.0,42,85277.7,-40893.4,4726,4782
P02392,Snacks,Product 2392,Brand E,42.97,17.55,2748,39,2.26,3.5,44,118081.56,69854.16,2511,2748
P02393,Beverages,Product 2393,Brand A,41.5,23.97,4118,61,2.31,4.0,27,170897.0,72188.54,2020,2021
P02394,Frozen,Product 2394,Brand A,39.08,34.66,2739,88,3.2,2.9,99,107040.12,12106.38,2572,2739
P02395,Beverages,Product 2395,Brand A,38.13,16.89,2608,29,2.63,3.1,30,99443.04,55393.92,1058,1095
P02396,Beverages,Product 2396,Brand A,37.92,39.99,3661,45,1.66,3.0,73,138825.12,-7578.27,3387,3661
P02397,Beverages,Product 2397,Brand D,42.4,13.22,4486,75,4.47,4.0,37,190206.4,130901.48,1171,1627
P02398,Bakery,Product 2398,Brand C,1.53,31.67,3029,54,1.97,4.6,93,4634.37,-91294.06,1588,1667
P02399,Bakery,Product 2399,Brand A,21.79,15.07,5109,13,0.52,3.3,54,111325.11,34332.48,4867,5109
P02400,Bakery,Product 2400,Brand B,39.96,28.68,2167,59,2.59,3.9,29,86593.32,24443.76,2033,2167
P02401,Bakery,Product 2401,Brand B,47.13,35.01,2368,97,1.75,4.0,13,111603.84,28700.16,2116,2368
P02402,Beverages,Product 2402,Brand D,6.69,30.06,4394,64,3.07,3.0,45,29395.86,-102687.78,4037,4394
P02403,Bakery,Product 2403,Brand A,14.59,4.73,4468,68,1.35,3.2,86,65188.12,44054.48,3135,3157
P02404,Snacks,Product 2404,Brand E,39.69,37.82,3628,51,4.34,2.9,61,143995.32,6784.36,3361,3628
P02405,Dairy,Product 2405,Brand C,41.96,24.92,2517,11,2.0,3.7,48,105613.32,42889.68,2299,2517
P02406,Bakery,Product 2406,Brand A,41.96,24.43,1571,55,3.33,3.5,80,65919.16,27539.63,1499,1571
P02407,Produce,Product 2407,Brand D,10.22,10.69,2411,11,1.77,3.9,90,24640.42,-1133.17,2402,2411
P02408,Produce,Product 2408,Brand C,49.31,30.03,5350,59,4.19,3.9,21,263808.5,103148.0,4953,5350
P02409,Snacks,Product 2409,Brand D,30.97,36.48,4769,10,3.97,4.8,64,147695.93,-26277.19,4382,4769
P02410,Snacks,Product 2410,Brand C,21.79,38.81,2775,22,3.02,4.3,57,60467.25,-47230.5,978,1429
P02411,Beverages,Product 2411,Brand B,39.04,23.46,5003,79,0.66,2.6,95,195317.12,77946.74,4868,5003
P02412,Produce,Product 2412,Brand C,49.53,20.8,4508,31,3.17,3.6,94,223281.24,129514.84,4313,4508
P02413,Bakery,Product 2413,Brand A,40.91,20.55,4253,26,2.89,3.9,18,173990.23,86591.08,3794,4253
P02414,Bakery,Product 2414,Brand D,27.91,28.31,2146,68,2.56,2.9,21,59894.86,-858.4,970,1272
P02415,Dairy,Product 2415,Brand B,3.22,16.22,1137,95,1.84,4.9,90,3661.14,-14781.0,805,863
P02416,Bakery,Product 2416,Brand A,29.1,19.96,3073,79,3.0,4.7,89,89424.3,28087.22,2789,3073
P02417,Snacks,Product 2417,Brand B,31.82,7.89,2849,12,0.79,3.1,78,90655.18,68176.57,2359,2849
P02418,Bakery,Product 2418,Brand D,5.94,21.54,4968,79,1.53,3.9,92,29509.92,-77500.8,4681,4968
P02419,Dairy,Product 2419,Brand A,19.34,7.31,4275,90,0.91,3.6,66,82678.5,51428.25,3967,4275
P02420,Bakery,Product 2420,Brand C,26.63,7.35,2310,58,3.4,3.9,37,61515.3,44536.8,1677,1928
P02421,Beverages,Product 2421,Brand C,29.59,29.94,2460,59,0.98,4.1,26,72791.4,-861.0,2067,2460
P02422,Bakery,Product 2422,Brand B,10.22,7.25,2953,44,3.0,3.9,31,30179.66,8770.41,1352,1443
P02423,Bakery,Product 2423,Brand C,27.91,36.48,2858,32,4.69,2.5,44,79766.78,-24493.06,1352,1556
P02424,Dairy,Product 2424,Brand B,2.3,6.85,3157,81,3.0,3.3,68,7261.1,-14364.35,3149,3157
P02425,Produce,Product 2425,Brand B,31.96,3.67,4646,16,2.66,4.0,88,148486.16,131435.34,4538,4646
P02426,Snacks,Product 2426,Brand A,37.97,4.99,3461,59,4.58,2.5,28,131414.17,114143.78,3228,3461
P02427,Produce,Product 2427,Brand A,13.14,30.03,2108,19,0.84,4.0,59,27699.12,-35604.12,1766,2108
P02428,Bakery,Product 2428,Brand C,6.79,24.92,4763,99,0.98,2.9,35,32340.77,-86353.19,4489,4763
P02429,Beverages,Product 2429,Brand B,25.14,39.99,1756,64,3.11,3.9,69,44145.84,-26076.6,127,247
P02430,Dairy,Product 2430,Brand A,48.15,20.19,4187,83,3.85,4.8,53,201604.05,117068.52,3709,4187
P02431,Beverages,Product 2431,Brand A,49.53,24.43,4417,28,4.69,3.8,65,218774.01,110866.7,1719,2024
P02432,Frozen,Product 2432,Brand D,23.33,4.99,3017,32,1.47,3.7,52,70386.61,55331.78,3006,3017
P02433,Dairy,Product 2433,Brand E,2.3,1.64,2443,73,4.28,3.1,32,5618.9,1612.38,1444,1817
P02434,Snacks,Product 2434,Brand C,40.53,19.96,4399,42,4.81,4.0,83,178291.47,90487.43,4013,4399
P02435,Frozen,Product 2435,Brand A,16.82,18.17,4298,75,4.47,3.4,31,72292.36,-5802.3,3885,4298
P02436,Dairy,Product 2436,Brand E,27.93,36.87,4951,18,3.08,3.9,56,138281.43,-44261.94,4768,4951
P02437,Snacks,Product 2437,Brand D,15.0,4.93,4177,38,2.59,4.0,64,62655.0,42062.39,3868,4177
P02438,Beverages,Product 2438,Brand C,2.3,39.3,4339,88,3.63,3.7,20,9979.7,-160543.0,3929,4339
P02439,Bakery,Product 2439,Brand D,15.0,33.76,2513,27,2.56,3.3,64,37695.0,-47143.88,1027,1206
P02440,Produce,Product 2440,Brand D,49.32,18.64,2084,91,3.02,4.0,35,102782.88,63937.12,1878,2084
P02441,Frozen,Product 2441,Brand C,24.2,23.68,3295,80,2.63,4.7,10,79739.0,1713.4,3203,3295
P02442,Beverages,Product 2442,Brand A,35.21,39.87,3447,87,1.06,3.3,71,121368.87,-16063.02,2544,2771
P02443,Frozen,Product 2443,Brand C,47.55,19.01,4047,38,0.74,4.9,30,192434.85,115501.38,3188,3194
P02444,Snacks,Product 2444,Brand D,5.12,32.99,4921,92,4.54,4.3,17,25195.52,-137148.27,4565,4921
P02445,Beverages,Product 2445,Brand D,42.4,23.8,960,70,2.84,3.5,29,40704.0,17856.0,263,275
P02446,Produce,Product 2446,Brand D,45.36,8.91,4349,14,2.38,3.2,54,197270.64,158521.05,4099,4349
P02447,Frozen,Product 2447,Brand E,1.6,25.52,3275,78,4.37,4.4,90,5240.0,-78338.0,2857,3275
P02448,Dairy,Product 2448,Brand E,5.79,35.13,4050,65,3.97,4.4,88,23449.5,-118827.0,3673,4050
P02449,Bakery,Product 2449,Brand A,4.4,17.78,4392,61,3.37,3.1,94,19324.8,-58764.96,450,648
P02450,Beverages,Product 2450,Brand C,29.1,24.44,1901,24,4.41,4.1,74,55319.1,8858.66,300,427
P02451,Snacks,Product 2451,Brand C,32.81,6.92,4721,99,1.08,3.4,69,154896.01,122226.69,2652,3100
P02452,Produce,Product 2452,Brand B,44.5,3.67,4065,97,4.22,3.7,76,180892.5,165973.95,4028,4065
P02453,Dairy,Product 2453,Brand C,40.53,25.07,1665,92,2.95,3.2,65,67482.45,25740.9,1151,1532
P02454,Bakery,Product 2454,Brand A,31.67,14.84,4953,29,1.97,3.3,40,156861.51,83358.99,4532,4953
P02455,Bakery,Product 2455,Brand C,23.96,26.01,2812,82,1.02,4.8,94,67375.52,-5764.6,386,394
P02456,Bakery,Product 2456,Brand B,35.09,37.21,2943,25,1.57,2.7,96,103269.87,-6239.16,2778,2943
P02457,Bakery,Product 2457,Brand A,39.08,32.52,4076,84,4.2,3.9,90,159290.08,26738.56,1895,2015
P02458,Bakery,Product 2458,Brand E,35.1,26.91,3890,34,3.11,4.0,31,136539.0,31859.1,3658,3890
P02459,Snacks,Product 2459,Brand A,10.22,34.56,2496,66,3.15,3.0,71,25509.12,-60752.64,206,431
P02460,Snacks,Product 2460,Brand B,32.12,16.16,3362,30,4.33,4.1,65,107987.44,53657.52,2653,3025
P02461,Produce,Product 2461,Brand E,6.45,36.48,4437,14,4.96,3.1,95,28618.65,-133243.11,3613,3846
P02462,Bakery,Product 2462,Brand A,44.5,26.87,2151,84,3.51,3.1,81,95719.5,37922.13,216,646
P02463,Beverages,Product 2463,Brand D,39.69,27.32,3266,18,4.47,3.6,17,129627.54,40400.42,1368,1655
P02464,Snacks,Product 2464,Brand B,5.96,34.06,3719,20,0.58,5.0,71,22165.24,-104503.9,840,1066
P02465,Beverages,Product 2465,Brand B,18.19,18.77,3080,74,4.7,2.6,87,56025.2,-1786.4,122,517
P02466,Frozen,Product 2466,Brand A,5.16,21.54,2574,72,2.59,4.1,33,13281.84,-42162.12,460,880
P02467,Snacks,Product 2467,Brand E,18.31,18.3,4645,35,2.14,4.6,31,85049.95,46.45,4193,4645
P02468,Bakery,Product 2468,Brand A,42.97,11.5,5040,83,0.84,3.7,24,216568.8,158608.8,4895,5040
P02469,Dairy,Product 2469,Brand C,22.63,11.76,2792,28,1.04,3.9,93,63182.96,30349.04,1550,1800
P02470,Frozen,Product 2470,Brand D,47.57,19.96,2011,25,4.27,2.9,37,95663.27,55523.71,316,588
P02471,Beverages,Product 2471,Brand C,6.79,36.21,4675,65,1.78,4.9,31,31743.25,-137538.5,2854,3140
P02472,Dairy,Product 2472,Brand A,31.29,11.14,3671,77,1.78,2.9,40,114865.59,73970.65,727,766
P02473,Dairy,Product 2473,Brand A,29.6,35.68,3411,87,3.02,2.6,82,100965.6,-20738.88,3367,3411
P02474,Produce,Product 2474,Brand A,44.88,10.08,1363,39,4.95,4.4,71,61171.44,47432.4,666,1163
P02475,Produce,Product 2475,Brand C,1.53,14.15,4311,16,2.32,3.0,96,6595.83,-54404.82,3858,4311
P02476,Snacks,Product 2476,Brand A,5.47,19.96,3294,21,3.48,3.7,78,18018.18,-47730.06,2590,3078
P02477,Produce,Product 2477,Brand D,6.69,24.62,2492,33,3.92,4.7,48,16671.48,-44681.56,2120,2492
P02478,Beverages,Product 2478,Brand D,5.94,8.91,4724,31,4.34,3.7,90,28060.56,-14030.28,3630,3667
P02479,Produce,Product 2479,Brand E,5.79,37.34,3097,56,1.73,3.9,49,17931.63,-97710.35,2606,3097
P02480,Frozen,Product 2480,Brand A,28.16,29.17,4065,39,1.21,4.9,78,114470.4,-4105.65,3655,4065
P02481,Dairy,Product 2481,Brand A,32.12,35.01,2547,69,1.33,2.6,64,81809.64,-7360.83,2291,2547
P02482,Dairy,Product 2482,Brand B,40.37,19.94,4985,48,2.55,2.5,80,201244.45,101843.55,4509,4985
P02483,Beverages,Product 2483,Brand E,22.26,2.29,3673,29,2.26,3.1,73,81760.98,73349.81,3022,3233
P02484,Snacks,Product 2484,Brand D,35.09,39.21,1233,35,2.71,4.1,17,43265.97,-5079.96,828,1233
P02485,Beverages,Product 2485,Brand C,20.53,21.05,3520,58,3.02,4.2,80,72265.6,-1830.4,3428,3520
P02486,Bakery,Product 2486,Brand B,16.65,30.88,936,78,0.99,4.3,95,15584.4,-13319.28,573,592
P02487,Frozen,Product 2487,Brand C,9.49,24.43,4980,51,2.31,3.5,53,47260.2,-74401.2,4880,4980
P02488,Dairy,Product 2488,Brand D,25.65,11.44,3582,15,2.71,2.6,47,91878.3,50900.22,705,1100
P02489,Dairy,Product 2489,Brand E,22.97,2.91,4418,62,3.8,4.3,30,101481.46,88625.08,3670,3817
P02490,Beverages,Product 2490,Brand D,14.82,1.95,3479,43,4.96,3.1,13,51558.78,44774.73,1342,1411
P02491,Frozen,Product 2491,Brand E,26.3,7.68,3832,78,4.46,2.9,41,100781.6,71351.84,3702,3832
P02492,Dairy,Product 2492,Brand B,16.65,1.07,3879,19,0.78,3.5,64,64585.35,60434.82,3854,3879
P02493,Dairy,Product 2493,Brand B,23.45,19.51,4585,37,1.06,4.0,69,107518.25,18064.9,4470,4585
P02494,Frozen,Product 2494,Brand E,15.37,1.07,4068,12,3.07,3.7,68,62525.16,58172.4,3978,4068
P02495,Bakery,Product 2495,Brand C,48.2,5.27,3402,86,2.85,3.9,76,163976.4,146047.86,1999,2285
P02496,Bakery,Product 2496,Brand A,16.82,2.91,4116,57,1.67,3.9,14,69231.12,57253.56,3843,4116
P02497,Bakery,Product 2497,Brand E,45.36,4.93,5288,75,3.48,2.8,92,239863.68,213793.84,4947,5288
P02498,Bakery,Product 2498,Brand A,39.96,6.6,4423,44,0.51,4.8,81,176743.08,147551.28,2364,2576
P02499,Produce,Product 2499,Brand C,21.04,35.92,3647,61,4.8,4.6,46,76732.88,-54267.36,3245,3647
P02500,Produce,Product 2500,Brand A,35.21,22.49,3056,71,2.84,4.1,36,107601.76,38872.32,775,886
P02501,Snacks,Product 2501,Brand A,18.19,35.86,4617,61,4.47,3.5,22,83983.23,-81582.39,4153,4617
P02502,Beverages,Product 2502,Brand E,19.34,27.77,1157,56,3.79,4.6,15,22376.38,-9753.51,809,1157
P02503,Beverages,Product 2503,Brand C,47.13,23.46,1098,63,1.66,2.7,74,51748.74,25989.66,1022,1098
P02504,Snacks,Product 2504,Brand E,13.14,34.16,3795,37,4.6,3.5,39,49866.3,-79770.9,3499,3795
P02505,Bakery,Product 2505,Brand C,2.3,11.3,897,32,2.85,4.6,84,2063.1,-8073.0,507,897
P02506,Beverages,Product 2506,Brand C,19.23,39.5,4976,96,4.53,4.9,61,95688.48,-100863.52,4343,4431
P02507,Bakery,Product 2507,Brand C,41.96,13.44,4381,44,4.28,3.9,50,183826.76,124946.12,1209,1707
P02508,Dairy,Product 2508,Brand C,35.61,7.25,4119,41,2.23,3.2,89,146677.59,116814.84,3692,4119
P02509,Beverages,Product 2509,Brand C,42.4,2.05,5152,11,4.95,2.7,24,218444.8,207883.2,4698,5152
P02510,Bakery,Product 2510,Brand A,49.31,10.22,4336,25,4.2,4.0,14,213808.16,169494.24,1888,2289
P02511,Bakery,Product 2511,Brand E,23.27,13.8,4229,25,2.55,3.0,24,98408.83,40048.63,4059,4229
P02512,Produce,Product 2512,Brand A,21.56,4.99,4758,60,0.54,3.1,10,102582.48,78840.06,1590,1737
P02513,Snacks,Product 2513,Brand E,35.61,9.99,4051,76,2.2,4.4,24,144256.11,103786.62,3684,4051
P02514,Frozen,Product 2514,Brand B,3.22,31.01,4190,63,2.0,3.1,69,13491.8,-116440.1,3950,4190
P02515,Snacks,Product 2515,Brand C,14.82,18.77,4355,29,3.8,4.0,57,64541.1,-17202.25,4300,4355
P02516,Snacks,Product 2516,Brand D,5.09,19.96,1673,42,3.72,3.3,63,8515.57,-24877.51,1581,1673
P02517,Snacks,Product 2517,Brand C,37.92,19.94,3874,95,2.66,4.4,64,146902.08,69654.52,1380,1633
P02518,Snacks,Product 2518,Brand C,44.88,38.81,4794,17,2.59,4.6,81,215154.72,29099.58,4042,4199
P02519,Dairy,Product 2519,Brand B,22.63,31.67,5323,33,0.88,3.1,95,120459.49,-48119.92,4954,5323
P02520,Bakery,Product 2520,Brand C,18.31,37.21,1654,62,4.47,2.9,36,30284.74,-31260.6,974,1412
P02521,Snacks,Product 2521,Brand A,27.93,2.29,3823,73,4.53,4.0,39,106776.39,98021.72,211,666
P02522,Dairy,Product 2522,Brand A,33.95,35.01,4337,67,0.98,3.3,85,147241.15,-4597.22,301,768
P02523,Frozen,Product 2523,Brand D,6.82,5.54,5064,46,4.69,4.9,69,34536.48,6481.92,4813,5064
P02524,Frozen,Product 2524,Brand A,21.04,5.89,4780,93,3.15,2.6,75,100571.2,72417.0,2753,3017
P02525,Beverages,Product 2525,Brand C,13.26,37.1,1102,21,0.99,3.6,55,14612.52,-26271.68,1094,1102
P02526,Dairy,Product 2526,Brand C,35.1,25.3,4545,93,0.71,3.1,61,159529.5,44541.0,4220,4545
P02527,Beverages,Product 2527,Brand C,46.61,34.06,5151,93,3.02,2.7,95,240088.11,64645.05,4852,5151
P02528,Beverages,Product 2528,Brand A,19.92,13.44,3337,13,0.66,4.0,90,66473.04,21623.76,1631,1729
P02529,Produce,Product 2529,Brand E,3.0,7.87,4215,40,0.66,3.3,44,12645.0,-20527.05,1489,1539
P02530,Beverages,Product 2530,Brand C,38.13,8.85,843,95,0.73,3.3,51,32143.59,24683.04,630,843
P02531,Bakery,Product 2531,Brand E,5.79,18.3,1721,88,4.48,2.5,65,9964.59,-21529.71,1717,1721
P02532,Bakery,Product 2532,Brand A,44.88,32.61,4605,47,3.9,3.6,54,206672.4,56503.35,4241,4605
P02533,Bakery,Product 2533,Brand A,4.62,24.44,2069,46,0.99,3.5,61,9558.78,-41007.58,464,756
P02534,Produce,Product 2534,Brand E,28.16,10.7,3860,84,2.17,3.3,32,108697.6,67395.6,3471,3860
P02535,Bakery,Product 2535,Brand B,40.83,21.22,3165,23,1.08,4.9,38,129226.95,62065.65,2924,3165
P02536,Produce,Product 2536,Brand A,35.35,8.65,1943,84,2.48,3.2,38,68685.05,51878.1,1472,1943
P02537,Bakery,Product 2537,Brand D,44.5,14.15,3627,82,4.57,2.9,66,161401.5,110079.45,2957,2976
P02538,Snacks,Product 2538,Brand E,32.48,11.44,2763,33,0.84,3.5,28,89742.24,58133.52,2337,2763
P02539,Frozen,Product 2539,Brand B,49.53,39.47,3940,19,1.37,4.3,90,195148.2,39636.4,3574,3940
P02540,Dairy,Product 2540,Brand A,6.05,27.55,4943,47,1.21,3.7,17,29905.15,-106274.5,4544,4943
P02541,Beverages,Product 2541,Brand D,15.37,30.06,5010,52,3.85,4.0,59,77003.7,-73596.9,4568,5010
P02542,Frozen,Product 2542,Brand C,22.02,25.52,3946,46,3.15,4.9,16,86890.92,-13811.0,3676,3946
P02543,Bakery,Product 2543,Brand C,6.76,7.68,3766,51,4.59,2.8,20,25458.16,-3464.72,3462,3766
P02544,Frozen,Product 2544,Brand D,23.33,24.92,4471,41,2.63,3.7,76,104308.43,-7108.89,4143,4471
P02545,Beverages,Product 2545,Brand A,5.47,22.44,4276,93,1.57,3.9,75,23389.72,-72563.72,4075,4276
P02546,Beverages,Product 2546,Brand B,16.63,1.07,4015,23,0.98,4.3,92,66769.45,62473.4,1084,1188
P02547,Produce,Product 2547,Brand C,3.76,5.27,2589,13,2.66,4.9,37,9734.64,-3909.39,2258,2589
P02548,Snacks,Product 2548,Brand B,45.36,30.33,3555,33,1.28,2.7,65,161254.8,53431.65,1626,1990
P02549,Dairy,Product 2549,Brand A,21.56,9.99,4162,19,0.51,2.6,37,89732.72,48154.34,3472,3838
P02550,Produce,Product 2550,Brand D,27.91,28.68,1218,25,4.57,3.5,98,33994.38,-937.86,1136,1218
P02551,Dairy,Product 2551,Brand C,15.0,15.37,5037,48,1.37,3.5,84,75555.0,-1863.69,4718,5037
P02552,Dairy,Product 2552,Brand E,35.61,15.37,3328,27,0.52,4.9,49,118510.08,67358.72,3273,3328
P02553,Beverages,Product 2553,Brand A,19.44,23.05,4706,34,1.78,4.6,11,91484.64,-16988.66,2089,2377
P02554,Snacks,Product 2554,Brand C,20.02,32.77,2630,16,2.82,3.5,85,52652.6,-33532.5,2344,2580
P02555,Snacks,Product 2555,Brand D,37.56,22.3,2366,65,0.52,4.6,70,88866.96,36105.16,2202,2366
P02556,Dairy,Product 2556,Brand D,46.61,10.08,4365,56,1.72,3.7,85,203452.65,159453.45,2330,2695
P02557,Dairy,Product 2557,Brand A,42.97,4.0,4844,91,0.58,4.6,34,208146.68,188770.68,1142,1227
P02558,Produce,Product 2558,Brand C,48.5,24.62,4777,91,3.51,2.8,63,231684.5,114074.76,4558,4777
P02559,Produce,Product 2559,Brand B,34.47,20.8,2988,12,3.69,3.3,26,102996.36,40845.96,2620,2988
P02560,Bakery,Product 2560,Brand A,45.36,25.07,4566,10,4.37,3.6,57,207113.76,92644.14,4204,4566
P02561,Snacks,Product 2561,Brand E,3.0,34.71,3020,42,4.98,4.1,21,9060.0,-95764.2,2807,3020
P02562,Dairy,Product 2562,Brand E,33.28,15.37,1632,80,1.77,3.7,70,54312.96,29229.12,1429,1632
P02563,Dairy,Product 2563,Brand D,26.3,20.38,4068,83,0.7,2.5,11,106988.4,24082.56,3755,4068
P02564,Dairy,Product 2564,Brand D,39.69,8.65,4305,68,4.2,2.9,89,170865.45,133627.2,4005,4305
P02565,Beverages,Product 2565,Brand D,14.82,21.52,3889,81,2.56,3.5,74,57634.98,-26056.3,1180,1422
P02566,Beverages,Product 2566,Brand A,37.87,28.68,3867,41,0.54,4.2,61,146443.29,35537.73,3705,3867
P02567,Snacks,Product 2567,Brand A,15.0,24.73,3709,96,0.91,4.3,43,55635.0,-36088.57,923,1102
P02568,Bakery,Product 2568,Brand A,16.68,21.22,4172,26,3.41,3.5,54,69588.96,-18940.88,3719,4172
P02569,Frozen,Product 2569,Brand A,3.76,15.4,3442,87,0.66,4.9,10,12941.92,-40064.88,3350,3442
P02570,Frozen,Product 2570,Brand E,5.96,15.55,2353,26,4.53,4.1,61,14023.88,-22565.27,2215,2353
P02571,Frozen,Product 2571,Brand D,39.96,8.85,3779,98,0.9,3.9,76,151008.84,117564.69,3667,3779
P02572,Snacks,Product 2572,Brand A,49.66,14.84,2857,30,2.6,4.4,85,141878.62,99480.74,147,543
P02573,Beverages,Product 2573,Brand D,37.16,35.01,4310,64,4.91,3.4,65,160159.6,9266.5,1540,1709
P02574,Dairy,Product 2574,Brand E,41.27,28.31,4222,15,3.92,3.8,67,174241.94,54717.12,3835,4222
P02575,Produce,Product 2575,Brand B,5.47,11.3,2774,93,4.6,3.6,59,15173.78,-16172.42,1044,1365
P02576,Frozen,Product 2576,Brand B,27.74,27.03,3469,58,4.48,3.4,34,96230.06,2462.99,3368,3469
P02577,Frozen,Product 2577,Brand C,25.76,5.27,4037,93,1.84,3.2,21,103993.12,82718.13,3741,4037
P02578,Bakery,Product 2578,Brand D,45.36,21.05,3716,35,0.7,4.2,82,168557.76,90335.96,3219,3716
P02579,Beverages,Product 2579,Brand C,4.57,22.3,4911,41,2.23,4.1,74,22443.27,-87072.03,2083,2276
P02580,Dairy,Product 2580,Brand E,28.16,13.49,3196,81,1.02,4.2,65,89999.36,46885.32,454,915
P02581,Snacks,Product 2581,Brand D,5.79,4.99,3763,53,2.23,2.9,59,21787.77,3010.4,3405,3763
P02582,Produce,Product 2582,Brand E,3.22,8.91,4839,68,4.33,3.2,96,15581.58,-27533.91,4632,4839
P02583,Snacks,Product 2583,Brand A,35.09,9.87,5350,38,1.75,2.9,37,187731.5,134927.0,4895,5350
P02584,Frozen,Product 2584,Brand E,25.76,18.7,2303,26,4.28,3.7,12,59325.28,16259.18,2017,2303
P02585,Dairy,Product 2585,Brand D,16.68,18.64,4501,27,4.48,2.9,47,75076.68,-8821.96,4285,4501
P02586,Dairy,Product 2586,Brand B,49.66,26.01,4272,49,2.63,3.6,73,212147.52,101032.8,468,924
P02587,Bakery,Product 2587,Brand A,19.92,23.97,4522,72,4.2,3.3,63,90078.24,-18314.1,3086,3537
P02588,Bakery,Product 2588,Brand D,38.13,22.49,4370,91,4.92,4.3,45,166628.1,68346.8,1292,1755
P02589,Bakery,Product 2589,Brand A,41.5,9.87,3138,84,2.66,3.2,53,130227.0,99254.94,1486,1714
P02590,Bakery,Product 2590,Brand D,47.55,32.34,4454,54,0.72,3.3,53,211787.7,67745.34,4093,4454
P02591,Bakery,Product 2591,Brand C,37.79,20.38,3145,85,1.67,4.0,78,118849.55,54754.45,3102,3145
P02592,Dairy,Product 2592,Brand D,25.14,35.68,2177,88,0.71,5.0,62,54729.78,-22945.58,1996,2177
P02593,Frozen,Product 2593,Brand B,2.24,17.3,3109,99,0.88,3.3,22,6964.16,-46821.54,2647,3109
P02594,Bakery,Product 2594,Brand C,35.48,34.71,5246,12,0.51,3.3,53,186128.08,4039.42,4899,5246
P02595,Produce,Product 2595,Brand D,29.7,10.22,1939,12,3.41,4.3,13,57588.3,37771.72,1653,1939
P02596,Dairy,Product 2596,Brand D,25.14,35.68,3207,47,3.8,4.9,79,80623.98,-33801.78,2910,3207
P02597,Frozen,Product 2597,Brand A,49.66,26.91,4362,82,2.4,3.0,60,216616.92,99235.5,3132,3176
P02598,Snacks,Product 2598,Brand B,37.79,14.35,248,49,3.19,3.7,79,9371.92,5813.12,211,248
P02599,Beverages,Product 2599,Brand A,27.93,21.05,4545,77,1.37,3.2,20,126941.85,31269.6,4172,4545
P02600,Snacks,Product 2600,Brand B,41.96,26.87,4511,63,4.96,4.6,63,189281.56,68070.99,1163,1412
P02601,Produce,Product 2601,Brand B,26.3,35.68,4687,29,3.2,4.4,71,123268.1,-43964.06,4297,4687
P02602,Dairy,Product 2602,Brand C,45.36,10.08,1601,24,0.91,2.7,68,72621.36,56483.28,1492,1575
P02603,Beverages,Product 2603,Brand D,19.23,6.5,2497,14,0.74,3.7,70,48017.31,31786.81,1297,1677
P02604,Dairy,Product 2604,Brand C,4.4,21.22,4418,48,1.22,4.0,49,19439.2,-74310.76,3997,4418
P02605,Beverages,Product 2605,Brand C,37.92,22.3,2438,49,2.85,3.7,13,92448.96,38081.56,440,697
P02606,Dairy,Product 2606,Brand B,45.36,5.89,3178,16,1.77,3.7,36,144154.08,125435.66,2961,3178
P02607,Produce,Product 2607,Brand D,37.02,8.91,4401,81,4.83,2.6,25,162925.02,123712.11,4391,4401
P02608,Snacks,Product 2608,Brand D,1.53,32.52,3546,42,2.42,4.3,91,5425.38,-109890.54,1305,1543
P02609,Frozen,Product 2609,Brand E,31.75,39.99,1766,46,1.67,3.7,16,56070.5,-14551.84,1674,1700
P02610,Frozen,Product 2610,Brand E,14.82,9.53,3657,41,1.37,3.5,20,54196.74,19345.53,3406,3657
P02611,Frozen,Product 2611,Brand E,14.77,22.44,4987,52,4.83,4.9,81,73657.99,-38250.29,4700,4915
P02612,Snacks,Product 2612,Brand D,1.53,38.01,2964,72,1.97,3.3,73,4534.92,-108126.72,1640,1785
P02613,Dairy,Product 2613,Brand E,17.1,34.71,4004,45,1.53,4.1,61,68468.4,-70510.44,3684,4004
P02614,Snacks,Product 2614,Brand C,18.44,13.49,4375,58,1.67,2.9,15,80675.0,21656.25,4153,4375
P02615,Produce,Product 2615,Brand D,8.67,14.35,2437,34,0.7,4.0,57,21128.79,-13842.16,2026,2437
P02616,Frozen,Product 2616,Brand A,14.72,11.14,4711,75,0.88,4.7,78,69345.92,16865.38,3619,4078
P02617,Snacks,Product 2617,Brand C,14.81,22.66,4028,18,0.73,4.9,15,59654.68,-31619.8,1505,1829
P02618,Frozen,Product 2618,Brand D,20.53,25.0,2521,27,3.0,3.0,70,51756.13,-11268.87,2113,2131
P02619,Dairy,Product 2619,Brand A,2.3,4.73,886,31,2.26,4.0,75,2037.8,-2152.98,547,886
P02620,Produce,Product 2620,Brand E,3.25,10.22,2048,24,4.24,4.6,82,6656.0,-14274.56,1820,2048
P02621,Produce,Product 2621,Brand B,15.37,20.19,4203,16,3.43,4.4,88,64600.11,-20258.46,3967,4203
P02622,Dairy,Product 2622,Brand B,25.09,16.89,4559,22,1.02,3.7,94,114385.31,37383.8,4193,4559
P02623,Bakery,Product 2623,Brand A,35.21,27.03,3862,45,3.62,3.4,62,135981.02,31591.16,133,567
P02624,Bakery,Product 2624,Brand E,15.37,34.16,2247,25,2.89,3.5,37,34536.39,-42221.13,596,942
P02625,Frozen,Product 2625,Brand D,11.96,4.93,4961,50,2.26,3.5,14,59333.56,34875.83,3011,3460
P02626,Snacks,Product 2626,Brand C,29.63,18.3,2179,30,2.83,3.5,90,64563.77,24688.07,1503,1779
P02627,Snacks,Product 2627,Brand E,23.33,37.34,3440,37,4.37,3.6,67,80255.2,-48194.4,3319,3440
P02628,Bakery,Product 2628,Brand A,47.58,18.64,2872,83,1.6,3.7,33,136649.76,83115.68,2810,2872
P02629,Snacks,Product 2629,Brand A,44.88,10.08,2820,92,0.99,3.2,40,126561.6,98136.0,1702,2033
P02630,Beverages,Product 2630,Brand C,14.81,8.85,4972,26,0.54,4.5,50,73635.32,29633.12,4785,4972
P02631,Dairy,Product 2631,Brand B,28.14,5.56,4897,74,4.48,3.7,77,137801.58,110574.26,4872,4897
P02632,Bakery,Product 2632,Brand C,19.34,38.79,4192,22,4.48,3.1,93,81073.28,-81534.4,3812,4192
P02633,Bakery,Product 2633,Brand A,32.48,6.85,4041,45,0.58,3.1,90,131251.68,103570.83,3702,4041
P02634,Frozen,Product 2634,Brand A,29.59,10.22,4292,67,2.48,3.0,55,127000.28,83136.04,4196,4292
P02635,Frozen,Product 2635,Brand B,3.76,5.89,2755,29,1.21,3.8,19,10358.8,-5868.15,2434,2755
P02636,Bakery,Product 2636,Brand A,25.23,8.1,2368,61,2.83,3.6,46,59744.64,40563.84,1379,1572
P02637,Beverages,Product 2637,Brand A,48.82,24.73,4541,15,0.67,2.9,30,221691.62,109392.69,3345,3599
P02638,Beverages,Product 2638,Brand C,1.56,10.08,2475,32,0.67,3.7,30,3861.0,-21087.0,149,216
P02639,Produce,Product 2639,Brand A,2.3,27.77,3078,51,1.31,3.0,89,7079.4,-78396.66,2764,3078
P02640,Produce,Product 2640,Brand A,9.49,21.22,3209,33,3.89,4.6,19,30453.41,-37641.57,1874,2368
P02641,Frozen,Product 2641,Brand A,29.6,28.31,3728,14,2.82,4.2,91,110348.8,4809.12,3688,3728
P02642,Bakery,Product 2642,Brand E,5.94,13.49,4370,41,1.28,3.3,33,25957.8,-32993.5,4146,4370
P02643,Bakery,Product 2643,Brand A,15.37,5.56,610,55,2.95,4.3,21,9375.7,5984.1,165,596
P02644,Beverages,Product 2644,Brand B,28.14,4.93,4679,26,0.84,3.9,29,131667.06,108599.59,4323,4679
P02645,Snacks,Product 2645,Brand D,31.29,34.06,3271,84,2.66,4.3,79,102349.59,-9060.67,2844,3271
P02646,Bakery,Product 2646,Brand E,20.53,3.5,3065,36,4.57,2.9,17,62924.45,52196.95,287,679
P02647,Frozen,Product 2647,Brand E,48.15,30.06,4995,77,1.72,4.0,87,240509.25,90359.55,4773,4995
P02648,Frozen,Product 2648,Brand B,43.06,13.8,4242,32,1.78,4.5,14,182660.52,124120.92,4139,4242
P02649,Beverages,Product 2649,Brand B,28.36,33.61,3306,96,4.6,3.8,63,93758.16,-17356.5,2988,3306
P02650,Dairy,Product 2650,Brand A,41.5,21.72,5205,43,4.34,3.9,45,216007.5,102954.9,4957,5205
P02651,Snacks,Product 2651,Brand C,26.86,32.52,928,30,3.97,4.5,47,24926.08,-5252.48,766,928
P02652,Dairy,Product 2652,Brand C,22.63,18.17,3506,31,2.59,4.0,12,79340.78,15636.76,1032,1296
P02653,Frozen,Product 2653,Brand E,36.58,5.27,2734,74,3.97,4.6,45,100009.72,85601.54,2070,2095
P02654,Frozen,Product 2654,Brand A,39.04,27.32,4456,41,0.7,3.6,31,173962.24,52224.32,3952,4106
P02655,Produce,Product 2655,Brand C,32.52,13.8,4459,71,4.96,2.7,17,145006.68,83472.48,4240,4459
P02656,Beverages,Product 2656,Brand B,6.05,20.19,2714,37,1.06,3.9,70,16419.7,-38375.96,2276,2714
P02657,Dairy,Product 2657,Brand A,8.67,32.99,3927,91,2.26,3.6,87,34047.09,-95504.64,717,971
P02658,Frozen,Product 2658,Brand A,39.08,19.01,5425,16,3.8,3.7,16,212009.0,108879.75,4958,5425
P02659,Beverages,Product 2659,Brand B,1.56,9.99,4676,63,3.87,4.0,77,7294.56,-39418.68,892,1107
P02660,Bakery,Product 2660,Brand E,8.67,15.37,4162,79,0.54,2.9,71,36084.54,-27885.4,1350,1519
P02661,Snacks,Product 2661,Brand C,35.21,37.34,4173,23,4.44,4.4,28,146931.33,-8888.49,4093,4173
P02662,Produce,Product 2662,Brand C,16.65,22.44,4615,64,2.55,4.1,56,76839.75,-26720.85,2544,2616
P02663,Bakery,Product 2663,Brand A,37.16,13.44,4956,67,4.57,4.6,33,184164.96,117556.32,2422,2485
P02664,Snacks,Product 2664,Brand B,20.53,10.47,4811,53,2.83,4.6,89,98769.83,48398.66,4333,4811
P02665,Dairy,Product 2665,Brand E,5.79,23.68,2190,55,3.17,4.3,15,12680.1,-39179.1,1450,1906
P02666,Bakery,Product 2666,Brand C,4.49,5.6,3005,23,2.83,4.7,17,13492.45,-3335.55,2930,3005
P02667,Frozen,Product 2667,Brand A,4.57,11.76,4966,53,1.98,4.0,34,22694.62,-35705.54,2375,2638
P02668,Dairy,Product 2668,Brand A,43.56,1.29,2775,50,1.67,3.1,98,120879.0,117299.25,2306,2775
P02669,Dairy,Product 2669,Brand A,33.95,22.44,4991,82,2.86,4.6,83,169444.45,57446.41,2017,2115
P02670,Snacks,Product 2670,Brand B,21.79,21.22,4019,11,4.1,3.8,50,87574.01,2290.83,3934,4019
P02671,Dairy,Product 2671,Brand A,39.96,11.5,2502,91,1.08,4.0,67,99979.92,71206.92,2177,2502
P02672,Bakery,Product 2672,Brand A,3.25,10.22,2425,14,3.69,3.3,90,7881.25,-16902.25,1221,1527
P02673,Snacks,Product 2673,Brand C,37.92,10.27,4088,99,1.98,4.9,69,155016.96,113033.2,708,1135
P02674,Frozen,Product 2674,Brand B,25.09,3.73,1854,96,1.84,4.5,12,46516.86,39601.44,868,1246
P02675,Dairy,Product 2675,Brand A,37.92,20.8,1156,21,4.34,3.7,18,43835.52,19790.72,883,1156
P02676,Frozen,Product 2676,Brand D,5.79,22.49,4399,87,4.69,3.4,61,25470.21,-73463.3,3029,3178
P02677,Snacks,Product 2677,Brand A,45.41,30.06,2495,86,1.04,4.0,67,113297.95,38298.25,2489,2495
P02678,Frozen,Product 2678,Brand C,26.63,6.6,4996,56,3.41,3.7,69,133043.48,100069.88,267,376
P02679,Frozen,Product 2679,Brand D,31.39,1.95,5078,88,4.28,2.9,91,159398.42,149496.32,4879,5078
P02680,Frozen,Product 2680,Brand E,26.63,16.22,4967,44,1.73,4.3,58,132271.21,51706.47,3356,3687
P02681,Bakery,Product 2681,Brand D,27.74,38.02,2917,28,1.67,2.6,14,80917.58,-29986.76,2579,2917
P02682,Bakery,Product 2682,Brand D,14.81,8.77,4272,88,2.89,4.4,71,63268.32,25802.88,4234,4272
P02683,Frozen,Product 2683,Brand A,37.56,26.01,1398,72,4.37,4.7,41,52508.88,16146.9,1079,1398
P02684,Bakery,Product 2684,Brand E,6.74,39.87,2662,17,2.26,3.3,36,17941.88,-88192.06,2534,2662
P02685,Produce,Product 2685,Brand D,37.78,14.84,4262,32,3.97,3.0,94,161018.36,97770.28,4122,4262
P02686,Produce,Product 2686,Brand D,10.22,31.45,3778,22,0.74,3.5,33,38611.16,-80206.94,2916,3164
P02687,Produce,Product 2687,Brand D,14.27,2.05,4701,32,0.75,4.0,47,67083.27,57446.22,890,1296
P02688,Snacks,Product 2688,Brand C,21.79,11.76,5196,40,2.66,4.6,76,113220.84,52115.88,4937,5196
P02689,Frozen,Product 2689,Brand E,9.69,10.27,3197,39,4.6,4.9,25,30978.93,-1854.26,1574,1721
P02690,Frozen,Product 2690,Brand E,39.96,18.7,3713,51,0.7,4.1,24,148371.48,78938.38,3286,3713
P02691,Produce,Product 2691,Brand E,31.39,4.99,4444,11,4.53,3.9,34,139497.16,117321.6,4101,4444
P02692,Frozen,Product 2692,Brand E,40.83,35.68,3030,20,4.19,3.8,81,123714.9,15604.5,2548,3030
P02693,Produce,Product 2693,Brand D,49.31,24.43,3969,34,2.92,4.9,13,195711.39,98748.72,3774,3969
P02694,Bakery,Product 2694,Brand D,48.82,39.99,4429,38,2.23,2.7,41,216223.78,39108.07,3480,3695
P02695,Snacks,Product 2695,Brand D,4.99,10.08,3163,31,4.59,3.5,54,15783.37,-16099.67,1226,1603
P02696,Bakery,Product 2696,Brand D,31.67,38.02,2091,28,4.6,2.7,65,66221.97,-13277.85,1850,2091
P02697,Frozen,Product 2697,Brand A,9.69,34.66,4430,82,3.08,2.5,44,42926.7,-110617.1,4297,4430
P02698,Dairy,Product 2698,Brand A,43.06,32.61,4879,50,3.15,3.3,62,210089.74,50985.55,4850,4879
P02699,Dairy,Product 2699,Brand D,3.11,18.17,3359,47,4.59,3.8,39,10446.49,-50586.54,3261,3359
P02700,Dairy,Product 2700,Brand B,3.11,35.92,3653,38,0.91,4.2,58,11360.83,-119854.93,3289,3653
P02701,Dairy,Product 2701,Brand A,37.16,30.33,3343,83,4.33,4.6,90,124225.88,22832.69,851,1240
P02702,Beverages,Product 2702,Brand E,48.82,35.01,4374,31,3.9,3.6,92,213538.68,60404.94,1332,1809
P02703,Produce,Product 2703,Brand D,38.31,5.79,3095,97,4.37,4.0,61,118569.45,100649.4,958,1387
P02704,Bakery,Product 2704,Brand B,4.4,19.96,4696,17,1.6,3.3,90,20662.4,-73069.76,4514,4696
P02705,Produce,Product 2705,Brand E,34.47,14.89,4112,56,0.66,3.1,11,141740.64,80512.96,3960,4112
P02706,Snacks,Product 2706,Brand C,5.96,23.97,4931,15,1.73,4.6,68,29388.76,-88807.31,4828,4931
P02707,Bakery,Product 2707,Brand D,26.63,14.65,4446,16,4.98,4.6,46,118396.98,53263.08,4041,4446
P02708,Produce,Product 2708,Brand C,4.4,25.81,3310,93,3.89,4.1,38,14564.0,-70867.1,2799,3087
P02709,Dairy,Product 2709,Brand A,29.7,6.31,2635,90,4.34,5.0,39,78259.5,61632.65,2100,2335
P02710,Snacks,Product 2710,Brand D,5.12,23.05,4846,45,3.41,4.6,31,24811.52,-86888.78,339,472
P02711,Produce,Product 2711,Brand D,6.69,37.34,2736,17,2.63,3.5,84,18303.84,-83858.4,2290,2736
P02712,Bakery,Product 2712,Brand A,10.59,21.54,4716,86,0.52,3.2,28,49942.44,-51640.2,4314,4716
P02713,Dairy,Product 2713,Brand A,41.5,25.81,5021,97,4.54,4.1,76,208371.5,78779.49,4791,5021
P02714,Snacks,Product 2714,Brand C,48.1,4.73,4551,55,4.83,4.7,95,218903.1,197376.87,2115,2150
P02715,Beverages,Product 2715,Brand E,6.69,34.06,3097,73,1.37,3.6,27,20718.93,-84764.89,262,620
P02716,Produce,Product 2716,Brand A,37.87,9.99,4929,40,4.91,4.2,74,186661.23,137420.52,4849,4929
P02717,Dairy,Product 2717,Brand E,10.22,9.87,3715,32,1.72,4.9,93,37967.3,1300.25,449,804
P02718,Bakery,Product 2718,Brand B,10.59,4.73,4300,70,0.66,4.0,14,45537.0,25198.0,130,372
P02719,Bakery,Product 2719,Brand D,32.81,16.71,4704,90,0.9,3.3,85,154338.24,75734.4,2238,2582
P02720,Beverages,Product 2720,Brand D,31.67,7.17,2759,59,1.67,3.4,20,87377.53,67595.5,2275,2759
P02721,Dairy,Product 2721,Brand D,47.79,22.44,3059,55,2.85,3.6,97,146189.61,77545.65,2926,3059
P02722,Beverages,Product 2722,Brand A,43.06,19.96,3728,97,0.58,2.6,67,160527.68,86116.8,3719,3728
P02723,Frozen,Product 2723,Brand D,40.37,11.9,2569,52,3.89,3.2,27,103710.53,73139.43,947,1335
P02724,Bakery,Product 2724,Brand B,19.36,30.89,3977,19,3.0,3.8,81,76994.72,-45854.81,891,1144
P02725,Dairy,Product 2725,Brand D,21.22,5.89,3737,29,1.6,4.1,65,79299.14,57288.21,608,641
P02726,Frozen,Product 2726,Brand A,47.57,27.55,5287,25,4.81,3.9,31,251502.59,105845.74,4940,5287
P02727,Dairy,Product 2727,Brand D,39.69,18.3,5341,87,0.72,5.0,65,211984.29,114243.99,4935,5341
P02728,Bakery,Product 2728,Brand D,31.39,21.54,4619,12,1.64,3.7,75,144990.41,45497.15,4432,4619
P02729,Beverages,Product 2729,Brand C,19.36,30.03,2610,39,4.12,4.4,32,50529.6,-27848.7,1112,1123
P02730,Beverages,Product 2730,Brand D,32.23,13.29,4047,27,4.46,4.4,25,130434.81,76650.18,3124,3193
P02731,Frozen,Product 2731,Brand E,37.79,29.94,4316,68,3.54,3.1,53,163101.64,33880.6,3170,3308
P02732,Snacks,Product 2732,Brand B,25.14,18.7,4995,79,0.99,4.2,81,125574.3,32167.8,1174,1305
P02733,Beverages,Product 2733,Brand B,27.74,16.22,967,93,0.9,3.7,77,26824.58,11139.84,568,967
P02734,Beverages,Product 2734,Brand C,1.53,32.34,2266,44,2.2,4.4,23,3466.98,-69815.46,2015,2266
P02735,Beverages,Product 2735,Brand D,44.0,4.0,4706,28,4.92,2.6,18,207064.0,188240.0,4583,4706
P02736,Beverages,Product 2736,Brand D,21.04,21.05,2601,35,1.47,2.9,84,54725.04,-26.01,835,1201
P02737,Beverages,Product 2737,Brand A,3.22,19.96,5270,44,2.0,2.6,25,16969.4,-88219.8,4849,5270
P02738,Produce,Product 2738,Brand D,14.81,27.77,3506,85,2.58,3.4,22,51923.86,-45437.76,2956,3380
P02739,Bakery,Product 2739,Brand D,48.2,4.99,4850,81,2.66,4.4,45,233770.0,209568.5,4577,4850
P02740,Produce,Product 2740,Brand D,10.59,20.19,3889,66,1.06,3.1,53,41184.51,-37334.4,195,599
P02741,Dairy,Product 2741,Brand A,3.25,34.16,3805,58,4.18,4.1,90,12366.25,-117612.55,1011,1254
P02742,Produce,Product 2742,Brand D,37.79,5.98,5370,19,0.7,3.4,23,202932.3,170819.7,4982,5370
P02743,Dairy,Product 2743,Brand E,20.02,28.31,4970,94,2.59,2.6,26,99499.4,-41201.3,4488,4970
P02744,Frozen,Product 2744,Brand A,20.07,14.15,3568,38,3.85,2.7,74,71609.76,21122.56,3406,3568
P02745,Beverages,Product 2745,Brand D,47.07,10.08,4631,80,2.26,3.2,93,217981.17,171300.69,4536,4631
P02746,Frozen,Product 2746,Brand B,4.57,26.87,2625,77,2.32,3.8,63,11996.25,-58537.5,818,980
P02747,Frozen,Product 2747,Brand D,4.4,35.92,3427,98,0.72,4.3,11,15078.8,-108019.04,3104,3427
P02748,Bakery,Product 2748,Brand E,31.84,18.64,4540,87,0.79,2.5,26,144553.6,59928.0,1473,1757
P02749,Bakery,Product 2749,Brand E,39.79,24.92,2889,33,1.35,4.8,32,114953.31,42959.43,2528,2889
P02750,Beverages,Product 2750,Brand E,25.09,35.68,4867,52,3.11,4.0,95,122113.03,-51541.53,3781,4010
P02751,Bakery,Product 2751,Brand E,5.96,19.94,3626,48,3.62,3.5,10,21610.96,-50691.48,2909,3025
P02752,Produce,Product 2752,Brand D,31.96,16.44,3540,34,3.17,4.4,21,113138.4,54940.8,3319,3540
P02753,Bakery,Product 2753,Brand A,35.35,19.01,3585,92,0.54,2.7,22,126729.75,58578.9,2713,3176
P02754,Dairy,Product 2754,Brand A,6.45,10.7,4510,77,4.58,4.0,87,29089.5,-19167.5,604,1024
P02755,Produce,Product 2755,Brand A,2.3,38.01,2784,43,4.76,3.6,83,6403.2,-99416.64,2365,2784
P02756,Produce,Product 2756,Brand A,42.92,5.98,4879,98,2.29,4.7,21,209406.68,180230.26,4160,4329
P02757,Produce,Product 2757,Brand D,24.2,18.7,3399,95,0.79,2.9,66,82255.8,18694.5,3084,3399
P02758,Beverages,Product 2758,Brand B,31.96,26.87,3226,62,1.75,3.1,95,103102.96,16420.34,2896,3226
P02759,Bakery,Product 2759,Brand C,49.53,24.62,4171,64,0.73,3.6,27,206589.63,103899.61,4026,4171
P02760,Frozen,Product 2760,Brand B,25.65,5.89,4389,62,2.51,4.0,92,112577.85,86726.64,3908,4194
P02761,Beverages,Product 2761,Brand A,42.97,37.34,4458,27,1.35,3.9,24,191560.26,25098.54,588,770
P02762,Dairy,Product 2762,Brand D,42.92,5.27,4221,16,2.2,4.6,48,181165.32,158920.65,2358,2666
P02763,Dairy,Product 2763,Brand A,25.76,28.31,4002,72,0.67,4.0,87,103091.52,-10205.1,2813,3269
P02764,Bakery,Product 2764,Brand C,41.27,16.22,4861,84,1.6,4.1,82,200613.47,121768.05,4454,4861
P02765,Snacks,Product 2765,Brand E,27.91,35.68,1625,51,4.96,3.1,78,45353.75,-12626.25,1350,1625
P02766,Snacks,Product 2766,Brand A,5.63,17.02,4097,20,0.91,3.8,42,23066.11,-46664.83,4060,4097
P02767,Produce,Product 2767,Brand C,15.37,1.54,2743,18,4.81,4.6,57,42159.91,37935.69,1514,1957
P02768,Dairy,Product 2768,Brand C,42.92,29.94,2854,44,0.5,4.4,14,122493.68,37044.92,1091,1454
P02769,Produce,Product 2769,Brand E,8.98,9.87,891,96,4.81,4.8,97,8001.18,-792.99,499,535
P02770,Bakery,Product 2770,Brand B,1.53,15.4,4572,74,2.83,4.0,17,6995.16,-63413.64,4504,4572
P02771,Snacks,Product 2771,Brand E,46.61,21.52,4661,93,3.0,4.7,28,217249.21,116944.49,4155,4565
P02772,Snacks,Product 2772,Brand A,48.75,38.01,4694,14,2.92,3.9,61,228832.5,50413.56,4199,4694
P02773,Bakery,Product 2773,Brand B,40.83,32.34,4964,35,1.28,4.7,21,202680.12,42144.36,1667,2027
P02774,Produce,Product 2774,Brand C,1.89,5.54,4038,60,4.28,3.5,81,7631.82,-14738.7,3917,4038
P02775,Dairy,Product 2775,Brand D,21.22,30.03,2528,47,4.8,3.2,17,53644.16,-22271.68,2373,2528
P02776,Dairy,Product 2776,Brand A,44.88,3.73,4668,12,2.29,3.7,64,209499.84,192088.2,1225,1430
P02777,Snacks,Product 2777,Brand C,35.61,25.07,4010,94,1.02,3.7,93,142796.1,42265.4,3423,3869
P02778,Bakery,Product 2778,Brand A,47.42,10.22,4307,68,1.22,3.0,43,204237.94,160220.4,2703,3149
P02779,Bakery,Product 2779,Brand D,40.37,25.81,4035,22,2.63,3.4,91,162892.95,58749.6,3599,4035
P02780,Bakery,Product 2780,Brand D,44.62,38.81,1709,90,1.21,2.9,74,76255.58,9929.29,1665,1709
P02781,Beverages,Product 2781,Brand B,48.17,13.49,1500,44,2.95,3.3,84,72255.0,52020.0,1018,1500
P02782,Dairy,Product 2782,Brand B,39.08,37.21,5008,96,4.41,3.5,56,195712.64,9364.96,4719,5008
P02783,Produce,Product 2783,Brand A,45.16,7.68,5087,12,2.17,3.5,44,229728.92,190660.76,4721,5087
P02784,Produce,Product 2784,Brand C,24.23,15.55,1505,62,3.3,3.7,41,36466.15,13063.4,1415,1505
P02785,Beverages,Product 2785,Brand B,37.02,13.29,4431,64,1.21,3.4,60,164035.62,105147.63,4219,4431
P02786,Snacks,Product 2786,Brand E,40.83,6.85,1817,54,1.04,3.0,89,74188.11,61741.66,1754,1817
P02787,Beverages,Product 2787,Brand D,47.57,35.01,3630,75,1.98,3.8,15,172679.1,45592.8,3558,3630
P02788,Dairy,Product 2788,Brand A,25.09,21.52,2215,76,4.57,3.1,18,55574.35,7907.55,1713,2049
P02789,Produce,Product 2789,Brand D,21.22,27.77,4733,93,0.76,3.5,49,100434.26,-31001.15,341,794
P02790,Frozen,Product 2790,Brand E,32.23,19.64,4688,53,4.96,3.7,95,151094.24,59021.92,4398,4688
P02791,Produce,Product 2791,Brand B,20.07,35.92,4799,82,3.11,4.1,57,96315.93,-76064.15,4432,4799
P02792,Snacks,Product 2792,Brand D,45.36,20.19,3415,77,2.71,4.4,81,154904.4,85955.55,1050,1077
P02793,Snacks,Product 2793,Brand A,32.23,26.91,3589,71,2.23,4.2,35,115673.47,19093.48,3169,3589
P02794,Snacks,Product 2794,Brand B,44.5,4.93,2445,34,2.23,4.9,91,108802.5,96748.65,393,781
P02795,Produce,Product 2795,Brand C,23.45,19.96,4767,61,3.9,3.5,46,111786.15,16636.83,4405,4767
P02796,Dairy,Product 2796,Brand E,30.97,23.08,4349,59,3.87,3.2,61,134688.53,34313.61,887,940
P02797,Produce,Product 2797,Brand C,39.04,21.54,3783,10,0.51,4.8,21,147688.32,66202.5,1732,1974
P02798,Snacks,Product 2798,Brand B,5.16,22.44,3628,48,3.19,2.9,47,18720.48,-62691.84,3173,3628
P02799,Dairy,Product 2799,Brand B,33.28,16.44,4463,61,4.08,4.9,77,148528.64,75156.92,4170,4463
P02800,Produce,Product 2800,Brand A,19.34,36.87,2476,85,1.67,3.1,25,47885.84,-43404.28,2376,2476
P02801,Beverages,Product 2801,Brand C,17.7,34.06,5077,49,4.57,3.9,70,89862.9,-83059.72,4605,5077
P02802,Dairy,Product 2802,Brand C,3.25,22.44,3493,69,4.96,4.6,33,11352.25,-67030.67,3414,3493
P02803,Snacks,Product 2803,Brand D,3.0,13.29,3539,97,2.23,3.9,87,10617.0,-36416.31,1591,2025
P02804,Bakery,Product 2804,Brand E,16.17,13.22,5022,82,4.69,2.9,26,81205.74,14814.9,4653,5022
P02805,Snacks,Product 2805,Brand A,21.56,38.02,3027,93,4.24,4.0,13,65262.12,-49824.42,2701,3027
P02806,Beverages,Product 2806,Brand C,20.53,34.66,3282,78,1.06,3.8,59,67379.46,-46374.66,2360,2770
P02807,Produce,Product 2807,Brand A,31.84,29.17,2270,29,3.81,3.6,12,72276.8,6060.9,1931,2021
P02808,Beverages,Product 2808,Brand D,27.74,34.16,1203,94,4.59,4.0,17,33371.22,-7723.26,485,861
P02809,Beverages,Product 2809,Brand E,22.26,8.1,4224,11,1.22,3.3,21,94026.24,59811.84,627,652
P02810,Dairy,Product 2810,Brand B,14.77,13.8,1672,94,2.29,3.8,44,24695.44,1621.84,1511,1672
P02811,Snacks,Product 2811,Brand D,31.29,5.89,3645,97,1.47,2.9,75,114052.05,92583.0,3450,3645
P02812,Bakery,Product 2812,Brand C,45.23,37.82,4498,18,4.92,4.4,62,203444.54,33330.18,4297,4498
P02813,Bakery,Product 2813,Brand A,6.05,31.01,2460,48,1.35,4.3,96,14883.0,-61401.6,489,910
P02814,Produce,Product 2814,Brand D,35.21,16.71,3456,39,4.57,4.9,42,121685.76,63936.0,1325,1491
P02815,Produce,Product 2815,Brand B,6.69,8.77,3960,63,0.72,4.5,27,26492.4,-8236.8,3738,3960
P02816,Snacks,Product 2816,Brand E,45.41,34.66,4175,91,4.05,4.7,67,189586.75,44881.25,3892,4175
P02817,Bakery,Product 2817,Brand D,29.63,33.61,4428,67,4.1,3.4,95,131201.64,-17623.44,940,953
P02818,Dairy,Product 2818,Brand C,17.1,31.01,2903,53,3.97,3.7,87,49641.3,-40380.73,1477,1884
P02819,Bakery,Product 2819,Brand E,3.76,19.22,3780,52,0.78,3.7,54,14212.8,-58438.8,334,785
P02820,Beverages,Product 2820,Brand A,5.09,38.79,3542,19,2.23,4.9,24,18028.78,-119365.4,213,556
P02821,Produce,Product 2821,Brand D,25.65,14.57,3593,57,3.81,3.4,24,92160.45,39810.44,3238,3593
P02822,Produce,Product 2822,Brand C,36.58,27.55,1845,94,1.02,4.4,54,67490.1,16660.35,908,1154
P02823,Beverages,Product 2823,Brand B,49.35,35.68,2338,95,1.47,3.6,77,115380.3,31960.46,2250,2338
P02824,Produce,Product 2824,Brand A,26.86,31.01,4363,26,2.82,4.0,78,117190.18,-18106.45,510,949
P02825,Snacks,Product 2825,Brand C,41.5,34.66,4026,14,1.04,3.2,76,167079.0,27537.84,1418,1839
P02826,Beverages,Product 2826,Brand A,44.62,2.55,4890,79,4.83,3.2,85,218191.8,205722.3,4186,4326
P02827,Dairy,Product 2827,Brand A,8.01,34.66,2777,83,0.74,4.3,71,22243.77,-74007.05,1687,1997
P02828,Dairy,Product 2828,Brand E,32.52,13.44,3776,73,1.47,3.1,93,122795.52,72046.08,1160,1416
P02829,Snacks,Product 2829,Brand A,5.47,22.49,3610,75,3.4,4.1,53,19746.7,-61442.2,166,442
P02830,Snacks,Product 2830,Brand C,25.09,27.32,2499,80,4.69,3.5,29,62699.91,-5572.77,2353,2499
P02831,Produce,Product 2831,Brand C,25.14,37.1,1291,13,4.34,2.7,48,32455.74,-15440.36,440,447
P02832,Bakery,Product 2832,Brand C,5.47,7.89,4323,92,5.0,4.9,48,23646.81,-10461.66,4077,4323
P02833,Dairy,Product 2833,Brand B,14.72,37.34,2919,37,4.6,2.7,10,42967.68,-66027.78,2573,2919
P02834,Beverages,Product 2834,Brand A,20.53,19.64,4244,93,3.85,3.4,76,87129.32,3777.16,1055,1259
P02835,Produce,Product 2835,Brand D,15.0,37.82,4886,47,1.02,4.7,56,73290.0,-111498.52,4404,4886
P02836,Dairy,Product 2836,Brand C,4.99,6.85,2350,75,4.96,3.7,82,11726.5,-4371.0,2110,2350
P02837,Frozen,Product 2837,Brand E,19.34,1.95,2468,76,4.1,3.1,63,47731.12,42918.52,1988,2468
P02838,Bakery,Product 2838,Brand D,2.24,24.73,1005,69,4.57,3.2,29,2251.2,-22602.45,468,562
P02839,Produce,Product 2839,Brand C,44.62,9.87,4617,56,4.69,2.5,18,206010.54,160440.75,1862,2248
P02840,Snacks,Product 2840,Brand D,35.35,10.08,1403,34,2.9,2.9,37,49596.05,35453.81,1093,1403
P02841,Produce,Product 2841,Brand E,3.0,4.52,4824,75,0.67,2.6,73,14472.0,-7332.48,181,189
P02842,Snacks,Product 2842,Brand D,1.89,25.07,1704,88,0.8,3.9,44,3220.56,-39498.72,1287,1704
P02843,Bakery,Product 2843,Brand C,31.82,10.08,906,76,1.25,3.8,49,28828.92,19696.44,476,906
P02844,Bakery,Product 2844,Brand C,10.22,27.03,1305,78,3.89,5.0,11,13337.1,-21937.05,102,272
P02845,Frozen,Product 2845,Brand A,41.5,7.79,2348,49,1.37,4.9,12,97442.0,79151.08,783,902
P02846,Snacks,Product 2846,Brand C,38.13,1.64,3535,59,2.6,4.5,23,134789.55,128992.15,3289,3535
P02847,Beverages,Product 2847,Brand C,19.44,29.17,3955,49,3.48,4.0,90,76885.2,-38482.15,3827,3955
P02848,Dairy,Product 2848,Brand B,4.57,3.5,3034,46,0.75,2.6,77,13865.38,3246.38,863,1085
P02849,Frozen,Product 2849,Brand D,32.48,31.67,2698,78,1.98,3.7,56,87631.04,2185.38,365,428
P02850,Snacks,Product 2850,Brand A,37.56,21.22,4008,26,1.73,4.0,63,150540.48,65490.72,2582,2699
P02851,Frozen,Product 2851,Brand A,22.63,18.64,3421,71,4.57,4.9,67,77417.23,13649.79,2829,2938
P02852,Dairy,Product 2852,Brand A,20.53,7.35,3479,50,3.17,3.6,71,71423.87,45853.22,824,1058
P02853,Bakery,Product 2853,Brand D,31.67,16.44,3433,85,3.89,4.0,60,108723.11,52284.59,2940,3433
P02854,Bakery,Product 2854,Brand A,32.81,15.37,4910,51,4.1,4.9,87,161097.1,85630.4,2523,2999
P02855,Frozen,Product 2855,Brand D,14.59,21.72,2982,40,0.58,4.6,57,43507.38,-21261.66,2513,2718
P02856,Produce,Product 2856,Brand A,3.23,36.87,5050,42,0.8,4.5,36,16311.5,-169882.0,4962,5050
P02857,Dairy,Product 2857,Brand A,48.17,25.0,2992,52,3.4,2.7,86,144124.64,69324.64,2575,2992
P02858,Produce,Product 2858,Brand E,1.56,14.15,3687,76,0.8,2.6,64,5751.72,-46419.33,1164,1489
P02859,Beverages,Product 2859,Brand C,23.96,21.05,4611,47,2.83,3.2,93,110479.56,13418.01,2391,2771
P02860,Beverages,Product 2860,Brand D,40.37,11.71,3232,50,0.54,4.2,58,130475.84,92629.12,2992,3232
P02861,Beverages,Product 2861,Brand E,14.77,14.15,4696,72,2.23,4.4,33,69359.92,2911.52,4498,4696
P02862,Dairy,Product 2862,Brand E,47.55,17.55,4569,49,4.34,3.6,19,217255.95,137070.0,4565,4569
P02863,Frozen,Product 2863,Brand D,13.14,18.17,2528,39,4.34,4.6,16,33217.92,-12715.84,2422,2528
P02864,Snacks,Product 2864,Brand D,44.62,3.67,2619,56,2.71,4.0,26,116859.78,107248.05,146,253
P02865,Bakery,Product 2865,Brand C,47.13,5.27,2516,31,4.34,3.5,31,118579.08,105319.76,2264,2516
P02866,Bakery,Product 2866,Brand E,39.08,20.38,3947,64,3.8,4.3,68,154248.76,73808.9,3761,3947
P02867,Produce,Product 2867,Brand A,5.96,21.22,2890,52,1.31,3.6,53,17224.4,-44101.4,2664,2890
P02868,Beverages,Product 2868,Brand C,49.31,28.68,3838,70,4.57,3.3,20,189251.78,79177.94,3425,3838
P02869,Snacks,Product 2869,Brand A,44.88,30.88,2787,83,0.58,5.0,51,125080.56,39018.0,2766,2787
P02870,Dairy,Product 2870,Brand A,32.12,38.02,1153,41,1.66,4.2,32,37034.36,-6802.7,855,1009
P02871,Bakery,Product 2871,Brand C,46.61,6.31,4941,13,1.66,4.9,69,230300.01,199122.3,3344,3568
P02872,Frozen,Product 2872,Brand C,1.71,23.46,1638,54,2.26,4.0,95,2800.98,-35626.5,1552,1638
P02873,Beverages,Product 2873,Brand C,1.6,10.08,1748,81,4.76,3.5,71,2796.8,-14823.04,1004,1045
P02874,Beverages,Product 2874,Brand D,39.69,39.99,2888,29,1.02,4.9,63,114624.72,-866.4,2554,2888
P02875,Beverages,Product 2875,Brand A,18.31,34.06,4005,80,2.4,4.5,91,73331.55,-63078.75,3587,4005
P02876,Produce,Product 2876,Brand D,38.13,29.17,4795,74,0.98,4.9,99,182833.35,42963.2,4160,4645
P02877,Produce,Product 2877,Brand E,1.71,13.49,4654,69,4.48,2.7,22,7958.34,-54824.12,3863,4035
P02878,Snacks,Product 2878,Brand B,20.07,10.7,4611,98,4.98,3.0,77,92542.77,43205.07,878,1263
P02879,Snacks,Product 2879,Brand B,47.58,28.31,2462,35,0.84,4.3,36,117141.96,47442.74,1890,2050
P02880,Produce,Product 2880,Brand C,3.25,5.59,2639,82,2.58,3.3,49,8576.75,-6175.26,1701,1861
P02881,Frozen,Product 2881,Brand C,5.16,39.47,4890,32,3.17,3.7,83,25232.4,-167775.9,4839,4890
P02882,Frozen,Product 2882,Brand E,8.98,38.01,4726,49,3.41,4.6,94,42439.48,-137195.78,4608,4726
P02883,Beverages,Product 2883,Brand A,35.61,27.03,4223,11,2.86,4.9,84,150381.03,36233.34,3943,4223
P02884,Produce,Product 2884,Brand C,35.09,31.01,3947,35,4.24,4.9,93,138500.23,16103.76,3775,3947
P02885,Snacks,Product 2885,Brand A,24.23,10.7,4426,87,4.7,4.1,92,107241.98,59883.78,3957,4426
P02886,Frozen,Product 2886,Brand E,29.7,13.8,2271,71,0.91,3.9,19,67448.7,36108.9,1105,1437
P02887,Produce,Product 2887,Brand C,19.37,38.01,2884,53,4.96,2.9,24,55863.08,-53757.76,2800,2884
P02888,Produce,Product 2888,Brand B,24.23,7.35,624,40,0.7,4.0,54,15119.52,10533.12,331,624
P02889,Snacks,Product 2889,Brand D,47.07,32.34,4093,35,1.97,2.9,62,192657.51,60289.89,3753,4093
P02890,Dairy,Product 2890,Brand D,24.23,39.87,4876,92,2.82,4.3,91,118145.48,-76260.64,4686,4752
P02891,Beverages,Product 2891,Brand B,21.22,20.55,2503,14,4.2,3.9,16,53113.66,1677.01,2233,2503
P02892,Beverages,Product 2892,Brand D,31.39,25.07,4337,79,4.28,4.3,39,136138.43,27409.84,3936,4337
P02893,Beverages,Product 2893,Brand A,47.13,27.32,3282,44,4.24,4.5,87,154680.66,65016.42,1790,2134
P02894,Beverages,Product 2894,Brand B,47.55,18.7,2975,25,1.91,4.1,39,141461.25,85828.75,1323,1801
P02895,Snacks,Product 2895,Brand B,40.53,18.17,2574,40,3.62,2.5,36,104324.22,57554.64,2303,2574
P02896,Produce,Product 2896,Brand D,25.14,8.65,4311,91,0.58,2.6,58,108378.54,71088.39,997,1058
P02897,Frozen,Product 2897,Brand C,48.1,24.92,4573,23,2.65,3.8,66,219961.3,106002.14,1969,2146
P02898,Snacks,Product 2898,Brand B,23.33,35.86,2242,34,3.17,2.9,73,52305.86,-28092.26,251,605
P02899,Beverages,Product 2899,Brand A,29.2,22.44,2606,88,1.47,3.6,72,76095.2,17616.56,1451,1568
P02900,Bakery,Product 2900,Brand E,22.97,6.54,3004,99,4.33,4.1,57,69001.88,49355.72,271,407
P02901,Beverages,Product 2901,Brand B,5.63,32.08,2019,84,1.08,2.9,50,11366.97,-53402.55,1529,2019
P02902,Frozen,Product 2902,Brand A,23.27,34.56,5216,80,3.3,3.3,90,121376.32,-58888.64,4957,5216
P02903,Bakery,Product 2903,Brand D,3.23,14.57,4969,27,4.54,3.9,39,16049.87,-56348.46,3533,3789
P02904,Produce,Product 2904,Brand A,10.22,10.47,3630,59,2.0,3.3,91,37098.6,-907.5,3299,3630
P02905,Frozen,Product 2905,Brand D,48.75,5.59,4711,29,1.33,4.6,12,229661.25,203326.76,1998,2409
P02906,Produce,Product 2906,Brand A,33.35,32.52,3851,65,0.9,3.5,46,128430.85,3196.33,1459,1852
P02907,Snacks,Product 2907,Brand B,2.3,30.33,1213,11,2.59,4.7,39,2789.9,-34000.39,792,1063
P02908,Bakery,Product 2908,Brand A,32.23,13.29,3929,35,0.78,3.9,63,126631.67,74415.26,199,231
P02909,Bakery,Product 2909,Brand A,19.23,34.66,3796,32,2.01,4.0,94,72997.08,-58572.28,3542,3796
P02910,Frozen,Product 2910,Brand C,5.16,27.55,3416,41,1.67,3.1,93,17626.56,-76484.24,3149,3416
P02911,Frozen,Product 2911,Brand D,45.41,6.31,2945,22,3.8,4.2,95,133732.45,115149.5,2020,2407
P02912,Beverages,Product 2912,Brand B,35.09,15.99,1258,22,0.91,3.8,94,44143.22,24027.8,527,809
P02913,Produce,Product 2913,Brand E,22.97,32.99,693,26,0.76,2.6,97,15918.21,-6943.86,686,693
P02914,Snacks,Product 2914,Brand E,6.45,14.15,3415,98,3.11,2.7,94,22026.75,-26295.5,3067,3415
P02915,Frozen,Product 2915,Brand D,35.1,20.8,4309,67,3.15,2.7,16,151245.9,61618.7,3304,3743
P02916,Frozen,Product 2916,Brand D,6.82,13.44,1276,95,1.33,3.3,17,8702.32,-8447.12,355,394
P02917,Snacks,Product 2917,Brand C,47.57,13.49,1577,36,2.45,4.0,95,75017.89,53744.16,1573,1577
P02918,Bakery,Product 2918,Brand A,47.58,5.59,3567,26,3.48,4.0,95,169717.86,149778.33,820,850
P02919,Dairy,Product 2919,Brand A,39.04,19.01,2266,99,4.59,4.2,72,88464.64,45387.98,2100,2266
P02920,Frozen,Product 2920,Brand C,22.02,2.11,4928,47,3.54,3.0,72,108514.56,98116.48,3107,3414
P02921,Bakery,Product 2921,Brand C,31.18,32.77,3360,23,2.55,4.9,73,104764.8,-5342.4,2727,3189
P02922,Bakery,Product 2922,Brand B,5.16,18.77,4872,23,3.02,3.2,39,25139.52,-66307.92,4602,4638
P02923,Produce,Product 2923,Brand D,32.81,5.6,3412,21,2.82,2.5,19,111947.72,92840.52,2389,2740
P02924,Beverages,Product 2924,Brand D,42.4,39.87,4809,78,4.22,4.1,78,203901.6,12166.77,4310,4809
P02925,Beverages,Product 2925,Brand A,21.04,29.94,2959,77,1.21,4.9,58,62257.36,-26335.1,1831,2042
P02926,Produce,Product 2926,Brand A,45.23,4.52,2390,64,4.81,3.9,48,108099.7,97296.9,2277,2390
P02927,Beverages,Product 2927,Brand A,47.55,5.04,2377,72,2.85,4.4,43,113026.35,101046.27,1680,1797
P02928,Snacks,Product 2928,Brand B,48.15,22.49,3642,38,4.12,4.6,19,175362.3,93453.72,3326,3642
P02929,Bakery,Product 2929,Brand C,37.92,2.55,2062,98,0.76,2.5,18,78191.04,72932.94,1093,1144
P02930,Bakery,Product 2930,Brand A,28.36,30.06,2556,54,0.7,3.0,69,72488.16,-4345.2,2096,2556
P02931,Bakery,Product 2931,Brand C,37.79,17.02,5123,13,3.9,3.7,14,193598.17,106404.71,4690,5123
P02932,Bakery,Product 2932,Brand E,4.81,4.73,4296,25,1.98,4.7,44,20663.76,343.68,1952,1967
P02933,Frozen,Product 2933,Brand C,20.02,36.21,1370,75,0.82,4.9,20,27427.4,-22180.3,181,382
P02934,Produce,Product 2934,Brand D,35.61,15.13,4814,32,4.76,2.7,51,171426.54,98590.72,3950,4297
P02935,Dairy,Product 2935,Brand A,37.79,18.77,4552,77,2.9,4.0,89,172020.08,86579.04,3112,3236
P02936,Beverages,Product 2936,Brand C,25.09,9.87,3156,29,3.54,4.4,29,79184.04,48034.32,2816,3156
P02937,Snacks,Product 2937,Brand C,1.56,24.43,4637,26,2.42,4.9,60,7233.72,-106048.19,1555,1711
P02938,Snacks,Product 2938,Brand A,48.1,4.99,1706,61,2.85,4.9,10,82058.6,73545.66,1297,1706
P02939,Bakery,Product 2939,Brand E,6.76,32.08,3420,15,3.0,5.0,99,23119.2,-86594.4,3212,3420
P02940,Produce,Product 2940,Brand D,4.84,5.6,3482,91,4.58,3.7,20,16852.88,-2646.32,3016,3482
P02941,Snacks,Product 2941,Brand B,25.23,14.26,2835,93,3.11,4.9,70,71527.05,31099.95,1411,1653
P02942,Bakery,Product 2942,Brand B,3.25,5.89,1046,48,3.85,3.7,88,3399.5,-2761.44,660,824
P02943,Snacks,Product 2943,Brand D,48.17,7.89,2464,43,4.19,3.3,48,118690.88,99249.92,2204,2464
P02944,Beverages,Product 2944,Brand B,48.15,18.3,2595,63,3.15,2.9,57,124949.25,77460.75,2153,2430
P02945,Snacks,Product 2945,Brand A,1.53,34.16,3750,97,4.08,2.7,91,5737.5,-122362.5,1698,2045
P02946,Frozen,Product 2946,Brand D,19.44,10.69,1237,91,0.71,4.6,97,24047.28,10823.75,1044,1237
P02947,Snacks,Product 2947,Brand A,5.09,27.77,2368,74,0.7,4.4,37,12053.12,-53706.24,678,1003
P02948,Snacks,Product 2948,Brand D,29.63,24.73,4577,96,4.27,3.9,98,135616.51,22427.3,1014,1506
P02949,Beverages,Product 2949,Brand C,37.02,32.77,788,38,2.48,4.1,96,29171.76,3349.0,261,499
P02950,Beverages,Product 2950,Brand B,5.79,27.03,2569,50,4.98,2.5,84,14874.51,-54565.56,874,1268
P02951,Dairy,Product 2951,Brand A,37.02,4.0,4653,72,4.95,3.1,89,172254.06,153642.06,156,206
P02952,Bakery,Product 2952,Brand B,41.96,36.87,1502,41,4.91,3.3,45,63023.92,7645.18,1289,1502
P02953,Beverages,Product 2953,Brand A,26.3,32.08,4410,75,0.75,3.8,96,115983.0,-25489.8,4144,4410
P02954,Beverages,Product 2954,Brand D,31.18,7.87,949,54,2.23,3.5,79,29589.82,22121.19,645,735
P02955,Frozen,Product 2955,Brand A,23.96,5.56,3224,26,0.9,4.0,71,77247.04,59321.6,3080,3224
P02956,Bakery,Product 2956,Brand B,8.98,18.64,4408,52,2.56,4.2,97,39583.84,-42581.28,4242,4408
P02957,Bakery,Product 2957,Brand B,16.82,1.64,1580,75,0.78,4.7,79,26575.6,23984.4,1513,1580
P02958,Beverages,Product 2958,Brand D,4.57,25.3,4842,77,1.37,3.7,19,22127.94,-100374.66,2515,2535
P02959,Bakery,Product 2959,Brand D,40.53,6.6,4294,43,3.79,3.7,95,174035.82,145695.42,4183,4294
P02960,Bakery,Product 2960,Brand A,45.36,31.67,3926,10,3.97,3.7,96,178083.36,53746.94,3488,3557
P02961,Produce,Product 2961,Brand C,47.07,17.78,3757,32,3.41,4.9,14,176841.99,110042.53,3303,3757
P02962,Snacks,Product 2962,Brand A,47.58,15.99,3347,15,2.59,3.7,37,159250.26,105731.73,1512,1537
P02963,Dairy,Product 2963,Brand A,5.94,8.85,3074,25,2.56,3.6,68,18259.56,-8945.34,2729,3074
P02964,Produce,Product 2964,Brand D,37.79,7.79,3661,11,3.81,3.6,18,138349.19,109830.0,671,981
P02965,Dairy,Product 2965,Brand C,32.12,35.92,1852,85,2.17,2.9,48,59486.24,-7037.6,1840,1852
P02966,Dairy,Product 2966,Brand B,47.42,24.92,4092,36,4.76,4.3,71,194042.64,92070.0,4027,4092
P02967,Snacks,Product 2967,Brand A,19.23,30.06,629,28,3.02,2.9,98,12095.67,-6812.07,447,629
P02968,Bakery,Product 2968,Brand A,20.53,13.29,3196,37,4.27,3.7,47,65613.88,23139.04,944,1178
P02969,Beverages,Product 2969,Brand C,49.35,22.3,3088,44,3.76,4.8,33,152392.8,83530.4,2765,3088
P02970,Frozen,Product 2970,Brand E,16.63,10.22,5097,77,4.69,3.3,73,84763.11,32671.77,4692,5097
P02971,Bakery,Product 2971,Brand A,48.17,21.05,5024,58,2.82,2.7,52,242006.08,136250.88,4891,5024
P02972,Frozen,Product 2972,Brand E,29.6,2.55,3876,16,4.69,4.4,25,114729.6,104845.8,3690,3876
P02973,Frozen,Product 2973,Brand D,23.96,38.01,2678,46,3.89,4.4,75,64164.88,-37625.9,2599,2678
P02974,Dairy,Product 2974,Brand A,20.02,11.14,1951,34,1.35,4.3,75,39059.02,17324.88,642,774
P02975,Bakery,Product 2975,Brand A,16.17,5.54,4229,50,0.9,3.4,78,68382.93,44954.27,315,590
P02976,Bakery,Product 2976,Brand D,8.01,10.08,3337,90,0.88,4.2,55,26729.37,-6907.59,3000,3337
P02977,Bakery,Product 2977,Brand B,14.72,20.38,4804,71,1.57,3.6,30,70714.88,-27190.64,4493,4804
P02978,Produce,Product 2978,Brand A,14.72,24.73,4979,50,0.82,3.8,69,73290.88,-49839.79,1469,1786
P02979,Beverages,Product 2979,Brand E,4.49,25.3,3902,23,1.97,3.0,19,17519.98,-81200.62,385,585
P02980,Dairy,Product 2980,Brand B,38.31,22.44,3260,63,2.01,3.3,27,124890.6,51736.2,3159,3260
P02981,Beverages,Product 2981,Brand A,16.68,2.29,4473,11,2.26,3.9,99,74609.64,64366.47,4321,4473
P02982,Dairy,Product 2982,Brand A,47.57,10.47,1856,97,3.3,3.8,93,88289.92,68857.6,150,602
P02983,Dairy,Product 2983,Brand D,35.1,25.0,3280,88,3.82,4.4,50,115128.0,33128.0,1825,2041
P02984,Dairy,Product 2984,Brand B,16.63,11.9,4813,57,0.7,2.9,45,80040.19,22765.49,4666,4813
P02985,Produce,Product 2985,Brand A,39.96,8.85,1779,60,2.9,4.7,94,71088.84,55344.69,1499,1779
P02986,Beverages,Product 2986,Brand E,31.96,34.66,3846,64,2.48,4.2,75,122918.16,-10384.2,3536,3846
P02987,Beverages,Product 2987,Brand B,47.57,21.05,3636,21,0.52,3.9,55,172964.52,96426.72,3403,3636
P02988,Bakery,Product 2988,Brand A,13.26,10.08,4103,92,1.06,3.1,32,54405.78,13047.54,2817,3310
P02989,Frozen,Product 2989,Brand D,16.63,1.07,1578,78,0.7,3.0,48,26242.14,24553.68,1429,1578
P02990,Produce,Product 2990,Brand A,41.96,30.89,4970,10,3.41,4.3,13,208541.2,55017.9,4633,4970
P02991,Produce,Product 2991,Brand A,37.78,28.31,3878,68,4.53,3.6,50,146510.84,36724.66,3422,3878
P02992,Snacks,Product 2992,Brand D,23.27,1.54,3477,82,3.87,3.9,12,80909.79,75555.21,2998,3477
P02993,Dairy,Product 2993,Brand A,3.82,26.91,4044,43,1.53,4.3,62,15448.08,-93375.96,2489,2764
P02994,Bakery,Product 2994,Brand C,5.63,7.49,1307,55,3.43,4.0,83,7358.41,-2431.02,848,1307
P02995,Bakery,Product 2995,Brand C,16.65,24.62,950,68,0.8,2.9,45,15817.5,-7571.5,623,804
P02996,Produce,Product 2996,Brand B,4.46,34.16,1509,75,3.43,4.6,58,6730.14,-44817.3,754,1248
P02997,Bakery,Product 2997,Brand C,5.79,10.27,5135,28,4.53,3.1,36,29731.65,-23004.8,4701,5135
P02998,Dairy,Product 2998,Brand D,37.87,26.87,4745,37,3.51,3.8,62,179693.15,52195.0,4594,4745
P02999,Produce,Product 2999,Brand B,48.82,7.31,3346,49,3.41,4.8,58,163351.72,138892.46,3053,3346
P03000,Bakery,Product 3000,Brand A,22.51,27.32,3573,66,4.47,3.1,92,80428.23,-17186.13,3289,3573
P03001,Frozen,Product 3001,Brand A,5.16,34.56,2679,60,3.4,3.9,10,13823.64,-78762.6,2208,2679
P03002,Bakery,Product 3002,Brand C,31.67,23.46,4839,31,2.38,3.7,99,153251.13,39728.19,2038,2242
P03003,Beverages,Product 3003,Brand E,48.52,15.07,2437,77,1.02,2.6,55,118243.24,81517.65,1304,1384
P03004,Bakery,Product 3004,Brand C,48.1,37.34,4603,17,1.04,2.7,71,221404.3,49528.28,4139,4603
P03005,Bakery,Product 3005,Brand A,20.53,4.52,4644,69,4.98,2.8,86,95341.32,74350.44,4182,4644
P03006,Beverages,Product 3006,Brand B,31.18,36.48,4875,74,0.75,2.5,75,152002.5,-25837.5,4162,4489
P03007,Beverages,Product 3007,Brand C,44.5,30.03,2553,45,0.52,3.3,31,113608.5,36941.91,364,513
P03008,Produce,Product 3008,Brand A,4.99,39.99,3711,80,0.88,2.6,48,18517.89,-129885.0,3434,3711
P03009,Snacks,Product 3009,Brand E,21.04,21.05,1236,98,0.91,3.8,53,26005.44,-12.36,811,1236
P03010,Beverages,Product 3010,Brand C,39.04,4.93,1571,38,2.23,3.3,11,61331.84,53586.81,1012,1047
P03011,Bakery,Product 3011,Brand C,5.12,10.7,2200,74,1.57,4.9,84,11264.0,-12276.0,1834,2200
P03012,Snacks,Product 3012,Brand A,36.58,8.91,2748,65,4.08,2.6,68,100521.84,76037.16,1545,1761
P03013,Dairy,Product 3013,Brand D,17.1,17.3,3662,91,4.46,4.6,99,62620.2,-732.4,2236,2237
P03014,Bakery,Product 3014,Brand B,32.23,6.6,637,13,2.26,3.1,37,20530.51,16326.31,431,637
P03015,Bakery,Product 3015,Brand E,2.14,36.21,4417,93,2.48,4.5,99,9452.38,-150487.19,3949,4417
P03016,Produce,Product 3016,Brand E,45.36,4.52,4026,81,2.26,2.5,90,182619.36,164421.84,3934,4026
P03017,Frozen,Product 3017,Brand D,4.62,27.77,2872,59,2.84,4.2,76,13268.64,-66486.8,251,717
P03018,Beverages,Product 3018,Brand C,44.62,5.56,1258,48,1.28,4.2,23,56131.96,49137.48,807,1258
P03019,Beverages,Product 3019,Brand C,44.5,18.17,3971,44,0.7,4.0,25,176709.5,104556.43,520,611
P03020,Snacks,Product 3020,Brand D,41.27,17.02,4465,34,3.0,4.2,60,184270.55,108276.25,352,422
P03021,Frozen,Product 3021,Brand A,10.59,38.81,1230,87,2.26,2.5,37,13025.7,-34710.6,1098,1230
P03022,Dairy,Product 3022,Brand D,47.42,21.72,3912,53,4.12,3.3,62,185507.04,100538.4,3655,3912
P03023,Dairy,Product 3023,Brand E,4.49,10.47,1597,56,4.8,4.9,61,7170.53,-9550.06,392,797
P03024,Snacks,Product 3024,Brand A,33.95,6.44,2126,49,2.82,3.3,34,72177.7,58486.26,1340,1695
P03025,Beverages,Product 3025,Brand D,25.23,2.29,486,40,1.73,3.2,66,12261.78,11148.84,268,360
P03026,Frozen,Product 3026,Brand B,31.67,25.52,3707,78,1.04,4.4,18,117400.69,22798.05,2881,2963
P03027,Produce,Product 3027,Brand A,19.23,14.26,812,90,1.31,3.3,20,15614.76,4035.64,136,508
P03028,Bakery,Product 3028,Brand A,9.49,18.17,1925,83,0.76,3.8,54,18268.25,-16709.0,1544,1925
P03029,Snacks,Product 3029,Brand A,20.53,13.29,4799,52,1.53,4.3,94,98523.47,34744.76,4491,4799
P03030,Frozen,Product 3030,Brand A,35.09,16.44,4144,64,4.59,4.4,11,145412.96,77285.6,2467,2566
P03031,Beverages,Product 3031,Brand A,35.48,7.25,4778,25,4.96,4.1,63,169523.44,134882.94,1022,1075
P03032,Snacks,Product 3032,Brand D,22.26,38.79,2261,77,3.43,3.7,43,50329.86,-37374.33,1920,2261
P03033,Dairy,Product 3033,Brand C,9.69,20.19,3779,78,3.85,2.5,51,36618.51,-39679.5,2542,2622
P03034,Snacks,Product 3034,Brand E,22.63,27.32,5156,51,4.41,3.3,86,116680.28,-24181.64,4844,5156
P03035,Frozen,Product 3035,Brand C,29.2,5.79,4952,50,0.73,3.9,78,144598.4,115926.32,4478,4952
P03036,Produce,Product 3036,Brand C,25.09,20.8,2121,59,3.17,3.6,20,53215.89,9099.09,1762,2121
P03037,Frozen,Product 3037,Brand B,16.17,10.27,1948,93,2.65,3.9,38,31499.16,11493.2,1098,1555
P03038,Snacks,Product 3038,Brand B,37.79,5.98,4624,15,4.58,2.7,14,174740.96,147089.44,4281,4624
P03039,Snacks,Product 3039,Brand E,35.61,35.92,4852,84,4.27,3.7,29,172779.72,-1504.12,4402,4852
P03040,Bakery,Product 3040,Brand D,19.92,13.44,4497,62,0.7,4.3,48,89580.24,29140.56,4046,4497
P03041,Produce,Product 3041,Brand E,40.53,9.87,2870,26,1.04,4.4,83,116321.1,87994.2,2624,2870
P03042,Bakery,Product 3042,Brand A,5.12,32.52,4194,66,2.45,3.9,41,21473.28,-114915.6,230,519
P03043,Dairy,Product 3043,Brand A,48.5,10.08,4803,76,3.0,3.1,38,232945.5,184531.26,4331,4803
P03044,Produce,Product 3044,Brand C,4.46,32.52,3796,25,2.56,4.9,75,16930.16,-106515.76,3517,3796
P03045,Snacks,Product 3045,Brand C,25.09,22.44,2579,61,1.72,4.5,10,64707.11,6834.35,2317,2579
P03046,Dairy,Product 3046,Brand C,40.53,27.77,3457,99,0.78,3.7,93,140112.21,44111.32,3116,3457
P03047,Produce,Product 3047,Brand A,16.82,26.01,1717,97,2.58,3.1,10,28879.94,-15779.23,1286,1717
P03048,Frozen,Product 3048,Brand A,5.47,37.34,4836,43,0.7,4.5,13,26452.92,-154123.32,4394,4836
P03049,Dairy,Product 3049,Brand C,5.63,25.0,5195,93,2.92,2.9,24,29247.85,-100627.15,4934,5195
P03050,Produce,Product 3050,Brand D,22.97,2.55,4356,90,1.64,4.0,56,100057.32,88949.52,2912,3245
P03051,Frozen,Product 3051,Brand C,28.16,9.87,3323,29,2.14,2.7,39,93575.68,60777.67,1617,1849
P03052,Frozen,Product 3052,Brand A,37.78,29.17,4546,89,3.15,4.3,15,171747.88,39141.06,4298,4546
P03053,Produce,Product 3053,Brand D,37.92,18.17,4998,65,2.56,2.5,10,189524.16,98710.5,4743,4998
P03054,Frozen,Product 3054,Brand B,21.56,30.03,2852,60,0.88,2.7,80,61489.12,-24156.44,105,566
P03055,Dairy,Product 3055,Brand A,48.82,8.77,3172,62,0.5,4.0,71,154857.04,127038.6,810,893
P03056,Beverages,Product 3056,Brand D,36.58,19.96,4640,58,3.19,3.8,73,169731.2,77116.8,111,376
P03057,Produce,Product 3057,Brand C,17.7,18.77,2506,13,3.4,2.6,14,44356.2,-2681.42,2250,2253
P03058,Beverages,Product 3058,Brand A,36.58,25.0,2258,27,4.8,3.1,63,82597.64,26147.64,1813,2258
P03059,Dairy,Product 3059,Brand A,21.79,34.56,4845,45,4.05,3.5,58,105572.55,-61870.65,4622,4845
P03060,Bakery,Product 3060,Brand E,34.47,7.35,4616,44,4.34,4.0,16,159113.52,125185.92,4366,4616
P03061,Bakery,Product 3061,Brand E,26.3,32.61,4476,39,4.37,3.5,12,117718.8,-28243.56,4284,4476
P03062,Bakery,Product 3062,Brand C,25.09,18.3,3822,72,0.52,3.4,85,95893.98,25951.38,3518,3564
P03063,Dairy,Product 3063,Brand E,44.88,30.33,3822,91,4.37,4.9,70,171531.36,55610.1,3382,3822
P03064,Frozen,Product 3064,Brand D,5.63,16.22,3999,30,0.88,3.1,88,22514.37,-42349.41,3704,3999
P03065,Bakery,Product 3065,Brand B,4.46,2.55,4456,61,4.41,4.3,93,19873.76,8510.96,2747,3016
P03066,Bakery,Product 3066,Brand D,6.69,32.34,3737,78,2.83,4.9,50,25000.53,-95854.05,3696,3737
P03067,Produce,Product 3067,Brand C,1.56,7.35,4476,50,3.51,4.1,30,6982.56,-25916.04,4082,4221
P03068,Bakery,Product 3068,Brand A,24.23,8.91,4156,63,4.8,4.4,41,100699.88,63669.92,277,318
P03069,Produce,Product 3069,Brand A,1.56,21.22,3169,96,3.85,4.8,21,4943.64,-62302.54,2710,3041
P03070,Dairy,Product 3070,Brand A,3.76,15.07,5107,39,0.8,4.0,16,19202.32,-57760.17,4613,5107
P03071,Dairy,Product 3071,Brand B,35.35,36.21,1641,65,4.76,3.9,60,58009.35,-1411.26,653,828
P03072,Frozen,Product 3072,Brand A,17.1,17.02,3922,88,2.92,3.8,54,67066.2,313.76,3489,3922
P03073,Produce,Product 3073,Brand A,42.4,21.54,1033,50,1.72,4.4,74,43799.2,21548.38,341,790
P03074,Beverages,Product 3074,Brand A,27.91,8.77,4390,23,2.63,3.1,69,122524.9,84024.6,4099,4390
P03075,Beverages,Product 3075,Brand A,9.49,24.92,1898,30,2.26,2.9,84,18012.02,-29286.14,1479,1898
P03076,Bakery,Product 3076,Brand C,14.77,17.78,3561,99,4.39,3.6,54,52595.97,-10718.61,1696,2019
P03077,Bakery,Product 3077,Brand A,37.97,21.52,4017,34,2.82,4.9,43,152525.49,66079.65,3629,4017
P03078,Snacks,Product 3078,Brand A,16.82,6.85,2384,59,2.51,4.7,92,40098.88,23768.48,2104,2384
P03079,Frozen,Product 3079,Brand E,5.79,10.47,2370,62,2.82,3.4,20,13722.3,-11091.6,2046,2140
P03080,Produce,Product 3080,Brand E,20.07,6.5,1752,57,2.42,4.9,42,35162.64,23774.64,1400,1752
P03081,Snacks,Product 3081,Brand C,37.78,37.82,3558,79,1.35,2.8,17,134421.24,-142.32,3189,3558
P03082,Snacks,Product 3082,Brand A,21.79,15.4,3835,57,4.47,4.0,54,83564.65,24505.65,3495,3835
P03083,Dairy,Product 3083,Brand E,23.27,16.44,2821,13,0.84,3.1,81,65644.67,19267.43,1170,1590
P03084,Bakery,Product 3084,Brand A,9.49,35.92,4089,33,4.98,3.0,87,38804.61,-108072.27,3884,4089
P03085,Snacks,Product 3085,Brand A,13.26,22.66,1944,40,4.54,3.3,43,25777.44,-18273.6,1888,1944
P03086,Snacks,Product 3086,Brand E,8.98,25.07,4618,92,2.58,2.7,54,41469.64,-74303.62,4387,4618
P03087,Frozen,Product 3087,Brand D,3.22,11.71,3460,84,0.99,4.2,74,11141.2,-29375.4,1872,2132
P03088,Dairy,Product 3088,Brand E,10.22,23.95,4125,38,2.2,3.0,82,42157.5,-56636.25,3905,4125
P03089,Frozen,Product 3089,Brand D,3.82,9.53,2482,14,0.51,3.9,61,9481.24,-14172.22,2314,2482
P03090,Frozen,Product 3090,Brand B,3.76,10.69,327,91,1.21,4.0,19,1229.52,-2266.11,156,327
P03091,Snacks,Product 3091,Brand B,44.62,24.44,3017,76,3.81,2.7,52,134618.54,60883.06,337,836
P03092,Frozen,Product 3092,Brand C,28.36,22.49,1776,84,4.34,3.9,91,50367.36,10425.12,832,1146
P03093,Dairy,Product 3093,Brand C,3.11,10.22,4307,94,0.98,3.2,90,13394.77,-30622.77,3989,4307
P03094,Produce,Product 3094,Brand A,49.32,19.64,3315,92,3.92,3.6,79,163495.8,98389.2,2924,3315
P03095,Produce,Product 3095,Brand E,37.02,24.62,4690,62,4.81,2.7,20,173623.8,58156.0,1327,1464
P03096,Frozen,Product 3096,Brand B,37.92,5.59,4615,98,0.8,4.6,97,175000.8,149202.95,4337,4615
P03097,Frozen,Product 3097,Brand B,48.75,39.3,2814,73,1.28,3.0,45,137182.5,26592.3,2554,2814
P03098,Dairy,Product 3098,Brand A,41.27,15.4,4789,44,2.63,2.5,27,197642.03,123891.43,4405,4789
P03099,Dairy,Product 3099,Brand C,21.22,5.6,1287,21,3.19,3.6,72,27310.14,20102.94,867,1287
P03100,Snacks,Product 3100,Brand C,41.5,6.5,3964,56,1.67,4.1,14,164506.0,138740.0,3483,3964
P03101,Bakery,Product 3101,Brand B,9.49,35.86,2978,99,0.9,2.6,40,28261.22,-78529.86,2524,2978
P03102,Dairy,Product 3102,Brand E,1.6,11.9,4253,64,3.41,4.7,25,6804.8,-43805.9,3524,3975
P03103,Bakery,Product 3103,Brand C,31.18,23.8,4939,78,1.04,3.5,75,153998.02,36449.82,4648,4939
P03104,Beverages,Product 3104,Brand A,16.63,14.65,2964,92,2.6,4.9,18,49291.32,5868.72,813,1102
P03105,Frozen,Product 3105,Brand A,35.09,26.01,3652,47,1.54,2.5,11,128148.68,33160.16,185,320
P03106,Dairy,Product 3106,Brand A,37.16,7.49,1783,38,2.48,3.8,46,66256.28,52901.61,1678,1783
P03107,Bakery,Product 3107,Brand E,22.02,39.47,3225,21,0.99,2.5,93,71014.5,-56276.25,2116,2343
P03108,Beverages,Product 3108,Brand C,37.56,14.89,4025,28,2.58,3.7,68,151179.0,91246.75,3586,4025
P03109,Produce,Product 3109,Brand B,32.81,19.51,3904,18,2.59,3.0,90,128090.24,51923.2,3527,3904
P03110,Frozen,Product 3110,Brand A,13.26,24.73,4245,91,2.32,4.7,67,56288.7,-48690.15,3814,4245
P03111,Snacks,Product 3111,Brand A,31.96,4.52,5029,38,3.0,4.7,98,160726.84,137995.76,4839,5029
P03112,Beverages,Product 3112,Brand C,44.88,34.16,1566,12,1.35,4.4,92,70282.08,16787.52,1371,1566
P03113,Beverages,Product 3113,Brand E,20.02,8.1,3977,96,3.76,4.1,17,79619.54,47405.84,3913,3977
P03114,Dairy,Product 3114,Brand C,37.78,30.89,4188,39,4.58,4.4,61,158222.64,28855.32,1724,2101
P03115,Bakery,Product 3115,Brand A,35.48,15.07,2679,67,0.7,4.7,84,95050.92,54678.39,2508,2679
P03116,Snacks,Product 3116,Brand A,1.71,31.01,4963,97,4.47,3.2,86,8486.73,-145415.9,4945,4963
P03117,Bakery,Product 3117,Brand D,23.72,11.3,3403,62,4.69,3.2,86,80719.16,42265.26,2951,3210
P03118,Bakery,Product 3118,Brand E,31.75,21.52,2992,13,2.89,4.1,82,94996.0,30608.16,1497,1812
P03119,Frozen,Product 3119,Brand E,35.09,39.3,4678,66,3.11,3.5,78,164151.02,-19694.38,2065,2437
P03120,Snacks,Product 3120,Brand C,20.07,2.91,4446,63,4.81,4.4,91,89231.22,76293.36,4256,4446
P03121,Beverages,Product 3121,Brand C,43.56,7.25,3636,37,3.62,4.2,61,158384.16,132023.16,3341,3636
P03122,Frozen,Product 3122,Brand E,3.82,11.5,2760,25,2.45,4.5,87,10543.2,-21196.8,1630,2105
P03123,Dairy,Product 3123,Brand A,4.57,8.1,1550,22,1.54,3.0,43,7083.5,-5471.5,874,1194
P03124,Bakery,Product 3124,Brand C,42.92,34.06,3018,81,1.28,4.3,95,129532.56,26739.48,2561,3018
P03125,Dairy,Product 3125,Brand E,47.07,19.51,1916,65,4.34,3.1,57,90186.12,52804.96,215,468
P03126,Snacks,Product 3126,Brand C,30.97,32.08,1998,62,0.99,4.2,33,61878.06,-2217.78,1449,1530
P03127,Beverages,Product 3127,Brand D,17.1,35.92,3951,57,3.08,4.0,22,67562.1,-74357.82,2845,2905
P03128,Bakery,Product 3128,Brand C,35.1,24.73,3558,34,1.47,4.0,59,124885.8,36896.46,3343,3448
P03129,Beverages,Product 3129,Brand B,19.92,14.84,3373,75,3.85,3.1,74,67190.16,17134.84,2947,3373
P03130,Snacks,Product 3130,Brand E,16.68,23.8,4172,39,4.96,4.5,80,69588.96,-29704.64,726,1091
P03131,Snacks,Product 3131,Brand C,29.6,25.52,4979,12,0.91,4.0,13,147378.4,20314.32,4718,4979
P03132,Snacks,Product 3132,Brand C,3.82,11.3,2650,32,4.28,3.1,73,10123.0,-19822.0,1739,1994
P03133,Dairy,Product 3133,Brand D,5.47,30.89,2368,38,0.74,4.0,83,12952.96,-60194.56,2322,2368
P03134,Bakery,Product 3134,Brand D,35.35,38.79,4731,50,4.69,2.6,48,167240.85,-16274.64,3045,3177
P03135,Beverages,Product 3135,Brand D,48.17,35.86,4955,20,4.39,3.4,72,238682.35,60996.05,2521,2535
P03136,Dairy,Product 3136,Brand C,47.55,24.73,5304,30,3.15,4.3,67,252205.2,121037.28,4827,5304
P03137,Beverages,Product 3137,Brand E,20.07,18.77,4068,33,1.28,3.7,25,81644.76,5288.4,336,603
P03138,Snacks,Product 3138,Brand A,29.1,21.72,3601,74,3.81,2.9,93,104789.1,26575.38,3157,3601
P03139,Produce,Product 3139,Brand A,26.86,7.17,4804,10,0.8,4.0,71,129035.44,94590.76,1067,1089
P03140,Snacks,Product 3140,Brand B,1.89,4.0,4744,63,2.63,4.4,19,8966.16,-10009.84,4638,4744
P03141,Frozen,Product 3141,Brand E,16.68,3.73,2983,81,2.48,3.5,71,49756.44,38629.85,2931,2936
P03142,Frozen,Product 3142,Brand B,36.58,23.05,4208,43,1.67,3.5,42,153928.64,56934.24,4027,4208
P03143,Bakery,Product 3143,Brand A,1.6,14.57,1515,89,1.67,4.0,80,2424.0,-19649.55,1119,1515
P03144,Frozen,Product 3144,Brand C,5.79,6.92,4078,77,3.4,2.6,51,23611.62,-4608.14,2106,2255
P03145,Beverages,Product 3145,Brand D,39.79,10.08,3328,92,2.85,2.7,53,132421.12,98874.88,2993,3328
P03146,Snacks,Product 3146,Brand A,42.97,7.49,3813,38,2.45,3.7,55,163844.61,135285.24,1662,1942
P03147,Dairy,Product 3147,Brand E,2.14,34.71,2851,12,1.84,3.8,95,6101.14,-92857.07,941,954
P03148,Produce,Product 3148,Brand D,15.0,24.43,5182,20,0.5,4.5,90,77730.0,-48866.26,4830,5182
P03149,Dairy,Product 3149,Brand D,2.14,8.91,2329,17,0.72,4.7,82,4984.06,-15767.33,2303,2329
P03150,Bakery,Product 3150,Brand B,35.21,8.85,1047,71,3.97,3.1,83,36864.87,27598.92,912,952
P03151,Frozen,Product 3151,Brand A,42.92,39.21,4281,42,4.81,3.9,40,183740.52,15882.51,3999,4281
P03152,Produce,Product 3152,Brand A,20.02,38.19,4345,17,1.06,4.6,14,86986.9,-78948.65,3861,4345
P03153,Beverages,Product 3153,Brand E,29.1,24.92,3726,34,2.9,4.0,27,108426.6,15574.68,3297,3726
P03154,Bakery,Product 3154,Brand B,43.56,17.55,2095,97,1.06,3.3,15,91258.2,54490.95,1809,2095
P03155,Bakery,Product 3155,Brand B,37.79,17.78,2747,35,3.17,4.6,59,103809.13,54967.47,1164,1228
P03156,Beverages,Product 3156,Brand C,23.45,31.67,4492,35,4.39,3.7,37,105337.4,-36924.24,4381,4492
P03157,Snacks,Product 3157,Brand C,19.34,21.05,2937,26,1.28,4.4,33,56801.58,-5022.27,2608,2937
P03158,Bakery,Product 3158,Brand A,3.25,30.03,2626,38,4.96,4.0,78,8534.5,-70324.28,1818,1906
P03159,Beverages,Product 3159,Brand B,5.12,30.33,3965,52,1.67,3.5,37,20300.8,-99957.65,3432,3556
P03160,Snacks,Product 3160,Brand C,45.36,10.08,3115,82,1.33,4.3,67,141296.4,109897.2,2693,3115
P03161,Produce,Product 3161,Brand D,3.0,29.17,4479,87,1.37,3.7,76,13437.0,-117215.43,1572,1718
P03162,Dairy,Product 3162,Brand A,31.18,14.89,2447,14,1.02,4.0,27,76297.46,39861.63,798,1191
P03163,Beverages,Product 3163,Brand D,31.96,11.9,2271,59,3.43,4.0,13,72581.16,45556.26,1044,1258
P03164,Snacks,Product 3164,Brand D,5.47,9.53,1832,65,2.2,2.7,58,10021.04,-7437.92,236,676
P03165,Dairy,Product 3165,Brand D,4.84,37.21,4048,72,2.31,4.3,41,19592.32,-131033.76,1325,1453
P03166,Frozen,Product 3166,Brand A,35.09,39.47,3096,66,3.15,3.9,92,108638.64,-13560.48,2802,3096
P03167,Produce,Product 3167,Brand A,15.37,2.11,4965,54,0.52,3.9,75,76312.05,65835.9,4816,4965
P03168,Beverages,Product 3168,Brand B,44.5,35.13,4597,46,1.66,4.2,67,204566.5,43073.89,2304,2631
P03169,Beverages,Product 3169,Brand C,33.35,22.44,3566,81,3.87,3.4,20,118926.1,38905.06,3426,3566
P03170,Snacks,Product 3170,Brand E,48.2,4.52,2620,88,1.72,3.5,74,126284.0,114441.6,2328,2620
P03171,Bakery,Product 3171,Brand A,45.41,29.17,2678,45,4.39,4.6,26,121607.98,43490.72,2556,2678
P03172,Beverages,Product 3172,Brand D,22.26,23.95,3913,42,1.08,4.6,89,87103.38,-6612.97,3902,3913
P03173,Bakery,Product 3173,Brand E,32.12,23.68,3583,15,1.57,3.8,75,115085.96,30240.52,3199,3583
P03174,Dairy,Product 3174,Brand B,44.5,26.91,4285,85,4.96,4.2,13,190682.5,75373.15,3834,4285
P03175,Produce,Product 3175,Brand E,35.48,14.15,5090,80,0.75,4.6,41,180593.2,108569.7,4807,5090
P03176,Beverages,Product 3176,Brand D,45.41,6.44,1890,54,0.84,3.8,80,85824.9,73653.3,1638,1890
P03177,Frozen,Product 3177,Brand D,20.02,30.03,3411,16,2.32,4.5,38,68288.22,-34144.11,1668,2115
P03178,Frozen,Product 3178,Brand E,25.65,36.48,3825,74,4.08,4.0,70,98111.25,-41424.75,3370,3825
P03179,Produce,Product 3179,Brand B,20.02,17.3,4612,33,1.31,5.0,69,92332.24,12544.64,4264,4458
P03180,Frozen,Product 3180,Brand D,41.5,24.92,3380,54,3.07,3.0,82,140270.0,56040.4,701,1031
P03181,Snacks,Product 3181,Brand D,29.2,11.5,2359,70,2.56,3.5,67,68882.8,41754.3,2164,2359
P03182,Frozen,Product 3182,Brand C,48.2,7.25,4087,28,0.7,4.2,62,196993.4,167362.65,4006,4087
P03183,Dairy,Product 3183,Brand D,3.76,6.54,1411,41,0.74,3.0,14,5305.36,-3922.58,645,752
P03184,Produce,Product 3184,Brand E,48.1,16.71,836,39,4.96,4.7,70,40211.6,26242.04,283,604
P03185,Frozen,Product 3185,Brand A,47.13,35.68,1355,74,3.89,3.9,30,63861.15,15514.75,937,1355
P03186,Snacks,Product 3186,Brand D,40.37,1.07,2453,41,2.66,4.0,67,99027.61,96402.9,1992,2453
P03187,Bakery,Product 3187,Brand A,22.97,16.71,1812,66,4.96,3.9,90,41621.64,11343.12,1488,1694
P03188,Bakery,Product 3188,Brand A,31.96,33.76,2250,29,0.99,2.9,23,71910.0,-4050.0,2041,2250
P03189,Dairy,Product 3189,Brand D,47.13,10.7,2260,94,4.28,4.5,88,106513.8,82331.8,1557,1684
P03190,Produce,Product 3190,Brand C,43.06,31.01,3404,92,4.1,3.7,94,146576.24,41018.2,3370,3404
P03191,Beverages,Product 3191,Brand C,9.69,37.1,2964,39,1.08,4.3,63,28721.16,-81243.24,2900,2964
P03192,Produce,Product 3192,Brand B,21.56,34.16,3420,96,3.79,2.7,87,73735.2,-43092.0,3403,3420
P03193,Dairy,Product 3193,Brand D,35.09,26.91,3305,68,2.14,4.6,50,115972.45,27034.9,2870,3305
P03194,Beverages,Product 3194,Brand C,25.23,34.66,2366,99,3.63,4.2,25,59694.18,-22311.38,1553,1802
P03195,Produce,Product 3195,Brand B,33.28,22.44,3840,71,4.96,3.0,60,127795.2,41625.6,3735,3840
P03196,Snacks,Product 3196,Brand D,17.1,16.71,4402,76,3.79,3.7,10,75274.2,1716.78,3386,3826
P03197,Dairy,Product 3197,Brand E,24.23,30.88,4755,40,3.69,4.0,49,115213.65,-31620.75,1272,1617
P03198,Beverages,Product 3198,Brand D,1.56,14.57,1919,75,2.85,4.5,27,2993.64,-24966.19,1811,1919
P03199,Snacks,Product 3199,Brand D,3.0,23.97,1102,63,2.65,3.3,43,3306.0,-23108.94,880,1102
P03200,Dairy,Product 3200,Brand D,27.93,30.03,1304,19,3.48,2.8,99,36420.72,-2738.4,1128,1304
P03201,Snacks,Product 3201,Brand A,25.76,23.8,5051,47,3.2,3.7,70,130113.76,9899.96,4823,5051
P03202,Dairy,Product 3202,Brand E,5.94,28.68,4760,92,1.37,4.9,30,28274.4,-108242.4,2350,2540
P03203,Produce,Product 3203,Brand A,16.63,39.5,4689,40,3.08,4.9,10,77978.07,-107237.43,4249,4689
P03204,Produce,Product 3204,Brand D,35.61,6.54,4878,38,2.45,2.9,36,173705.58,141803.46,4483,4878
P03205,Dairy,Product 3205,Brand B,29.6,20.55,4844,34,2.29,3.4,60,143382.4,43838.2,3769,3982
P03206,Produce,Product 3206,Brand B,37.16,15.4,4509,41,1.73,4.1,20,167554.44,98115.84,1168,1572
P03207,Frozen,Product 3207,Brand D,5.63,14.35,3142,26,1.37,3.3,23,17689.46,-27398.24,383,604
P03208,Frozen,Product 3208,Brand C,29.7,24.44,2071,54,3.89,4.0,64,61508.7,10893.46,932,1256
P03209,Produce,Product 3209,Brand B,44.67,10.69,4939,58,4.19,4.5,36,220625.13,167827.22,4777,4939
P03210,Dairy,Product 3210,Brand E,47.58,11.44,3886,96,2.92,5.0,31,184895.88,140440.04,3588,3886
P03211,Beverages,Product 3211,Brand D,28.36,1.29,4892,27,2.84,3.1,30,138737.12,132426.44,4467,4892
P03212,Dairy,Product 3212,Brand D,21.79,7.25,3561,84,3.41,3.4,33,77594.19,51776.94,3312,3561
P03213,Snacks,Product 3213,Brand D,4.84,8.85,1206,61,4.92,2.7,28,5837.04,-4836.06,1016,1206
P03214,Beverages,Product 3214,Brand D,48.15,34.56,1071,29,3.9,4.4,33,51568.65,14554.89,670,1071
P03215,Beverages,Product 3215,Brand C,44.62,14.35,3541,71,4.83,4.6,35,157999.42,107186.07,2899,2911
P03216,Bakery,Product 3216,Brand C,1.56,21.52,3347,22,4.98,4.7,34,5221.32,-66806.12,2194,2262
P03217,Beverages,Product 3217,Brand D,38.31,9.99,3379,97,0.71,4.0,54,129449.49,95693.28,3338,3379
P03218,Dairy,Product 3218,Brand D,16.65,15.07,5065,52,4.19,3.7,38,84332.25,8002.7,4667,5065
P03219,Produce,Product 3219,Brand A,35.35,13.22,3366,93,4.8,3.3,83,118988.1,74489.58,720,980
P03220,Dairy,Product 3220,Brand A,48.52,11.14,4998,30,2.65,2.5,20,242502.96,186825.24,4872,4998
P03221,Produce,Product 3221,Brand A,10.22,32.08,1226,15,1.35,4.4,33,12529.72,-26800.36,870,1096
P03222,Produce,Product 3222,Brand C,21.79,24.92,5103,80,3.81,4.4,33,111194.37,-15972.39,4893,5103
P03223,Beverages,Product 3223,Brand B,5.94,29.94,3780,62,2.66,4.4,21,22453.2,-90720.0,3447,3780
P03224,Bakery,Product 3224,Brand D,48.5,8.77,3339,96,3.51,4.6,16,161941.5,132658.47,1714,2044
P03225,Frozen,Product 3225,Brand B,10.59,1.29,1502,61,4.54,3.2,49,15906.18,13968.6,164,562
P03226,Snacks,Product 3226,Brand A,49.31,23.97,4811,78,3.8,4.2,90,237230.41,121910.74,3798,4063
P03227,Bakery,Product 3227,Brand A,32.48,19.94,3910,95,4.53,3.7,79,126996.8,49031.4,301,472
P03228,Frozen,Product 3228,Brand E,8.01,11.76,4741,18,1.22,3.6,85,37975.41,-17778.75,4337,4741
P03229,Produce,Product 3229,Brand B,45.36,11.71,3270,83,0.54,3.8,88,148327.2,110035.5,3269,3270
P03230,Produce,Product 3230,Brand C,48.1,34.71,3328,55,2.82,4.2,32,160076.8,44561.92,2964,3328
P03231,Bakery,Product 3231,Brand A,5.94,1.29,1696,84,1.02,4.6,80,10074.24,7886.4,1257,1606
P03232,Beverages,Product 3232,Brand C,10.22,21.52,3213,80,1.75,4.0,47,32836.86,-36306.9,2409,2618
P03233,Frozen,Product 3233,Brand B,47.13,14.35,4812,39,0.7,3.2,40,226789.56,157737.36,201,442
P03234,Produce,Product 3234,Brand E,44.0,25.07,1490,52,4.57,2.9,38,65560.0,28205.7,476,548
P03235,Bakery,Product 3235,Brand B,34.47,1.07,4493,68,1.77,4.6,53,154873.71,150066.2,305,578
P03236,Produce,Product 3236,Brand E,15.37,4.73,4910,47,2.48,2.8,37,75466.7,52242.4,3824,4293
P03237,Dairy,Product 3237,Brand C,49.66,1.07,5045,43,3.3,4.8,85,250534.7,245136.55,4956,5045
P03238,Beverages,Product 3238,Brand E,4.46,11.14,4328,55,0.88,4.3,77,19302.88,-28911.04,2157,2177
P03239,Produce,Product 3239,Brand E,33.95,5.27,4078,41,3.0,3.1,30,138448.1,116957.04,3763,4078
P03240,Produce,Product 3240,Brand C,44.5,1.54,2207,25,4.28,4.3,18,98211.5,94812.72,1734,2207
P03241,Dairy,Product 3241,Brand E,6.74,2.29,4046,48,2.26,3.6,58,27270.04,18004.7,1160,1629
P03242,Bakery,Product 3242,Brand D,45.36,10.27,3064,10,1.04,3.5,46,138983.04,107515.76,2923,3064
P03243,Frozen,Product 3243,Brand E,31.29,37.21,1366,66,4.05,3.2,30,42742.14,-8086.72,989,1366
P03244,Dairy,Product 3244,Brand D,26.63,22.66,1995,96,4.83,3.4,69,53126.85,7920.15,1662,1995
P03245,Produce,Product 3245,Brand C,47.79,14.65,3470,29,5.0,4.6,32,165831.3,114995.8,3295,3470
P03246,Produce,Product 3246,Brand B,6.82,3.73,4648,91,1.35,4.6,97,31699.36,14362.32,4598,4648
P03247,Frozen,Product 3247,Brand D,19.37,36.21,4337,91,4.83,4.0,19,84007.69,-73035.08,910,1004
P03248,Bakery,Product 3248,Brand A,40.91,32.52,1619,51,3.15,2.9,79,66233.29,13583.41,1158,1619
P03249,Produce,Product 3249,Brand D,6.45,34.69,3157,94,2.82,3.4,30,20362.65,-89153.68,1360,1528
P03250,Bakery,Product 3250,Brand C,43.06,4.52,3037,81,2.65,4.9,38,130773.22,117045.98,2646,3037
P03251,Bakery,Product 3251,Brand A,6.76,24.44,666,43,2.23,2.7,68,4502.16,-11774.88,611,666
P03252,Frozen,Product 3252,Brand C,3.11,2.73,1997,59,2.23,4.0,49,6210.67,758.86,1946,1997
P03253,Dairy,Product 3253,Brand C,34.47,35.01,5002,20,3.82,3.1,30,172418.94,-2701.08,4512,5002
P03254,Snacks,Product 3254,Brand B,45.36,19.51,4830,52,2.89,4.6,95,219088.8,124855.5,4498,4830
P03255,Frozen,Product 3255,Brand D,33.28,38.79,1726,19,4.28,2.7,72,57441.28,-9510.26,1225,1611
P03256,Dairy,Product 3256,Brand E,16.68,22.66,4030,17,1.53,4.6,55,67220.4,-24099.4,3760,4030
P03257,Bakery,Product 3257,Brand B,27.27,3.73,4966,81,3.3,4.0,14,135422.82,116899.64,4277,4639
P03258,Frozen,Product 3258,Brand C,23.33,4.73,4181,28,4.92,3.9,24,97542.73,77766.6,757,902
P03259,Produce,Product 3259,Brand D,22.97,7.17,2984,74,3.37,3.5,92,68542.48,47147.2,152,229
P03260,Dairy,Product 3260,Brand A,1.71,14.84,4669,64,0.66,4.1,89,7983.99,-61303.97,4540,4669
P03261,Dairy,Product 3261,Brand E,41.96,8.77,1583,61,0.58,4.6,49,66422.68,52539.77,1208,1583
P03262,Bakery,Product 3262,Brand E,26.63,3.67,3484,12,4.53,3.9,96,92778.92,79992.64,1086,1197
P03263,Frozen,Product 3263,Brand A,37.02,30.33,4837,62,1.91,3.5,13,179065.74,32359.53,4836,4837
P03264,Beverages,Product 3264,Brand A,19.36,31.45,1895,53,0.54,3.5,94,36687.2,-22910.55,310,677
P03265,Snacks,Product 3265,Brand B,44.67,31.67,3551,57,2.59,3.7,33,158623.17,46163.0,875,901
P03266,Bakery,Product 3266,Brand A,31.29,17.3,1591,63,4.08,4.5,51,49782.39,22258.09,1014,1130
P03267,Frozen,Product 3267,Brand C,37.97,36.48,4873,25,2.42,3.9,35,185027.81,7260.77,4378,4873
P03268,Bakery,Product 3268,Brand B,31.82,35.86,2994,39,1.98,3.3,75,95269.08,-12095.76,605,779
P03269,Frozen,Product 3269,Brand A,2.3,22.3,4344,37,3.37,3.5,17,9991.2,-86880.0,3398,3411
P03270,Dairy,Product 3270,Brand D,35.48,3.5,1991,25,4.83,4.8,82,70640.68,63672.18,1957,1991
P03271,Produce,Product 3271,Brand A,4.46,16.16,4606,60,4.69,4.2,75,20542.76,-53890.2,4288,4606
P03272,Dairy,Product 3272,Brand A,29.59,3.93,4757,42,4.48,3.4,87,140759.63,122064.62,4525,4757
P03273,Snacks,Product 3273,Brand E,14.82,38.81,3622,34,2.83,3.8,29,53678.04,-86891.78,2337,2410
P03274,Bakery,Product 3274,Brand E,4.49,4.93,4386,27,4.69,4.0,75,19693.14,-1929.84,3013,3064
P03275,Produce,Product 3275,Brand C,35.09,34.66,3312,35,4.98,4.3,77,116218.08,1424.16,3101,3312
P03276,Snacks,Product 3276,Brand B,21.56,2.73,575,15,4.22,4.9,64,12397.0,10827.25,360,575
P03277,Snacks,Product 3277,Brand D,14.59,24.43,971,47,4.28,2.9,87,14166.89,-9554.64,809,850
P03278,Dairy,Product 3278,Brand E,27.74,37.34,2362,53,1.84,4.9,94,65521.88,-22675.2,2051,2362
P03279,Bakery,Product 3279,Brand D,1.56,25.52,3248,76,2.42,4.5,88,5066.88,-77822.08,2470,2882
P03280,Dairy,Product 3280,Brand B,5.79,14.89,4613,52,3.72,4.6,48,26709.27,-41978.3,187,281
P03281,Beverages,Product 3281,Brand D,6.76,8.85,3678,15,1.64,4.7,59,24863.28,-7687.02,3489,3678
P03282,Beverages,Product 3282,Brand A,22.02,5.98,4903,87,4.44,4.3,29,107964.06,78644.12,3394,3529
P03283,Beverages,Product 3283,Brand A,48.17,16.89,3525,73,1.75,2.9,79,169799.25,110262.0,2834,3040
P03284,Frozen,Product 3284,Brand D,31.75,30.06,2358,91,1.25,2.5,37,74866.5,3985.02,2356,2358
P03285,Snacks,Product 3285,Brand E,22.26,10.69,2548,89,0.54,4.1,52,56718.48,29480.36,1172,1376
P03286,Snacks,Product 3286,Brand A,35.35,7.87,4198,97,2.86,4.6,75,148399.3,115361.04,3707,4198
P03287,Beverages,Product 3287,Brand C,10.59,21.05,4262,22,4.39,4.9,37,45134.58,-44580.52,4021,4262
P03288,Dairy,Product 3288,Brand A,19.16,11.14,3327,74,2.6,4.3,87,63745.32,26682.54,3069,3327
P03289,Beverages,Product 3289,Brand D,10.22,1.64,3138,47,3.3,4.3,82,32070.36,26924.04,2410,2566
P03290,Dairy,Product 3290,Brand A,25.14,18.64,4697,73,0.54,2.7,32,118082.58,30530.5,3377,3431
P03291,Bakery,Product 3291,Brand B,26.86,39.47,4328,23,2.26,3.8,44,116250.08,-54576.08,3852,4328
P03292,Produce,Product 3292,Brand A,40.83,5.98,4128,26,2.01,3.9,31,168546.24,143860.8,3668,4128
P03293,Produce,Product 3293,Brand E,1.89,39.5,4163,86,4.2,3.6,14,7868.07,-156570.43,4069,4163
P03294,Beverages,Product 3294,Brand C,32.52,3.93,3224,22,4.48,4.1,69,104844.48,92174.16,2817,3131
P03295,Snacks,Product 3295,Brand E,3.23,38.19,2019,82,4.46,3.9,50,6521.37,-70584.24,1588,2019
P03296,Frozen,Product 3296,Brand B,23.27,3.73,1819,15,1.64,2.9,38,42328.13,35543.26,1758,1819
P03297,Beverages,Product 3297,Brand C,10.59,32.52,4484,15,4.2,4.9,44,47485.56,-98334.12,2167,2527
P03298,Bakery,Product 3298,Brand A,5.94,18.64,3510,46,2.63,4.7,77,20849.4,-44577.0,2715,2883
P03299,Bakery,Product 3299,Brand D,41.96,19.94,4111,66,4.59,4.0,54,172497.56,90524.22,3117,3587
P03300,Dairy,Product 3300,Brand C,5.94,4.52,1505,62,0.73,3.2,18,8939.7,2137.1,1231,1505
P03301,Snacks,Product 3301,Brand D,44.67,34.56,4761,55,3.43,3.7,60,212673.87,48133.71,2287,2685
P03302,Bakery,Product 3302,Brand C,16.63,15.55,4937,87,0.82,3.0,23,82102.31,5331.96,370,395
P03303,Beverages,Product 3303,Brand C,39.96,19.51,3263,13,3.69,4.0,78,130389.48,66728.35,1696,2090
P03304,Beverages,Product 3304,Brand B,9.49,15.13,4158,43,1.72,4.5,65,39459.42,-23451.12,3626,3982
P03305,Bakery,Product 3305,Brand B,20.53,23.8,4527,75,3.37,3.0,20,92939.31,-14803.29,4479,4527
P03306,Bakery,Product 3306,Brand A,6.69,14.89,2271,72,2.59,3.5,39,15192.99,-18622.2,465,897
P03307,Dairy,Product 3307,Brand B,31.75,30.88,2820,70,2.32,3.4,48,89535.0,2453.4,2631,2820
P03308,Produce,Product 3308,Brand A,39.96,25.3,3661,90,3.4,3.2,33,146293.56,53670.26,102,155
P03309,Beverages,Product 3309,Brand C,3.0,6.85,3392,51,3.02,3.5,89,10176.0,-13059.2,3151,3392
P03310,Frozen,Product 3310,Brand B,6.82,11.9,1970,87,1.73,4.4,67,13435.4,-10007.6,883,1276
P03311,Frozen,Product 3311,Brand A,14.72,29.17,2706,73,2.31,3.5,39,39832.32,-39101.7,2311,2706
P03312,Dairy,Product 3312,Brand C,22.63,38.79,4610,26,4.59,5.0,33,104324.3,-74497.6,4583,4610
P03313,Dairy,Product 3313,Brand E,29.63,13.22,4918,70,1.02,4.5,76,145720.34,80704.38,1132,1191
P03314,Produce,Product 3314,Brand C,3.23,6.5,2345,39,0.99,3.8,38,7574.35,-7668.15,2159,2345
P03315,Beverages,Product 3315,Brand E,43.06,22.44,4410,52,4.53,3.9,51,189894.6,90934.2,4269,4410
P03316,Beverages,Product 3316,Brand C,28.36,16.71,2356,16,2.17,3.1,85,66816.16,27447.4,337,786
P03317,Bakery,Product 3317,Brand C,25.76,27.03,4470,82,4.54,2.9,71,115147.2,-5676.9,3983,4470
P03318,Frozen,Product 3318,Brand E,29.7,13.8,3674,55,2.82,2.7,36,109117.8,58416.6,3279,3674
P03319,Bakery,Product 3319,Brand D,47.57,30.33,2142,32,1.02,4.9,38,101894.94,36928.08,2085,2142
P03320,Dairy,Product 3320,Brand A,48.1,24.43,4788,45,2.48,3.7,75,230302.8,113331.96,1562,1757
P03321,Dairy,Product 3321,Brand D,37.78,21.72,2178,23,3.76,2.9,66,82284.84,34978.68,971,1421
P03322,Produce,Product 3322,Brand D,4.62,22.44,3488,29,3.41,3.6,70,16114.56,-62156.16,1321,1687
P03323,Dairy,Product 3323,Brand D,47.79,32.64,2226,65,1.91,3.1,38,106380.54,33723.9,1766,1872
P03324,Dairy,Product 3324,Brand B,23.45,13.22,4557,90,4.08,4.6,66,106861.65,46618.11,3536,3816
P03325,Frozen,Product 3325,Brand A,20.07,19.22,3558,41,3.15,4.9,82,71409.06,3024.3,1756,2224
P03326,Snacks,Product 3326,Brand D,49.35,20.8,4760,34,0.91,3.8,64,234906.0,135898.0,1231,1664
P03327,Bakery,Product 3327,Brand D,31.67,18.3,3130,58,2.71,4.4,53,99127.1,41848.1,2071,2239
P03328,Frozen,Product 3328,Brand D,32.81,39.21,1245,66,4.57,4.8,37,40848.45,-7968.0,910,1245
P03329,Bakery,Product 3329,Brand B,14.81,7.89,779,36,4.33,3.6,46,11536.99,5390.68,155,401
P03330,Produce,Product 3330,Brand A,27.91,14.26,4077,36,2.56,4.5,32,113789.07,55651.05,3623,4077
P03331,Snacks,Product 3331,Brand B,47.79,23.08,3102,55,3.82,4.9,86,148244.58,76650.42,2762,3102
P03332,Bakery,Product 3332,Brand E,3.23,22.66,3593,54,2.4,2.9,78,11605.39,-69811.99,3379,3593
P03333,Snacks,Product 3333,Brand A,37.92,23.05,1635,35,3.92,4.0,67,61999.2,24312.45,1633,1635
P03334,Snacks,Product 3334,Brand A,25.09,20.71,4549,23,2.26,4.9,88,114134.41,19924.62,4111,4549
P03335,Snacks,Product 3335,Brand E,30.97,38.02,1432,57,3.51,3.5,97,44349.04,-10095.6,1033,1432
P03336,Bakery,Product 3336,Brand C,3.25,39.47,1391,94,0.54,3.8,41,4520.75,-50382.02,762,1066
P03337,Beverages,Product 3337,Brand E,47.42,5.79,4299,24,0.88,4.4,94,203858.58,178967.37,3945,4299
P03338,Bakery,Product 3338,Brand A,35.1,5.98,3362,98,1.91,3.4,78,118006.2,97901.44,3123,3305
P03339,Dairy,Product 3339,Brand E,47.57,7.35,3170,60,3.85,3.8,45,150796.9,127497.4,2777,3079
P03340,Snacks,Product 3340,Brand A,31.84,27.32,3137,63,2.42,4.0,41,99882.08,14179.24,243,684
P03341,Frozen,Product 3341,Brand C,48.17,32.99,3558,20,0.58,3.6,68,171388.86,54010.44,3375,3558
P03342,Bakery,Product 3342,Brand C,35.1,27.55,4868,84,4.83,2.5,69,170866.8,36753.4,4424,4868
P03343,Frozen,Product 3343,Brand C,37.97,28.31,1722,37,0.67,3.0,96,65384.34,16634.52,339,434
P03344,Produce,Product 3344,Brand A,31.84,2.29,2518,64,0.66,3.6,89,80173.12,74406.9,2104,2518
P03345,Beverages,Product 3345,Brand D,41.5,32.99,4025,78,0.8,4.9,83,167037.5,34252.75,3869,4025
P03346,Dairy,Product 3346,Brand E,25.09,20.38,4526,81,1.97,4.3,36,113557.34,21317.46,4346,4526
P03347,Frozen,Product 3347,Brand D,32.23,13.29,3593,35,3.79,3.7,33,115802.39,68051.42,3496,3593
P03348,Bakery,Product 3348,Brand A,24.2,35.92,1327,79,0.8,3.4,96,32113.4,-15552.44,902,1327
P03349,Frozen,Product 3349,Brand C,13.14,3.93,4990,41,2.9,4.7,76,65568.6,45957.9,452,821
P03350,Frozen,Product 3350,Brand D,24.23,13.8,3880,57,2.23,3.5,45,94012.4,40468.4,2074,2351
P03351,Produce,Product 3351,Brand C,37.56,35.86,1928,21,3.51,4.7,23,72415.68,3277.6,1233,1471
P03352,Snacks,Product 3352,Brand A,48.52,30.33,5004,79,0.5,3.7,77,242794.08,91022.76,4661,5004
P03353,Dairy,Product 3353,Brand D,47.42,16.16,2979,86,4.47,3.6,53,141264.18,93123.54,1163,1461
P03354,Bakery,Product 3354,Brand D,6.69,30.33,2817,70,3.17,4.0,57,18845.73,-66593.88,1495,1508
P03355,Frozen,Product 3355,Brand B,6.74,5.79,3433,43,1.04,3.5,41,23138.42,3261.35,1648,1949
P03356,Frozen,Product 3356,Brand A,39.96,13.22,3590,96,4.37,3.7,93,143456.4,95996.6,1630,1976
P03357,Beverages,Product 3357,Brand D,21.22,6.92,443,90,4.27,3.9,26,9400.46,6334.9,152,334
P03358,Beverages,Product 3358,Brand D,23.27,7.31,3654,54,0.52,3.9,66,85028.58,58317.84,3251,3654
P03359,Snacks,Product 3359,Brand C,21.79,32.61,3041,69,1.02,4.8,48,66263.39,-32903.62,2886,3041
P03360,Produce,Product 3360,Brand A,6.69,3.73,2668,74,3.17,3.7,41,17848.92,7897.28,1244,1668
P03361,Beverages,Product 3361,Brand B,25.76,27.77,2463,80,3.8,4.9,77,63446.88,-4950.63,2212,2463
P03362,Bakery,Product 3362,Brand B,16.63,15.13,2906,22,2.71,3.1,97,48326.78,4359.0,395,786
P03363,Beverages,Product 3363,Brand A,19.36,18.17,3370,87,1.98,3.2,11,65243.2,4010.3,3089,3370
P03364,Beverages,Product 3364,Brand D,4.81,18.77,5019,90,3.02,2.6,87,24141.39,-70065.24,4842,5019
P03365,Produce,Product 3365,Brand C,37.97,7.68,4719,57,0.84,3.1,51,179180.43,142938.51,1680,2040
P03366,Snacks,Product 3366,Brand A,44.67,39.5,2945,58,1.35,4.0,47,131553.15,15225.65,2525,2945
P03367,Beverages,Product 3367,Brand D,32.23,22.44,2798,67,4.47,3.4,64,90179.54,27392.42,2727,2798
P03368,Frozen,Product 3368,Brand D,26.86,32.61,5280,98,2.84,4.9,64,141820.8,-30360.0,4905,5280
P03369,Beverages,Product 3369,Brand A,29.2,10.08,4346,82,0.8,3.9,43,126903.2,83095.52,4262,4346
P03370,Dairy,Product 3370,Brand C,4.84,15.4,2967,79,2.29,4.8,55,14360.28,-31331.52,1693,2101
P03371,Dairy,Product 3371,Brand E,16.82,24.44,3311,70,2.85,3.1,52,55691.02,-25229.82,609,798
P03372,Beverages,Product 3372,Brand B,35.14,21.22,2843,35,3.15,3.5,11,99903.02,39574.56,1991,2083
P03373,Snacks,Product 3373,Brand B,15.37,34.66,3136,48,1.08,3.6,45,48200.32,-60493.44,1561,1930
P03374,Produce,Product 3374,Brand D,4.84,19.94,3861,67,4.53,3.1,79,18687.24,-58301.1,2099,2168
P03375,Produce,Product 3375,Brand D,49.66,30.06,4020,36,2.83,4.6,45,199633.2,78792.0,2070,2378
P03376,Beverages,Product 3376,Brand D,28.16,25.81,3401,49,3.41,4.4,31,95772.16,7992.35,1651,1815
P03377,Produce,Product 3377,Brand A,3.11,27.77,4430,40,0.75,4.2,78,13777.3,-109243.8,3951,4430
P03378,Beverages,Product 3378,Brand B,21.79,24.92,4193,12,3.8,4.0,47,91365.47,-13124.09,201,380
P03379,Beverages,Product 3379,Brand D,44.88,1.95,1632,97,3.79,4.3,63,73244.16,70061.76,1560,1593
P03380,Dairy,Product 3380,Brand E,23.45,7.17,3226,24,3.85,2.7,31,75649.7,52519.28,2946,2999
P03381,Produce,Product 3381,Brand B,37.78,37.82,2466,63,4.37,4.4,84,93165.48,-98.64,833,1049
P03382,Beverages,Product 3382,Brand A,43.56,14.15,3394,79,0.8,3.5,40,147842.64,99817.54,3192,3394
P03383,Beverages,Product 3383,Brand D,33.95,23.08,2572,20,2.71,4.0,62,87319.4,27957.64,2534,2572
P03384,Frozen,Product 3384,Brand D,48.2,15.13,2361,39,0.52,3.9,68,113800.2,78078.27,632,1060
P03385,Frozen,Product 3385,Brand A,14.82,27.55,1279,44,2.14,3.6,95,18954.78,-16281.67,191,688
P03386,Dairy,Product 3386,Brand C,19.23,5.23,2180,52,3.8,4.0,58,41921.4,30520.0,1919,2180
P03387,Frozen,Product 3387,Brand D,21.22,1.54,4675,70,0.52,3.1,36,99203.5,92004.0,1256,1630
P03388,Snacks,Product 3388,Brand C,31.75,16.89,1437,49,1.08,4.9,81,45624.75,21353.82,604,635
P03389,Produce,Product 3389,Brand B,5.47,31.45,5275,96,2.4,3.6,66,28854.25,-137044.5,4882,5275
P03390,Frozen,Product 3390,Brand C,3.76,34.06,2583,51,3.97,4.1,15,9712.08,-78264.9,2295,2583
P03391,Bakery,Product 3391,Brand B,47.42,6.5,4552,51,0.7,3.3,55,215855.84,186267.84,1033,1458
P03392,Bakery,Product 3392,Brand A,23.33,15.55,1360,12,0.67,4.0,34,31728.8,10580.8,1355,1360
P03393,Bakery,Product 3393,Brand D,23.33,39.87,3954,99,3.87,3.5,18,92246.82,-65399.16,983,1162
P03394,Snacks,Product 3394,Brand C,39.96,34.16,4959,87,2.6,3.0,73,198161.64,28762.2,3336,3390
P03395,Produce,Product 3395,Brand B,4.46,21.22,4728,92,0.74,4.6,40,21086.88,-79241.28,4509,4728
P03396,Bakery,Product 3396,Brand D,19.34,23.95,3969,94,2.38,4.2,28,76760.46,-18297.09,2804,3088
P03397,Frozen,Product 3397,Brand B,36.02,7.25,4586,30,4.27,4.3,74,165187.72,131939.22,4159,4586
P03398,Frozen,Product 3398,Brand B,2.14,2.91,4686,82,1.37,3.5,97,10028.04,-3608.22,4418,4686
P03399,Snacks,Product 3399,Brand D,31.29,32.34,5064,86,3.85,2.6,26,158452.56,-5317.2,4611,5064
P03400,Frozen,Product 3400,Brand B,29.7,34.69,4292,62,0.67,4.2,43,127472.4,-21417.08,2209,2409
P03401,Snacks,Product 3401,Brand D,9.49,13.22,5092,53,2.01,2.5,45,48323.08,-18993.16,4819,5092
P03402,Frozen,Product 3402,Brand A,23.72,18.64,2787,55,1.77,3.1,22,66107.64,14157.96,2523,2787
P03403,Bakery,Product 3403,Brand B,25.76,16.22,3227,46,0.7,4.1,68,83127.52,30785.58,2746,2972
P03404,Beverages,Product 3404,Brand C,1.89,10.27,5071,47,4.83,3.1,98,9584.19,-42494.98,4600,5071
P03405,Produce,Product 3405,Brand E,47.42,25.07,1396,97,2.56,4.7,85,66198.32,31200.6,1378,1396
P03406,Bakery,Product 3406,Brand A,31.18,23.05,3055,47,2.92,4.1,30,95254.9,24837.15,489,732
P03407,Dairy,Product 3407,Brand C,13.26,2.05,4324,20,4.7,2.7,74,57336.24,48472.04,1748,1865
P03408,Produce,Product 3408,Brand B,6.05,5.79,2529,54,3.08,2.7,15,15300.45,657.54,865,875
P03409,Bakery,Product 3409,Brand D,33.95,19.01,3522,73,4.98,3.2,20,119571.9,52618.68,447,486
P03410,Dairy,Product 3410,Brand B,6.45,17.55,3714,53,3.41,3.3,89,23955.3,-41225.4,3673,3714
P03411,Dairy,Product 3411,Brand A,42.4,37.34,2840,90,3.08,3.9,31,120416.0,14370.4,1445,1553
P03412,Frozen,Product 3412,Brand E,33.95,1.07,3149,71,3.51,2.8,20,106908.55,103539.12,3105,3149
P03413,Bakery,Product 3413,Brand E,1.71,11.14,2861,99,1.37,4.4,46,4892.31,-26979.23,2664,2861
P03414,Dairy,Product 3414,Brand A,4.4,21.05,1685,70,2.01,4.9,35,7414.0,-28055.25,429,728
P03415,Bakery,Product 3415,Brand C,8.98,35.01,3843,99,3.11,3.2,66,34510.14,-100033.29,3634,3843
P03416,Dairy,Product 3416,Brand C,23.45,1.95,4324,21,4.54,4.0,35,101397.8,92966.0,3893,4324
P03417,Frozen,Product 3417,Brand C,48.82,23.05,4482,91,4.53,3.3,30,218811.24,115501.14,1073,1532
P03418,Dairy,Product 3418,Brand A,20.07,6.5,4264,18,4.24,3.5,66,85578.48,57862.48,1345,1712
P03419,Dairy,Product 3419,Brand C,16.82,2.73,2513,76,5.0,4.8,35,42268.66,35408.17,2337,2513
P03420,Produce,Product 3420,Brand A,18.44,6.85,2994,83,0.7,3.0,24,55209.36,34700.46,2719,2994
P03421,Bakery,Product 3421,Brand B,16.65,35.13,629,11,0.7,3.2,72,10472.85,-11623.92,304,581
P03422,Beverages,Product 3422,Brand B,49.35,7.87,3991,17,0.66,4.0,44,196955.85,165546.68,2359,2595
P03423,Frozen,Product 3423,Brand D,16.17,38.02,4287,52,4.96,4.0,20,69320.79,-93670.95,4284,4287
P03424,Dairy,Product 3424,Brand C,41.5,24.73,3462,27,0.76,3.1,82,143673.0,58057.74,3102,3462
P03425,Bakery,Product 3425,Brand B,16.17,6.44,3141,61,1.08,4.9,96,50789.97,30561.93,462,774
P03426,Produce,Product 3426,Brand C,40.91,19.94,4768,48,4.22,3.0,77,195058.88,99984.96,3542,3925
P03427,Beverages,Product 3427,Brand B,9.49,20.55,858,40,2.26,3.6,98,8142.42,-9489.48,431,858
P03428,Produce,Product 3428,Brand A,40.37,34.06,3453,23,0.82,4.4,95,139397.61,21788.43,3068,3453
P03429,Frozen,Product 3429,Brand C,25.65,20.19,5247,73,2.82,3.6,98,134585.55,28648.62,4903,5247
P03430,Beverages,Product 3430,Brand A,6.74,16.16,1302,53,2.45,4.1,99,8775.48,-12264.84,521,775
P03431,Dairy,Product 3431,Brand E,19.36,25.52,898,69,0.75,2.7,59,17385.28,-5531.68,862,898
P03432,Frozen,Product 3432,Brand E,18.44,7.79,2889,11,1.04,3.7,38,53273.16,30767.85,2883,2889
P03433,Beverages,Product 3433,Brand D,14.27,6.85,3187,41,0.67,4.6,73,45478.49,23647.54,2857,3187
P03434,Frozen,Product 3434,Brand A,27.27,38.19,843,45,0.73,3.8,50,22988.61,-9205.56,348,843
P03435,Frozen,Product 3435,Brand D,43.06,35.68,4134,64,3.02,4.1,35,178010.04,30508.92,3646,4134
P03436,Produce,Product 3436,Brand A,37.02,5.27,884,96,0.54,4.0,37,32725.68,28067.0,582,884
P03437,Bakery,Product 3437,Brand C,49.53,9.53,4057,72,0.9,4.3,93,200943.21,162280.0,3575,4057
P03438,Dairy,Product 3438,Brand C,4.57,15.4,4430,78,4.47,3.3,57,20245.1,-47976.9,3958,4430
P03439,Dairy,Product 3439,Brand A,47.57,16.44,3739,89,2.55,4.1,75,177864.23,116395.07,3332,3739
P03440,Produce,Product 3440,Brand D,5.94,21.54,3543,49,1.98,3.3,32,21045.42,-55270.8,2395,2415
P03441,Bakery,Product 3441,Brand B,29.7,7.79,4951,33,1.64,3.8,48,147044.7,108476.41,4514,4951
P03442,Frozen,Product 3442,Brand A,4.81,36.21,4703,67,2.85,4.4,78,22621.43,-147674.2,3111,3533
P03443,Snacks,Product 3443,Brand C,26.63,19.96,2606,37,0.74,4.6,30,69397.78,17382.02,799,1090
P03444,Bakery,Product 3444,Brand D,39.79,35.13,4888,71,4.6,4.3,95,194493.52,22778.08,4726,4888
P03445,Dairy,Product 3445,Brand C,35.09,35.86,4429,34,4.91,4.0,58,155413.61,-3410.33,4191,4429
P03446,Beverages,Product 3446,Brand C,44.62,14.57,4361,16,3.97,3.3,84,194587.82,131048.05,3927,4361
P03447,Bakery,Product 3447,Brand B,4.57,18.77,2094,47,2.65,3.9,45,9569.58,-29734.8,2047,2094
P03448,Dairy,Product 3448,Brand B,16.65,35.01,4469,80,2.92,3.2,90,74408.85,-82050.84,3961,4253
P03449,Bakery,Product 3449,Brand D,8.98,32.64,2294,95,2.23,3.0,94,20600.12,-54276.04,1467,1483
P03450,Bakery,Product 3450,Brand B,25.09,11.76,4649,95,3.81,4.9,46,116643.41,61971.17,222,693
P03451,Beverages,Product 3451,Brand A,49.35,39.5,3393,54,3.82,2.5,98,167444.55,33421.05,849,957
P03452,Beverages,Product 3452,Brand D,23.27,27.32,4691,41,2.23,4.0,97,109159.57,-18998.55,4514,4691
P03453,Produce,Product 3453,Brand B,46.61,35.01,2115,41,4.34,3.2,51,98580.15,24534.0,1697,1762
P03454,Beverages,Product 3454,Brand A,33.35,35.01,3650,10,3.0,3.8,71,121727.5,-6059.0,685,748
P03455,Snacks,Product 3455,Brand A,2.24,5.27,4270,83,2.51,4.0,94,9564.8,-12938.1,643,951
P03456,Produce,Product 3456,Brand D,21.56,25.52,2373,54,2.01,4.1,15,51161.88,-9397.08,2300,2373
P03457,Frozen,Product 3457,Brand C,25.65,23.68,3715,73,3.63,3.2,94,95289.75,7318.55,2803,3007
P03458,Beverages,Product 3458,Brand E,39.04,11.5,3125,77,1.02,3.9,17,122000.0,86062.5,114,368
P03459,Dairy,Product 3459,Brand C,15.37,39.47,2724,16,2.89,4.0,78,41867.88,-65648.4,1566,1626
P03460,Bakery,Product 3460,Brand E,21.04,9.53,3576,47,3.89,4.3,49,75239.04,41159.76,3475,3576
P03461,Beverages,Product 3461,Brand E,25.76,14.84,400,79,0.78,3.6,19,10304.0,4368.0,344,361
P03462,Snacks,Product 3462,Brand B,44.62,18.3,2909,62,3.41,2.6,40,129799.58,76564.88,2714,2909
P03463,Beverages,Product 3463,Brand C,41.96,30.03,3920,84,4.34,4.7,39,164483.2,46765.6,998,1249
P03464,Produce,Product 3464,Brand E,33.95,36.48,1616,82,3.15,3.5,60,54863.2,-4088.48,1578,1616
P03465,Dairy,Product 3465,Brand C,27.93,7.79,2113,39,3.89,3.7,94,59016.09,42555.82,1482,1767
P03466,Bakery,Product 3466,Brand E,37.16,19.51,474,31,3.63,2.9,45,17613.84,8366.1,151,182
P03467,Dairy,Product 3467,Brand C,9.69,11.3,2641,67,4.28,4.0,70,25591.29,-4252.01,2158,2641
P03468,Beverages,Product 3468,Brand E,4.49,7.31,4869,82,3.02,4.3,36,21861.81,-13730.58,2374,2817
P03469,Bakery,Product 3469,Brand E,48.2,18.64,2571,64,0.88,4.9,44,123922.2,75998.76,2261,2571
P03470,Produce,Product 3470,Brand D,3.82,14.57,4939,55,4.6,2.6,69,18866.98,-53094.25,3708,4066
P03471,Snacks,Product 3471,Brand D,4.99,16.22,4322,35,4.58,4.1,41,21566.78,-48536.06,703,884
P03472,Beverages,Product 3472,Brand B,22.02,2.29,4425,73,3.69,3.6,99,97438.5,87305.25,4143,4425
P03473,Beverages,Product 3473,Brand A,30.97,34.66,4929,89,2.66,3.3,13,152651.13,-18188.01,4788,4929
P03474,Dairy,Product 3474,Brand A,13.26,39.3,3837,18,0.66,4.0,36,50878.62,-99915.48,3592,3837
P03475,Frozen,Product 3475,Brand E,3.11,23.8,3539,96,3.76,3.6,56,11006.29,-73221.91,3098,3539
P03476,Frozen,Product 3476,Brand D,38.13,1.64,4709,24,4.83,3.0,15,179554.17,171831.41,3692,3967
P03477,Bakery,Product 3477,Brand A,23.33,14.57,2330,28,0.52,3.7,91,54358.9,20410.8,1104,1328
P03478,Bakery,Product 3478,Brand A,4.4,25.52,3799,25,3.79,3.5,35,16715.6,-80234.88,3228,3595
P03479,Bakery,Product 3479,Brand C,9.69,15.37,3261,34,0.91,3.4,33,31599.09,-18522.48,3234,3261
P03480,Dairy,Product 3480,Brand B,29.2,30.33,2161,60,1.54,2.5,80,63101.2,-2441.93,1911,2161
P03481,Snacks,Product 3481,Brand C,4.49,20.19,5151,86,1.04,3.7,53,23127.99,-80870.7,4920,5151
P03482,Dairy,Product 3482,Brand D,21.04,5.56,2117,55,2.29,3.5,23,44541.68,32771.16,914,927
P03483,Bakery,Product 3483,Brand E,24.2,2.73,3732,16,4.96,4.0,22,90314.4,80126.04,631,939
P03484,Bakery,Product 3484,Brand A,49.31,2.55,3848,43,0.82,3.7,35,189744.88,179932.48,858,956
P03485,Snacks,Product 3485,Brand D,27.91,35.92,3677,67,4.83,2.5,52,102625.07,-29452.77,105,297
P03486,Dairy,Product 3486,Brand A,2.14,7.87,870,87,3.79,3.9,52,1861.8,-4985.1,684,870
P03487,Produce,Product 3487,Brand A,16.68,19.51,4833,32,2.26,3.0,75,80614.44,-13677.39,4814,4833
P03488,Bakery,Product 3488,Brand A,33.35,18.3,4115,32,0.5,2.5,96,137235.25,61930.75,3776,4115
P03489,Beverages,Product 3489,Brand B,37.87,31.67,3440,26,4.54,3.0,37,130272.8,21328.0,1634,1893
P03490,Beverages,Product 3490,Brand D,4.62,11.56,5059,22,0.72,3.2,10,23372.58,-35109.46,4992,5059
P03491,Snacks,Product 3491,Brand C,37.87,18.64,3360,36,3.17,4.9,21,127243.2,64612.8,1584,1610
P03492,Frozen,Product 3492,Brand C,49.66,35.01,4557,75,0.82,3.6,59,226300.62,66760.05,4551,4557
P03493,Frozen,Product 3493,Brand B,26.3,19.01,2507,39,0.54,2.9,62,65934.1,18276.03,2366,2507
P03494,Snacks,Product 3494,Brand D,14.82,8.77,3520,13,4.33,3.2,69,52166.4,21296.0,2514,2752
P03495,Snacks,Product 3495,Brand C,39.08,32.34,890,76,2.45,3.5,64,34781.2,5998.6,660,890
P03496,Bakery,Product 3496,Brand C,49.35,5.23,4586,23,3.15,3.0,44,226319.1,202334.32,4559,4586
P03497,Frozen,Product 3497,Brand A,15.37,19.51,1748,20,2.0,3.9,70,26866.76,-7236.72,1513,1618
P03498,Dairy,Product 3498,Brand B,45.36,33.61,4396,49,4.47,3.3,35,199402.56,51653.0,1418,1762
P03499,Bakery,Product 3499,Brand E,19.44,32.61,2966,96,2.17,4.0,40,57659.04,-39062.22,2652,2662
P03500,Snacks,Product 3500,Brand A,48.2,14.65,3232,12,1.22,4.9,66,155782.4,108433.6,2960,3232
P03501,Bakery,Product 3501,Brand D,32.12,19.94,2003,10,0.54,3.4,21,64336.36,24396.54,1177,1456
P03502,Bakery,Product 3502,Brand E,39.79,23.97,3343,18,1.22,2.5,14,133017.97,52886.26,2966,3269
P03503,Snacks,Product 3503,Brand D,25.76,7.49,3752,82,4.37,4.3,16,96651.52,68549.04,1934,1946
P03504,Produce,Product 3504,Brand A,27.91,18.77,3303,85,3.97,4.3,25,92186.73,30189.42,2626,2782
P03505,Beverages,Product 3505,Brand E,28.14,32.08,3851,10,2.6,3.5,61,108367.14,-15172.94,821,898
P03506,Snacks,Product 3506,Brand C,32.81,18.3,1362,25,4.2,4.3,90,44687.22,19762.62,1344,1362
P03507,Snacks,Product 3507,Brand D,8.01,30.03,1981,81,1.25,3.6,30,15867.81,-43621.62,1445,1503
P03508,Bakery,Product 3508,Brand A,48.2,29.17,4906,55,1.21,3.3,36,236469.2,93361.18,4776,4906
P03509,Dairy,Product 3509,Brand D,25.09,19.01,1019,19,0.91,2.5,88,25566.71,6195.52,845,1019
P03510,Bakery,Product 3510,Brand D,28.14,4.52,4637,42,3.41,2.9,32,130485.18,109525.94,977,1378
P03511,Frozen,Product 3511,Brand E,35.21,30.06,1611,50,4.41,3.0,81,56723.31,8296.65,233,320
P03512,Bakery,Product 3512,Brand E,35.61,2.91,5233,60,3.19,4.3,34,186347.13,171119.1,4913,5233
P03513,Bakery,Product 3513,Brand C,20.07,8.1,4507,31,3.4,3.1,20,90455.49,53948.79,1147,1490
P03514,Snacks,Product 3514,Brand C,18.31,33.76,2973,25,2.45,3.6,72,54435.63,-45932.85,2524,2973
P03515,Beverages,Product 3515,Brand A,35.1,16.16,2853,92,2.63,2.9,66,100140.3,54035.82,2799,2853
P03516,Dairy,Product 3516,Brand C,29.7,16.22,1989,84,3.81,3.0,94,59073.3,26811.72,1562,1989
P03517,Produce,Product 3517,Brand A,49.53,16.44,1525,71,3.51,4.2,63,75533.25,50462.25,1447,1525
P03518,Bakery,Product 3518,Brand C,9.69,3.5,4103,62,3.62,4.7,19,39758.07,25397.57,1464,1668
P03519,Bakery,Product 3519,Brand D,47.55,20.38,4135,84,3.97,3.8,59,196619.25,112347.95,1331,1770
P03520,Bakery,Product 3520,Brand D,31.18,27.03,4631,23,4.39,3.3,82,144394.58,19218.65,4361,4631
P03521,Beverages,Product 3521,Brand D,5.12,24.43,4302,68,1.21,4.8,10,22026.24,-83071.62,3805,4302
P03522,Frozen,Product 3522,Brand A,34.47,28.68,4360,35,3.3,4.4,95,150289.2,25244.4,4182,4354
P03523,Beverages,Product 3523,Brand D,23.33,5.23,4372,53,4.58,2.6,79,101998.76,79133.2,1679,1717
P03524,Produce,Product 3524,Brand D,41.96,5.98,3705,29,0.71,4.9,39,155461.8,133305.9,3519,3705
P03525,Snacks,Product 3525,Brand A,32.52,18.7,2541,93,1.64,3.5,64,82633.32,35116.62,2117,2478
P03526,Produce,Product 3526,Brand E,29.63,27.77,4353,14,2.2,4.9,86,128979.39,8096.58,4117,4353
P03527,Snacks,Product 3527,Brand A,32.12,6.44,3570,74,1.37,3.1,95,114668.4,91677.6,3137,3570
P03528,Dairy,Product 3528,Brand D,8.67,11.3,3753,20,1.57,3.0,15,32538.51,-9870.39,861,877
P03529,Frozen,Product 3529,Brand D,4.57,15.99,4298,56,3.92,3.7,33,19641.86,-49083.16,4072,4298
P03530,Frozen,Product 3530,Brand D,21.04,5.56,5182,19,3.51,4.1,94,109029.28,80217.36,4844,5182
P03531,Frozen,Product 3531,Brand A,17.1,8.77,5242,70,4.53,4.1,96,89638.2,43665.86,4746,5242
P03532,Beverages,Product 3532,Brand C,31.96,38.79,791,54,2.55,4.0,14,25280.36,-5402.53,698,772
P03533,Beverages,Product 3533,Brand C,27.93,10.27,3058,56,0.52,4.6,16,85409.94,54004.28,2302,2513
P03534,Beverages,Product 3534,Brand D,20.02,5.6,4129,43,3.0,4.9,12,82662.58,59540.18,3843,4129
P03535,Beverages,Product 3535,Brand C,32.81,1.64,3712,22,4.12,4.3,22,121790.72,115703.04,516,840
P03536,Produce,Product 3536,Brand D,48.52,27.32,3860,98,4.91,3.9,63,187287.2,81832.0,3533,3860
P03537,Bakery,Product 3537,Brand B,5.47,26.01,3853,32,0.52,4.4,72,21075.91,-79140.62,3517,3853
P03538,Snacks,Product 3538,Brand D,35.48,35.86,2961,45,4.27,3.7,85,105056.28,-1125.18,2664,2779
P03539,Bakery,Product 3539,Brand B,2.24,16.44,3134,72,1.6,3.8,15,7020.16,-44502.8,1182,1429
P03540,Bakery,Product 3540,Brand D,44.0,38.01,823,85,0.73,3.9,88,36212.0,4929.77,687,724
P03541,Beverages,Product 3541,Brand D,6.76,22.49,5420,56,0.71,4.7,56,36639.2,-85256.6,4967,5420
P03542,Produce,Product 3542,Brand C,32.12,36.87,2962,75,3.82,4.0,91,95139.44,-14069.5,2907,2962
P03543,Dairy,Product 3543,Brand D,45.16,17.3,3925,93,2.29,3.8,64,177253.0,109350.5,3758,3925
P03544,Produce,Product 3544,Brand C,34.47,1.54,3863,89,4.39,4.0,58,133157.61,127208.59,2323,2764
P03545,Bakery,Product 3545,Brand B,27.91,31.01,4957,23,4.18,4.9,66,138349.87,-15366.7,4517,4694
P03546,Beverages,Product 3546,Brand D,40.37,5.04,3371,62,4.91,3.1,12,136087.27,119097.43,2283,2636
P03547,Frozen,Product 3547,Brand D,35.14,24.43,3892,75,2.85,4.1,31,136764.88,41683.32,2121,2312
P03548,Frozen,Product 3548,Brand D,37.78,32.61,4974,58,0.8,3.7,44,187917.72,25715.58,4875,4974
P03549,Snacks,Product 3549,Brand D,48.2,16.44,3825,25,3.72,4.0,37,184365.0,121482.0,3713,3825
P03550,Produce,Product 3550,Brand A,20.53,22.44,3287,77,1.97,3.2,51,67482.11,-6278.17,2469,2587
P03551,Frozen,Product 3551,Brand C,29.63,24.73,1621,52,4.33,4.8,21,48030.23,7942.9,1459,1621
P03552,Bakery,Product 3552,Brand B,22.63,34.56,937,86,2.55,2.8,10,21204.31,-11178.41,880,937
P03553,Dairy,Product 3553,Brand D,1.71,18.77,4489,74,3.41,3.9,32,7676.19,-76582.34,1636,1989
P03554,Frozen,Product 3554,Brand C,33.35,7.17,1947,18,3.33,4.1,37,64932.45,50972.46,270,332
P03555,Frozen,Product 3555,Brand B,18.19,6.5,4363,30,0.99,4.9,78,79362.97,51003.47,4324,4363
P03556,Beverages,Product 3556,Brand D,37.79,6.31,3157,91,0.51,4.5,45,119303.03,99382.36,2827,3157
P03557,Snacks,Product 3557,Brand D,44.5,4.0,4915,93,2.45,3.0,63,218717.5,199057.5,4592,4915
P03558,Dairy,Product 3558,Brand A,20.53,11.3,2654,52,3.41,3.7,56,54486.62,24496.42,2208,2654
P03559,Produce,Product 3559,Brand D,21.22,11.44,2256,75,1.64,4.2,65,47872.32,22063.68,1758,2256
P03560,Produce,Product 3560,Brand A,40.53,37.82,4687,13,3.76,3.2,19,189964.11,12701.77,1895,1924
P03561,Produce,Product 3561,Brand E,16.82,6.6,3112,16,3.48,4.2,14,52343.84,31804.64,2885,3112
P03562,Bakery,Product 3562,Brand A,33.28,10.08,1934,95,2.84,3.7,23,64363.52,44868.8,496,527
P03563,Produce,Product 3563,Brand A,22.26,2.11,4074,93,3.11,4.9,33,90687.24,82091.1,903,1219
P03564,Beverages,Product 3564,Brand D,43.06,11.9,3184,67,2.82,3.0,72,137103.04,99213.44,3104,3143
P03565,Produce,Product 3565,Brand A,48.2,35.01,4332,13,2.82,4.0,37,208802.4,57139.08,3869,4332
P03566,Snacks,Product 3566,Brand C,29.2,4.93,3390,29,4.08,4.7,30,98988.0,82275.3,3389,3390
P03567,Dairy,Product 3567,Brand A,14.77,8.1,3332,44,1.73,2.7,85,49213.64,22224.44,754,810
P03568,Produce,Product 3568,Brand D,43.56,32.99,2660,68,3.08,4.1,29,115869.6,28116.2,1976,2443
P03569,Snacks,Product 3569,Brand B,41.27,19.64,3119,94,3.72,4.0,71,128721.13,67463.97,367,724
P03570,Bakery,Product 3570,Brand B,35.35,25.3,1378,54,2.63,2.5,60,48712.3,13848.9,1192,1378
P03571,Bakery,Product 3571,Brand B,8.98,6.44,2710,23,3.65,3.2,49,24335.8,6883.4,1568,1659
P03572,Produce,Product 3572,Brand A,45.36,19.94,4274,31,3.54,4.0,94,193868.64,108645.08,1421,1826
P03573,Bakery,Product 3573,Brand D,35.61,35.13,2035,57,4.34,4.0,90,72466.35,976.8,1597,2035
P03574,Bakery,Product 3574,Brand C,3.23,8.85,4502,39,3.65,4.5,74,14541.46,-25301.24,3179,3378
P03575,Produce,Product 3575,Brand A,48.17,14.35,2025,38,1.77,2.9,37,97544.25,68485.5,1854,2025
P03576,Produce,Product 3576,Brand C,21.79,6.54,3727,45,4.44,3.3,63,81211.33,56836.75,1608,1833
P03577,Dairy,Product 3577,Brand B,6.05,20.55,4226,51,4.96,3.5,11,25567.3,-61277.0,921,1103
P03578,Snacks,Product 3578,Brand B,45.23,33.76,4205,38,2.51,3.7,90,190192.15,48231.35,4075,4205
P03579,Frozen,Product 3579,Brand A,49.35,5.59,2377,16,3.2,2.5,23,117304.95,104017.52,2235,2377
P03580,Snacks,Product 3580,Brand D,23.33,11.9,2763,41,2.42,4.4,23,64460.79,31581.09,1264,1626
P03581,Dairy,Product 3581,Brand D,37.79,26.91,2803,22,2.26,3.5,53,105925.37,30496.64,2672,2803
P03582,Produce,Product 3582,Brand A,45.36,33.76,4912,22,2.4,4.4,91,222808.32,56979.2,4770,4912
P03583,Snacks,Product 3583,Brand A,47.42,35.68,791,63,3.51,3.3,49,37509.22,9286.34,786,791
P03584,Bakery,Product 3584,Brand E,11.96,29.94,3084,23,1.72,2.7,43,36884.64,-55450.32,1074,1411
P03585,Frozen,Product 3585,Brand E,32.23,28.68,4925,15,1.64,4.5,74,158732.75,17483.75,3387,3554
P03586,Beverages,Product 3586,Brand A,19.36,39.47,4282,25,1.21,4.0,27,82899.52,-86111.02,605,990
P03587,Bakery,Product 3587,Brand C,49.53,5.79,1990,50,3.15,3.4,43,98564.7,87042.6,1870,1990
P03588,Snacks,Product 3588,Brand D,44.67,22.49,3455,61,1.37,4.3,96,154334.85,76631.9,173,216
P03589,Snacks,Product 3589,Brand D,47.79,2.73,3229,94,0.52,4.0,58,154313.91,145498.74,680,772
P03590,Bakery,Product 3590,Brand B,48.82,16.44,3470,25,2.17,4.5,89,169405.4,112358.6,3240,3470
P03591,Snacks,Product 3591,Brand E,40.83,36.21,2542,14,0.67,4.1,92,103789.86,11744.04,322,562
P03592,Produce,Product 3592,Brand C,31.29,11.76,4294,33,2.17,4.4,64,134359.26,83861.82,4107,4294
P03593,Produce,Product 3593,Brand E,27.74,29.17,4273,52,3.4,3.6,71,118533.02,-6110.39,996,1074
P03594,Beverages,Product 3594,Brand C,37.56,11.76,4116,74,2.17,4.1,79,154596.96,106192.8,2533,2998
P03595,Dairy,Product 3595,Brand D,25.09,30.88,4412,19,3.85,2.7,33,110697.08,-25545.48,4052,4323
P03596,Dairy,Product 3596,Brand A,19.36,11.71,4359,68,2.17,3.1,90,84390.24,33346.35,2269,2315
P03597,Frozen,Product 3597,Brand D,3.11,6.5,839,44,3.0,4.6,57,2609.29,-2844.21,832,839
P03598,Produce,Product 3598,Brand D,4.57,23.05,1734,40,0.66,4.4,89,7924.38,-32044.32,1564,1734
P03599,Dairy,Product 3599,Brand A,22.26,5.54,1877,88,1.21,3.3,48,41782.02,31383.44,922,1037
P03600,Produce,Product 3600,Brand D,25.14,23.08,3495,20,1.73,4.0,57,87864.3,7199.7,556,819
P03601,Snacks,Product 3601,Brand D,49.35,39.47,2742,18,3.4,3.7,79,135317.7,27090.96,2311,2742
P03602,Frozen,Product 3602,Brand A,47.58,11.9,3778,75,4.47,3.7,89,179757.24,134799.04,3434,3778
P03603,Dairy,Product 3603,Brand D,22.26,27.55,2585,53,3.2,2.7,18,57542.1,-13674.65,2239,2585
P03604,Beverages,Product 3604,Brand B,27.27,16.22,4411,25,4.96,2.7,38,120287.97,48741.55,3949,4411
P03605,Dairy,Product 3605,Brand B,29.2,37.1,2722,57,4.24,3.9,77,79482.4,-21503.8,2483,2722
P03606,Snacks,Product 3606,Brand D,4.62,39.99,5056,62,3.62,4.3,69,23358.72,-178830.72,4781,5056
P03607,Bakery,Product 3607,Brand A,27.93,10.47,2130,74,3.79,2.8,35,59490.9,37189.8,413,722
P03608,Beverages,Product 3608,Brand B,37.78,34.16,4374,57,2.31,2.7,47,165249.72,15833.88,2749,3095
P03609,Produce,Product 3609,Brand B,48.5,30.88,2785,79,2.9,4.2,71,135072.5,49071.7,1989,2005
P03610,Produce,Product 3610,Brand D,19.92,14.57,4461,55,4.33,4.3,35,88863.12,23866.35,3979,4461
P03611,Bakery,Product 3611,Brand E,24.2,32.52,3108,84,2.23,3.7,23,75213.6,-25858.56,1589,1651
P03612,Snacks,Product 3612,Brand B,5.16,14.35,1958,42,0.82,3.4,58,10103.28,-17994.02,1764,1958
P03613,Bakery,Product 3613,Brand B,35.21,18.64,3029,61,2.9,3.3,52,106651.09,50190.53,2708,3029
P03614,Snacks,Product 3614,Brand A,18.31,6.44,3000,90,3.41,3.6,97,54930.0,35610.0,2632,3000
P03615,Snacks,Product 3615,Brand D,44.62,33.61,4990,64,4.19,4.9,17,222653.8,54939.9,755,1190
P03616,Beverages,Product 3616,Brand A,15.0,14.57,4110,60,1.06,4.9,49,61650.0,1767.3,3818,4110
P03617,Frozen,Product 3617,Brand C,13.14,13.49,4245,49,3.11,3.5,34,55779.3,-1485.75,4082,4245
P03618,Dairy,Product 3618,Brand D,45.16,23.95,3129,34,3.82,4.6,72,141305.64,66366.09,2774,3009
P03619,Frozen,Product 3619,Brand A,35.21,7.25,4395,72,2.85,2.6,13,154747.95,122884.2,4115,4395
P03620,Beverages,Product 3620,Brand D,44.0,24.73,3025,31,0.67,4.1,24,133100.0,58291.75,300,541
P03621,Bakery,Product 3621,Brand A,31.75,5.04,4954,99,3.85,4.4,25,157289.5,132321.34,4629,4954
P03622,Dairy,Product 3622,Brand D,5.47,11.76,4772,47,1.25,3.3,63,26102.84,-30015.88,237,612
P03623,Beverages,Product 3623,Brand D,23.33,22.44,3576,18,2.42,4.9,20,83428.08,3182.64,3163,3576
P03624,Snacks,Product 3624,Brand B,31.39,2.29,2344,46,1.04,4.4,37,73578.16,68210.4,1175,1408
P03625,Dairy,Product 3625,Brand B,24.23,37.82,2434,14,0.7,4.0,16,58975.82,-33078.06,1848,1977
P03626,Dairy,Product 3626,Brand E,9.69,30.89,3402,91,3.76,3.0,47,32965.38,-72122.4,1575,2016
P03627,Produce,Product 3627,Brand A,23.96,2.29,4178,31,3.41,4.9,33,100104.88,90537.26,3513,3636
P03628,Frozen,Product 3628,Brand C,48.52,11.3,4141,21,2.23,3.9,77,200921.32,154128.02,4004,4141
P03629,Dairy,Product 3629,Brand D,18.44,7.87,4687,69,4.44,4.6,46,86428.28,49541.59,4331,4687
P03630,Bakery,Product 3630,Brand A,8.67,21.05,3710,53,2.95,3.0,44,32165.7,-45929.8,3246,3710
P03631,Bakery,Product 3631,Brand D,35.48,9.99,2988,31,4.39,3.9,15,106014.24,76164.12,548,563
P03632,Frozen,Product 3632,Brand C,15.0,1.64,1312,15,2.85,2.6,42,19680.0,17528.32,168,498
P03633,Beverages,Product 3633,Brand E,3.23,21.52,3961,36,2.66,4.2,90,12794.03,-72446.69,3732,3961
P03634,Produce,Product 3634,Brand A,45.23,30.03,3298,64,2.01,3.6,63,149168.54,50129.6,1290,1434
P03635,Frozen,Product 3635,Brand D,5.09,31.45,2070,24,4.19,4.7,23,10536.3,-54565.2,1840,2070
P03636,Bakery,Product 3636,Brand D,14.77,6.54,4008,73,3.48,3.5,28,59198.16,32985.84,3832,4008
P03637,Produce,Product 3637,Brand E,3.82,22.66,2411,26,4.8,3.1,97,9210.02,-45423.24,2119,2411
P03638,Produce,Product 3638,Brand B,29.59,34.66,4545,12,1.84,3.5,20,134486.55,-23043.15,3292,3538
P03639,Snacks,Product 3639,Brand D,37.16,6.85,4045,19,0.58,4.9,80,150312.2,122603.95,3992,4045
P03640,Beverages,Product 3640,Brand C,39.69,23.95,531,72,3.82,3.1,54,21075.39,8357.94,196,531
P03641,Frozen,Product 3641,Brand E,19.92,11.3,4959,72,4.28,3.2,69,98783.28,42746.58,4572,4959
P03642,Produce,Product 3642,Brand C,5.63,37.82,3859,98,2.26,3.8,97,21726.17,-124221.21,1614,1761
P03643,Dairy,Product 3643,Brand A,21.79,14.35,1217,71,2.29,4.0,67,26518.43,9054.48,1176,1217
P03644,Beverages,Product 3644,Brand B,4.81,27.32,4723,94,2.59,4.6,97,22717.63,-106314.73,108,401
P03645,Produce,Product 3645,Brand D,31.82,21.22,3392,18,4.24,4.0,87,107933.44,35955.2,3152,3392
P03646,Snacks,Product 3646,Brand E,32.52,39.87,3549,33,3.79,5.0,33,115413.48,-26085.15,350,793
P03647,Snacks,Product 3647,Brand A,25.14,27.03,1510,41,4.47,4.5,20,37961.4,-2853.9,459,654
P03648,Bakery,Product 3648,Brand D,13.26,30.06,4737,12,4.41,4.6,81,62812.62,-79581.6,2496,2632
P03649,Snacks,Product 3649,Brand A,24.2,36.48,4789,42,3.41,3.6,53,115893.8,-58808.92,223,311
P03650,Dairy,Product 3650,Brand D,14.81,36.21,5099,52,4.22,3.8,88,75516.19,-109118.6,4829,5099
P03651,Bakery,Product 3651,Brand A,17.7,5.89,4648,21,4.46,4.2,75,82269.6,54892.88,4394,4648
P03652,Beverages,Product 3652,Brand C,48.2,15.4,2143,94,4.18,3.9,97,103292.6,70290.4,928,1117
P03653,Beverages,Product 3653,Brand A,28.16,22.44,2181,41,1.22,4.2,54,61416.96,12475.32,1534,1825
P03654,Beverages,Product 3654,Brand A,11.96,25.81,2891,29,4.59,3.9,83,34576.36,-40040.35,2177,2577
P03655,Snacks,Product 3655,Brand D,49.53,7.49,1286,76,2.23,4.5,41,63695.58,54063.44,1215,1286
P03656,Frozen,Product 3656,Brand D,14.77,8.77,4782,77,4.18,4.6,26,70630.14,28692.0,695,928
P03657,Produce,Product 3657,Brand A,32.12,31.45,3958,26,4.6,3.9,63,127130.96,2651.86,3186,3605
P03658,Beverages,Product 3658,Brand C,24.23,17.55,2810,90,0.52,2.6,19,68086.3,18770.8,2802,2810
P03659,Dairy,Product 3659,Brand D,45.23,16.89,3172,28,2.29,4.3,95,143469.56,89894.48,2607,3051
P03660,Frozen,Product 3660,Brand E,5.63,39.3,4926,13,0.58,4.2,15,27733.38,-165858.42,1844,2112
P03661,Frozen,Product 3661,Brand C,3.82,6.85,2778,26,3.63,3.6,29,10611.96,-8417.34,122,555
P03662,Frozen,Product 3662,Brand D,22.63,30.89,982,73,1.21,4.0,10,22222.66,-8111.32,425,791
P03663,Dairy,Product 3663,Brand C,31.82,19.01,1873,31,1.97,4.0,73,59598.86,23993.13,362,698
P03664,Beverages,Product 3664,Brand D,3.22,6.54,3715,75,3.69,4.1,90,11962.3,-12333.8,3600,3715
P03665,Dairy,Product 3665,Brand A,1.56,23.8,4123,51,2.82,2.5,10,6431.88,-91695.52,1685,2009
P03666,Produce,Product 3666,Brand B,49.35,7.79,3395,85,0.52,3.3,70,167543.25,141096.2,532,951
P03667,Dairy,Product 3667,Brand B,23.27,2.91,960,54,0.7,4.0,88,22339.2,19545.6,659,960
P03668,Dairy,Product 3668,Brand D,25.14,38.02,2952,20,1.25,4.6,10,74213.28,-38021.76,2655,2952
P03669,Beverages,Product 3669,Brand D,6.69,38.02,4481,62,3.0,4.4,90,29977.89,-140389.73,4244,4481
P03670,Produce,Product 3670,Brand A,9.69,39.87,4445,69,0.9,4.7,55,43072.05,-134150.1,1802,2119
P03671,Produce,Product 3671,Brand B,3.22,32.64,3068,38,2.51,4.9,69,9878.96,-90260.56,2588,3068
P03672,Beverages,Product 3672,Brand D,17.1,23.8,4865,29,4.57,3.3,52,83191.5,-32595.5,4789,4865
P03673,Bakery,Product 3673,Brand D,4.4,11.14,4892,14,2.45,4.7,53,21524.8,-32972.08,4423,4892
P03674,Produce,Product 3674,Brand D,40.91,32.61,2480,34,2.63,3.1,47,101456.8,20584.0,313,712
P03675,Bakery,Product 3675,Brand C,9.49,25.81,3739,43,2.38,3.4,11,35483.11,-61020.48,1765,1864
P03676,Produce,Product 3676,Brand A,4.62,9.87,3078,21,4.91,3.5,91,14220.36,-16159.5,2755,3078
P03677,Bakery,Product 3677,Brand A,29.63,16.44,4021,37,4.8,3.1,21,119142.23,53036.99,3578,4021
P03678,Bakery,Product 3678,Brand C,22.26,38.19,3917,15,4.81,3.1,32,87192.42,-62397.81,3915,3917
P03679,Produce,Product 3679,Brand C,5.47,35.13,3019,28,2.59,4.2,18,16513.93,-89543.54,2897,3019
P03680,Frozen,Product 3680,Brand A,44.0,18.64,3943,21,0.71,4.7,17,173492.0,99994.48,1141,1531
P03681,Dairy,Product 3681,Brand A,25.09,13.22,4847,34,0.67,4.5,59,121611.23,57533.89,4662,4847
P03682,Snacks,Product 3682,Brand D,25.76,20.71,2507,22,3.89,4.1,89,64580.32,12660.35,2491,2507
P03683,Bakery,Product 3683,Brand B,15.0,16.44,3028,90,4.59,4.1,71,45420.0,-4360.32,2471,2750
P03684,Bakery,Product 3684,Brand B,26.86,26.87,4382,85,2.56,3.2,32,117700.52,-43.82,1183,1534
P03685,Frozen,Product 3685,Brand B,29.2,26.87,3703,12,1.04,3.9,68,108127.6,8627.99,2825,3195
P03686,Bakery,Product 3686,Brand A,10.59,6.6,3063,33,4.81,4.7,19,32437.17,12221.37,2050,2091
P03687,Produce,Product 3687,Brand A,1.71,29.17,1361,17,1.31,3.1,21,2327.31,-37373.06,947,1361
P03688,Frozen,Product 3688,Brand E,2.24,14.26,5222,99,3.48,4.0,71,11697.28,-62768.44,4771,5222
P03689,Produce,Product 3689,Brand C,27.74,15.4,3114,54,4.39,3.3,85,86382.36,38426.76,644,1019
P03690,Snacks,Product 3690,Brand A,10.22,32.34,4916,81,1.97,4.4,39,50241.52,-108741.92,4253,4631
P03691,Produce,Product 3691,Brand B,24.23,10.08,4044,10,3.17,5.0,83,97986.12,57222.6,3989,4044
P03692,Dairy,Product 3692,Brand A,2.3,13.22,4368,12,3.48,2.5,87,10046.4,-47698.56,2211,2419
P03693,Bakery,Product 3693,Brand D,37.97,5.6,2404,74,2.23,2.9,77,91279.88,77817.48,2272,2404
P03694,Bakery,Product 3694,Brand B,18.31,5.23,3880,24,4.98,3.0,56,71042.8,50750.4,2208,2574
P03695,Beverages,Product 3695,Brand A,26.3,20.19,3008,59,2.26,3.7,93,79110.4,18378.88,479,835
P03696,Bakery,Product 3696,Brand C,45.16,24.73,2370,29,0.7,3.9,50,107029.2,48419.1,1261,1545
P03697,Dairy,Product 3697,Brand E,2.3,10.08,1472,12,2.71,4.9,16,3385.6,-11452.16,165,343
P03698,Dairy,Product 3698,Brand C,29.1,8.91,1590,70,3.65,4.6,97,46269.0,32102.1,897,1139
P03699,Frozen,Product 3699,Brand B,39.04,15.07,4575,24,3.8,4.7,83,178608.0,109662.75,1916,2158
P03700,Bakery,Product 3700,Brand C,21.22,10.08,1015,68,2.23,4.9,61,21538.3,11307.1,731,1015
P03701,Dairy,Product 3701,Brand D,48.1,29.17,3057,63,3.87,4.9,54,147041.7,57869.01,1467,1590
P03702,Frozen,Product 3702,Brand C,39.69,15.13,4312,69,4.24,4.3,47,171143.28,105902.72,3875,4312
P03703,Bakery,Product 3703,Brand B,17.7,22.49,3809,46,2.58,4.0,45,67419.3,-18245.11,3358,3809
P03704,Frozen,Product 3704,Brand B,21.79,6.92,1788,30,0.67,2.5,90,38960.52,26587.56,326,608
P03705,Bakery,Product 3705,Brand E,25.14,14.26,4239,32,2.6,4.0,94,106568.46,46120.32,291,458
P03706,Frozen,Product 3706,Brand B,44.0,23.97,2912,27,2.84,3.6,67,128128.0,58327.36,2899,2912
P03707,Frozen,Product 3707,Brand A,32.52,27.03,2614,26,4.47,4.0,55,85007.28,14350.86,1249,1320
P03708,Frozen,Product 3708,Brand E,14.77,2.11,3157,40,1.98,4.0,76,46628.89,39967.62,3103,3157
P03709,Beverages,Product 3709,Brand C,29.63,35.92,3658,73,0.99,3.7,74,108386.54,-23008.82,3645,3658
P03710,Bakery,Product 3710,Brand A,32.12,10.22,4670,57,1.47,2.7,27,150000.4,102273.0,4294,4670
P03711,Frozen,Product 3711,Brand A,23.27,23.95,4598,35,0.54,4.5,11,106995.46,-3126.64,4539,4598
P03712,Frozen,Product 3712,Brand D,40.91,39.21,534,31,2.89,3.9,13,21845.94,907.8,119,379
P03713,Beverages,Product 3713,Brand E,49.31,23.05,3880,54,4.28,4.0,92,191322.8,101888.8,3800,3880
P03714,Beverages,Product 3714,Brand D,41.5,8.91,3504,45,1.06,2.7,93,145416.0,114195.36,2506,2947
P03715,Bakery,Product 3715,Brand E,44.5,31.67,1008,73,1.77,4.4,51,44856.0,12932.64,532,1008
P03716,Bakery,Product 3716,Brand E,8.67,34.69,1734,44,2.0,4.6,58,15033.78,-45118.68,1099,1159
P03717,Produce,Product 3717,Brand D,29.7,4.93,2805,84,3.85,2.6,58,83308.5,69479.85,2758,2805
P03718,Snacks,Product 3718,Brand E,31.39,9.99,4337,91,0.74,3.4,16,136138.43,92811.8,2634,2967
P03719,Dairy,Product 3719,Brand C,22.02,23.05,4552,36,3.89,2.8,18,100235.04,-4688.56,4062,4552
P03720,Bakery,Product 3720,Brand D,35.14,21.54,4727,77,2.32,4.3,80,166106.78,64287.2,4525,4727
P03721,Bakery,Product 3721,Brand A,14.81,32.08,3924,26,3.69,3.1,36,58114.44,-67767.48,1790,2051
P03722,Dairy,Product 3722,Brand C,9.49,32.77,2824,79,3.2,4.5,30,26799.76,-65742.72,434,470
P03723,Produce,Product 3723,Brand A,14.72,1.64,3128,20,3.3,2.5,44,46044.16,40914.24,2653,2672
P03724,Bakery,Product 3724,Brand B,10.59,14.84,4841,14,3.63,3.0,97,51266.19,-20574.25,2610,2866
P03725,Bakery,Product 3725,Brand B,35.61,10.08,2436,67,4.57,2.6,85,86745.96,62191.08,2150,2436
P03726,Snacks,Product 3726,Brand D,27.27,14.15,4709,91,2.51,3.7,96,128414.43,61782.08,2816,3183
P03727,Beverages,Product 3727,Brand D,2.24,9.99,3167,66,2.42,2.5,45,7094.08,-24544.25,2322,2363
P03728,Dairy,Product 3728,Brand C,14.77,1.95,2490,98,2.32,4.3,76,36777.3,31921.8,1971,2403
P03729,Bakery,Product 3729,Brand D,5.12,13.49,4168,83,1.28,4.9,52,21340.16,-34886.16,1704,1988
P03730,Snacks,Product 3730,Brand E,31.18,35.92,3252,89,2.4,4.1,17,101397.36,-15414.48,1656,1943
P03731,Dairy,Product 3731,Brand C,1.53,13.22,3248,83,1.28,3.7,87,4969.44,-37969.12,2445,2673
P03732,Bakery,Product 3732,Brand D,19.92,32.99,4590,83,4.34,2.9,45,91432.8,-59991.3,2265,2706
P03733,Beverages,Product 3733,Brand C,44.67,36.21,4922,94,2.23,2.5,57,219865.74,41640.12,888,1059
P03734,Beverages,Product 3734,Brand D,4.81,3.73,2094,23,1.22,4.5,55,10072.14,2261.52,741,1238
P03735,Beverages,Product 3735,Brand D,37.02,23.08,4646,81,2.58,4.1,41,171994.92,64765.24,4401,4646
P03736,Frozen,Product 3736,Brand A,8.98,2.29,3655,10,2.82,3.0,16,32821.9,24451.95,3206,3655
P03737,Snacks,Product 3737,Brand E,47.07,3.67,1944,25,2.23,4.3,83,91504.08,84369.6,1551,1944
P03738,Dairy,Product 3738,Brand B,44.67,20.38,3101,35,3.08,3.7,21,138521.67,75323.29,3089,3101
P03739,Dairy,Product 3739,Brand D,6.45,37.1,2619,58,4.53,3.4,64,16892.55,-80272.35,2404,2619
P03740,Bakery,Product 3740,Brand B,42.92,1.29,2469,51,3.82,4.3,32,105969.48,102784.47,2329,2469
P03741,Snacks,Product 3741,Brand E,32.52,32.61,4701,79,3.37,2.6,84,152876.52,-423.09,4403,4701
P03742,Produce,Product 3742,Brand A,31.29,29.17,1940,75,1.02,3.1,61,60702.6,4112.8,978,1435
P03743,Frozen,Product 3743,Brand A,31.29,5.23,4249,62,0.52,4.1,22,132951.21,110728.94,3812,4249
P03744,Frozen,Product 3744,Brand D,5.16,10.7,2835,18,1.22,4.5,85,14628.6,-15705.9,2489,2835
P03745,Bakery,Product 3745,Brand D,45.41,19.51,2190,78,4.95,4.9,80,99447.9,56721.0,1712,2190
P03746,Frozen,Product 3746,Brand C,47.42,1.07,4758,49,4.57,2.8,62,225624.36,220533.3,4573,4758
P03747,Produce,Product 3747,Brand C,39.79,22.66,4818,65,2.66,4.0,72,191708.22,82532.34,4606,4818
P03748,Bakery,Product 3748,Brand C,8.01,3.67,4850,14,3.0,3.0,83,38848.5,21049.0,4578,4850
P03749,Frozen,Product 3749,Brand C,13.26,11.14,4025,65,3.0,3.4,80,53371.5,8533.0,3564,4025
P03750,Snacks,Product 3750,Brand B,37.02,32.77,3407,81,1.37,3.5,60,126127.14,14479.75,670,769
P03751,Frozen,Product 3751,Brand A,21.04,35.86,1863,14,3.15,4.3,67,39197.52,-27609.66,1274,1708
P03752,Dairy,Product 3752,Brand D,44.0,19.51,3778,78,3.19,4.2,36,166232.0,92523.22,379,511
P03753,Bakery,Product 3753,Brand C,27.93,34.71,3576,61,2.17,4.3,16,99877.68,-24245.28,2770,2885
P03754,Dairy,Product 3754,Brand A,8.67,27.77,4853,90,0.54,5.0,59,42075.51,-92692.3,2652,3125
P03755,Snacks,Product 3755,Brand B,3.25,21.05,2522,82,3.54,3.6,33,8196.5,-44891.6,2253,2522
P03756,Snacks,Product 3756,Brand B,37.16,1.29,4269,42,1.02,4.9,96,158636.04,153129.03,4209,4269
P03757,Beverages,Product 3757,Brand D,16.68,35.68,3656,31,3.48,3.8,34,60982.08,-69464.0,2152,2436
P03758,Dairy,Product 3758,Brand A,48.15,18.7,3275,94,0.88,4.9,53,157691.25,96448.75,3166,3275
P03759,Dairy,Product 3759,Brand C,6.05,31.01,4206,24,3.8,4.7,45,25446.3,-104981.76,3810,4206
P03760,Produce,Product 3760,Brand B,49.31,5.54,1365,74,0.52,4.9,66,67308.15,59746.05,957,1365
P03761,Bakery,Product 3761,Brand C,48.15,35.01,4758,80,3.85,3.7,46,229097.7,62520.12,3900,4248
P03762,Bakery,Product 3762,Brand E,20.07,38.02,5046,32,3.02,3.7,61,101273.22,-90575.7,4661,5046
P03763,Produce,Product 3763,Brand D,18.19,34.71,5359,15,3.07,4.5,72,97480.21,-88530.68,4941,5359
P03764,Beverages,Product 3764,Brand A,27.27,6.44,4531,93,0.66,3.6,16,123560.37,94380.73,1956,2343
P03765,Beverages,Product 3765,Brand B,29.59,35.68,4349,67,3.3,3.3,69,128686.91,-26485.41,4327,4349
P03766,Beverages,Product 3766,Brand A,5.94,39.5,3645,35,3.15,3.6,46,21651.3,-122326.2,876,1217
P03767,Produce,Product 3767,Brand B,44.67,30.33,4960,21,2.71,4.4,30,221563.2,71126.4,3862,3889
P03768,Dairy,Product 3768,Brand C,48.1,36.21,3867,86,1.21,3.7,55,186002.7,45978.63,2563,2968
P03769,Snacks,Product 3769,Brand D,34.47,10.22,4753,86,1.37,4.6,30,163835.91,115260.25,4539,4753
P03770,Bakery,Product 3770,Brand D,27.91,9.99,4503,11,4.96,3.6,93,125678.73,80693.76,3548,3945
P03771,Dairy,Product 3771,Brand A,48.75,7.87,2473,41,3.41,4.3,81,120558.75,101096.24,1655,1699
P03772,Bakery,Product 3772,Brand E,22.97,37.1,4847,59,4.96,3.3,61,111335.59,-68488.11,3467,3547
P03773,Dairy,Product 3773,Brand E,44.5,10.47,1800,70,2.84,4.1,38,80100.0,61254.0,677,1043
P03774,Bakery,Product 3774,Brand C,6.74,21.52,4927,20,1.6,4.3,78,33207.98,-72821.06,4540,4820
P03775,Bakery,Product 3775,Brand D,27.74,23.97,4227,77,2.95,3.6,85,117256.98,15935.79,2622,2796
P03776,Beverages,Product 3776,Brand C,2.14,25.81,4993,43,3.4,4.6,48,10685.02,-118184.31,4720,4993
P03777,Dairy,Product 3777,Brand A,5.47,37.21,406,89,4.22,2.7,36,2220.82,-12886.44,145,406
P03778,Bakery,Product 3778,Brand D,39.08,26.87,2385,98,1.47,3.4,86,93205.8,29120.85,2034,2072
P03779,Dairy,Product 3779,Brand D,49.35,6.44,3183,17,2.17,2.9,19,157081.05,136582.53,1080,1139
P03780,Frozen,Product 3780,Brand D,4.62,2.91,3884,17,2.82,2.6,45,17944.08,6641.64,3394,3884
P03781,Frozen,Product 3781,Brand B,23.72,27.77,4175,24,3.54,4.6,25,99031.0,-16908.75,2170,2581
P03782,Bakery,Product 3782,Brand B,44.0,11.5,2396,14,0.52,4.4,45,105424.0,77870.0,2214,2396
P03783,Frozen,Product 3783,Brand B,45.36,1.54,1246,28,3.76,4.6,99,56518.56,54599.72,725,830
P03784,Beverages,Product 3784,Brand E,18.44,23.8,3750,83,0.71,3.6,93,69150.0,-20100.0,3654,3750
P03785,Produce,Product 3785,Brand C,48.5,15.37,4231,18,4.96,4.9,43,205203.5,140173.03,3749,3839
P03786,Dairy,Product 3786,Brand E,19.37,7.89,3895,66,0.54,4.7,46,75446.15,44714.6,3824,3895
P03787,Snacks,Product 3787,Brand C,22.51,10.22,2670,63,3.37,2.7,81,60101.7,32814.3,357,457
P03788,Frozen,Product 3788,Brand B,39.04,23.97,4454,38,3.0,4.9,77,173884.16,67121.78,4143,4454
P03789,Snacks,Product 3789,Brand B,21.79,18.17,3564,28,4.48,3.1,68,77659.56,12901.68,2110,2437
P03790,Frozen,Product 3790,Brand D,25.23,15.37,4417,86,3.54,4.7,38,111440.91,43551.62,2693,2864
P03791,Frozen,Product 3791,Brand D,6.45,11.3,2210,55,2.6,4.9,40,14254.5,-10718.5,352,699
P03792,Frozen,Product 3792,Brand C,10.59,4.99,1779,89,2.82,4.6,75,18839.61,9962.4,1312,1478
P03793,Bakery,Product 3793,Brand A,22.02,19.64,2592,71,3.08,3.6,98,57075.84,6168.96,2224,2592
P03794,Snacks,Product 3794,Brand A,48.1,24.44,4064,69,3.85,3.5,12,195478.4,96154.24,824,1064
P03795,Bakery,Product 3795,Brand B,45.36,8.85,2732,14,2.45,3.6,78,123923.52,99745.32,2516,2732
P03796,Beverages,Product 3796,Brand E,44.5,8.65,5107,42,4.59,4.9,31,227261.5,183085.95,4763,5107
P03797,Frozen,Product 3797,Brand C,21.04,17.3,3850,92,3.4,4.6,89,81004.0,14399.0,2771,2832
P03798,Bakery,Product 3798,Brand A,30.97,14.35,1706,64,1.98,3.3,82,52834.82,28353.72,1277,1706
P03799,Beverages,Product 3799,Brand A,25.76,16.44,2488,28,3.41,4.0,62,64090.88,23188.16,2302,2488
P03800,Dairy,Product 3800,Brand E,1.53,16.44,3305,26,1.78,4.8,57,5056.65,-49277.55,2941,3305
P03801,Bakery,Product 3801,Brand D,5.96,26.01,3111,97,3.97,3.7,82,18541.56,-62375.55,370,783
P03802,Bakery,Product 3802,Brand D,35.35,6.54,4070,51,4.33,3.6,85,143874.5,117256.7,661,843
P03803,Beverages,Product 3803,Brand B,45.36,7.79,3458,31,3.97,3.1,56,156854.88,129917.06,3239,3458
P03804,Frozen,Product 3804,Brand A,29.63,17.78,2313,48,0.79,2.7,51,68534.19,27409.05,2279,2313
P03805,Produce,Product 3805,Brand A,36.02,21.52,2796,89,1.25,4.1,13,100711.92,40542.0,1793,2198
P03806,Bakery,Product 3806,Brand B,45.36,14.65,989,36,4.69,3.8,91,44861.04,30372.19,944,989
P03807,Snacks,Product 3807,Brand E,2.3,22.3,4238,85,0.52,4.1,91,9747.4,-84760.0,3853,4238
P03808,Bakery,Product 3808,Brand D,5.16,2.55,4091,55,4.83,4.8,51,21109.56,10677.51,3953,4091
P03809,Dairy,Product 3809,Brand C,49.31,15.4,4601,37,4.69,4.1,52,226875.31,156019.91,4415,4601
P03810,Snacks,Product 3810,Brand A,20.07,18.3,4073,61,2.4,4.7,51,81745.11,7209.21,3723,4073
P03811,Frozen,Product 3811,Brand D,4.62,19.01,2221,74,3.02,2.9,12,10261.02,-31960.19,1202,1230
P03812,Beverages,Product 3812,Brand B,6.82,6.31,1295,48,2.38,3.9,68,8831.9,660.45,850,1295
P03813,Produce,Product 3813,Brand D,9.49,22.3,2573,27,1.08,2.7,90,24417.77,-32960.13,2467,2573
P03814,Frozen,Product 3814,Brand B,25.65,1.64,4799,96,1.84,4.2,85,123094.35,115223.99,4513,4799
P03815,Produce,Product 3815,Brand E,49.35,30.03,4634,31,4.53,4.1,20,228687.9,89528.88,1872,2156
P03816,Produce,Product 3816,Brand D,42.92,2.29,4940,77,4.1,4.9,90,212024.8,200712.2,4783,4940
P03817,Beverages,Product 3817,Brand D,15.0,9.99,2473,20,2.4,2.5,44,37095.0,12389.73,2186,2473
P03818,Dairy,Product 3818,Brand A,6.76,30.88,3477,91,3.2,4.9,59,23504.52,-83865.24,3370,3477
P03819,Frozen,Product 3819,Brand E,45.23,17.55,4890,73,2.92,4.7,72,221174.7,135355.2,4300,4533
P03820,Snacks,Product 3820,Brand B,36.02,5.56,4161,80,3.48,4.8,79,149879.22,126744.06,3965,4161
P03821,Bakery,Product 3821,Brand C,48.75,23.46,3738,94,4.96,4.5,15,182227.5,94534.02,606,1103
P03822,Snacks,Product 3822,Brand C,5.63,14.84,5104,66,2.2,4.6,41,28735.52,-47007.84,4765,5104
P03823,Dairy,Product 3823,Brand B,17.1,17.3,980,44,0.5,3.9,20,16758.0,-196.0,428,630
P03824,Beverages,Product 3824,Brand B,29.59,15.55,1984,46,2.01,3.6,52,58706.56,27855.36,1814,1923
P03825,Beverages,Product 3825,Brand A,37.79,22.66,4417,59,4.1,2.7,48,166918.43,66829.21,321,352
P03826,Produce,Product 3826,Brand C,2.14,15.99,3029,39,3.0,4.0,22,6482.06,-41951.65,2803,3029
P03827,Snacks,Product 3827,Brand E,21.79,20.71,4028,26,4.48,3.7,22,87770.12,4350.24,3987,4028
P03828,Produce,Product 3828,Brand D,24.23,10.22,4831,42,1.64,2.6,48,117055.13,67682.31,4346,4410
P03829,Bakery,Product 3829,Brand B,45.41,28.68,4797,25,3.15,4.5,55,217831.77,80253.81,2870,3101
P03830,Beverages,Product 3830,Brand C,19.92,13.22,4442,24,2.65,4.0,43,88484.64,29761.4,4039,4417
P03831,Produce,Product 3831,Brand A,1.56,6.6,2884,22,3.8,4.8,76,4499.04,-14535.36,1078,1248
P03832,Frozen,Product 3832,Brand B,23.33,6.6,4766,12,4.28,3.2,41,111190.78,79735.18,3193,3493
P03833,Produce,Product 3833,Brand A,46.61,15.99,3439,33,1.22,4.9,77,160291.79,105302.18,3024,3439
P03834,Bakery,Product 3834,Brand A,16.82,32.64,2978,32,4.8,3.4,74,50089.96,-47111.96,720,1092
P03835,Dairy,Product 3835,Brand D,29.63,25.81,3704,68,4.54,4.4,82,109749.52,14149.28,3565,3704
P03836,Bakery,Product 3836,Brand D,11.96,2.73,2023,64,0.9,4.0,16,24195.08,18672.29,1731,2023
P03837,Snacks,Product 3837,Brand A,14.59,13.22,4400,74,1.22,4.0,12,64196.0,6028.0,3506,3870
P03838,Frozen,Product 3838,Brand D,30.97,6.5,2173,41,0.54,4.9,95,67297.81,53173.31,1937,2173
P03839,Snacks,Product 3839,Brand A,6.05,27.55,2776,69,1.02,3.4,89,16794.8,-59684.0,1660,1948
P03840,Bakery,Product 3840,Brand D,41.96,19.22,4174,39,2.86,2.7,81,175141.04,94916.76,143,614
P03841,Bakery,Product 3841,Brand B,21.79,7.35,5152,75,2.86,4.4,78,112262.08,74394.88,4792,5152
P03842,Snacks,Product 3842,Brand A,4.99,8.77,4894,27,3.41,3.0,58,24421.06,-18499.32,4217,4711
P03843,Dairy,Product 3843,Brand A,14.82,4.73,4844,68,3.54,3.8,67,71788.08,48875.96,4421,4844
P03844,Bakery,Product 3844,Brand E,38.13,19.96,4811,62,4.95,4.4,37,183443.43,87415.87,4744,4811
P03845,Snacks,Product 3845,Brand C,26.86,3.73,4757,73,1.77,2.7,36,127773.02,110029.41,4569,4757
P03846,Dairy,Product 3846,Brand D,47.55,6.85,1475,39,4.47,4.0,31,70136.25,60032.5,1127,1475
P03847,Bakery,Product 3847,Brand E,13.14,1.95,2366,27,1.37,2.9,80,31089.24,26475.54,2085,2366
P03848,Frozen,Product 3848,Brand D,29.7,17.3,2621,14,5.0,4.5,22,77843.7,32500.4,1826,1854
P03849,Bakery,Product 3849,Brand A,35.35,32.99,3409,78,3.2,2.9,31,120508.15,8045.24,932,1335
P03850,Dairy,Product 3850,Brand B,4.46,35.68,3987,17,3.76,4.6,84,17782.02,-124474.14,3493,3987
P03851,Bakery,Product 3851,Brand D,35.1,23.46,2897,18,0.9,3.2,14,101684.7,33721.08,2686,2897
P03852,Snacks,Product 3852,Brand A,20.53,2.73,4801,41,4.47,3.8,31,98564.53,85457.8,4567,4801
P03853,Bakery,Product 3853,Brand E,47.42,38.02,1980,23,4.46,3.8,88,93891.6,18612.0,1488,1980
P03854,Beverages,Product 3854,Brand A,35.14,15.07,3838,22,1.08,3.0,62,134867.32,77028.66,1012,1425
P03855,Bakery,Product 3855,Brand E,27.91,4.99,1626,27,2.92,3.6,48,45381.66,37267.92,1192,1626
P03856,Snacks,Product 3856,Brand D,33.28,28.31,1388,77,1.21,3.5,46,46192.64,6898.36,1369,1388
P03857,Beverages,Product 3857,Brand A,36.58,13.49,4709,31,1.75,3.5,40,172255.22,108730.81,857,1169
P03858,Snacks,Product 3858,Brand C,40.53,21.05,4164,29,3.11,4.8,71,168766.92,81114.72,1888,2290
P03859,Frozen,Product 3859,Brand C,5.47,5.27,3628,24,4.69,3.3,90,19845.16,725.6,2933,3362
P03860,Frozen,Product 3860,Brand A,19.16,3.67,4692,16,2.29,3.0,15,89898.72,72679.08,3862,3975
P03861,Frozen,Product 3861,Brand D,48.75,21.05,3505,86,4.91,4.4,90,170868.75,97088.5,3161,3505
P03862,Frozen,Product 3862,Brand C,31.67,2.91,2545,39,2.82,3.5,43,80600.15,73194.2,2187,2545
P03863,Frozen,Product 3863,Brand E,21.22,14.84,4364,14,3.97,3.6,96,92604.08,27842.32,3210,3336
P03864,Beverages,Product 3864,Brand D,31.84,38.81,4911,10,4.7,4.0,61,156366.24,-34229.67,2892,3100
P03865,Produce,Product 3865,Brand D,41.96,21.54,4843,69,3.48,3.4,39,203212.28,98894.06,4761,4843
P03866,Snacks,Product 3866,Brand A,35.1,11.44,3595,40,4.96,2.5,22,126184.5,85057.7,3343,3595
P03867,Produce,Product 3867,Brand A,4.99,6.54,4538,29,3.3,4.6,67,22644.62,-7033.9,4497,4538
P03868,Snacks,Product 3868,Brand A,32.52,19.94,3465,92,4.19,4.9,62,112681.8,43589.7,1824,2206
P03869,Produce,Product 3869,Brand A,49.66,38.79,4453,73,2.92,3.6,29,221135.98,48404.11,1033,1302
P03870,Frozen,Product 3870,Brand D,35.21,23.46,3192,73,4.76,3.6,15,112390.32,37506.0,654,1106
P03871,Bakery,Product 3871,Brand C,31.18,6.6,617,38,2.59,4.2,64,19238.06,15165.86,103,308
P03872,Snacks,Product 3872,Brand A,42.4,19.64,4376,19,2.89,3.1,40,185542.4,99597.76,1384,1483
P03873,Frozen,Product 3873,Brand A,37.16,7.25,4620,38,2.95,4.9,68,171679.2,138184.2,4168,4620
P03874,Bakery,Product 3874,Brand C,35.14,32.08,3803,40,2.29,4.1,28,133637.42,11637.18,3720,3803
P03875,Produce,Product 3875,Brand A,49.66,20.8,4629,84,1.67,4.3,79,229876.14,133592.94,4605,4629
P03876,Produce,Product 3876,Brand E,37.16,4.73,604,96,3.9,4.6,37,22444.64,19587.72,187,604
P03877,Frozen,Product 3877,Brand E,41.5,11.76,4647,39,3.79,3.6,22,192850.5,138201.78,4294,4647
P03878,Frozen,Product 3878,Brand B,48.15,21.72,1813,34,4.19,4.8,61,87295.95,47917.59,1740,1813
P03879,Produce,Product 3879,Brand D,49.31,36.21,2961,89,1.22,3.8,83,146006.91,38789.1,316,499
P03880,Snacks,Product 3880,Brand C,10.22,23.95,923,67,2.66,3.7,70,9433.06,-12672.79,290,293
P03881,Bakery,Product 3881,Brand D,47.55,10.08,2092,66,1.04,2.5,50,99474.6,78387.24,1833,2092
P03882,Dairy,Product 3882,Brand B,35.09,9.99,4842,96,0.66,4.6,54,169905.78,121534.2,4812,4842
P03883,Snacks,Product 3883,Brand B,29.1,17.02,1451,72,1.04,3.1,16,42224.1,17528.08,1305,1451
P03884,Frozen,Product 3884,Brand C,37.56,6.44,3192,46,4.8,2.5,91,119891.52,99335.04,2742,3192
P03885,Produce,Product 3885,Brand D,11.96,36.87,3810,67,1.28,4.9,95,45567.6,-94907.1,3330,3810
P03886,Frozen,Product 3886,Brand B,3.23,8.85,3947,37,4.91,3.7,23,12748.81,-22182.14,3406,3833
P03887,Bakery,Product 3887,Brand A,49.32,11.56,4698,36,0.72,4.3,45,231705.36,177396.48,2947,3404
P03888,Produce,Product 3888,Brand D,13.26,39.3,3879,79,4.98,3.1,17,51435.54,-101009.16,3557,3879
P03889,Frozen,Product 3889,Brand C,37.78,15.13,4937,46,4.41,3.1,21,186519.86,111823.05,4725,4937
P03890,Beverages,Product 3890,Brand E,24.2,34.71,3482,15,2.59,3.3,49,84264.4,-36595.82,3455,3482
P03891,Produce,Product 3891,Brand B,22.26,13.44,4622,98,4.91,2.9,97,102885.72,40766.04,4266,4622
P03892,Bakery,Product 3892,Brand E,25.65,39.47,3844,86,3.9,3.4,71,98598.6,-53124.08,2264,2369
P03893,Beverages,Product 3893,Brand A,3.76,2.73,4658,71,0.79,3.3,23,17514.08,4797.74,199,309
P03894,Bakery,Product 3894,Brand A,14.81,23.8,1033,42,0.52,4.5,58,15298.73,-9286.67,699,718
P03895,Produce,Product 3895,Brand E,31.84,39.47,4732,98,3.19,3.8,60,150666.88,-36105.16,959,975
P03896,Snacks,Product 3896,Brand B,32.23,33.61,4273,87,4.34,4.9,71,137718.79,-5896.74,3991,4273
P03897,Beverages,Product 3897,Brand D,37.87,21.54,4594,49,3.82,4.1,14,173974.78,75020.02,2781,3051
P03898,Bakery,Product 3898,Brand C,31.84,3.93,4733,50,4.46,3.5,92,150698.72,132098.03,2204,2251
P03899,Beverages,Product 3899,Brand A,36.02,37.34,4405,51,3.0,3.7,76,158668.1,-5814.6,2340,2486
P03900,Snacks,Product 3900,Brand B,32.52,9.99,3658,18,0.51,4.9,10,118958.16,82414.74,1093,1249
P03901,Beverages,Product 3901,Brand C,48.75,6.54,4377,27,2.26,4.1,58,213378.75,184753.17,4010,4377
P03902,Frozen,Product 3902,Brand A,5.47,2.73,4084,24,2.63,3.7,26,22339.48,11190.16,3681,4084
P03903,Frozen,Product 3903,Brand D,4.81,25.07,4060,13,0.99,2.9,82,19528.6,-82255.6,1276,1306
P03904,Bakery,Product 3904,Brand D,48.52,5.6,4330,43,0.99,3.3,44,210091.6,185843.6,4225,4330
P03905,Bakery,Product 3905,Brand B,5.16,11.14,3689,71,4.44,4.6,76,19035.24,-22060.22,3540,3689
P03906,Frozen,Product 3906,Brand D,18.44,18.17,3967,47,2.31,3.5,22,73151.48,1071.09,3562,3967
P03907,Produce,Product 3907,Brand B,42.92,16.71,2566,90,0.71,3.6,46,110132.72,67254.86,1476,1524
P03908,Dairy,Product 3908,Brand E,24.2,1.95,854,80,2.14,4.7,47,20666.8,19001.5,671,854
P03909,Bakery,Product 3909,Brand B,18.19,11.44,4419,32,2.59,4.9,87,80381.61,29828.25,4261,4419
P03910,Frozen,Product 3910,Brand E,40.37,35.92,2810,29,0.66,3.4,15,113439.7,12504.5,2313,2810
P03911,Dairy,Product 3911,Brand A,45.36,23.46,2481,65,4.83,3.5,72,112538.16,54333.9,1615,1657
P03912,Dairy,Product 3912,Brand A,3.23,13.8,3989,62,0.71,3.7,58,12884.47,-42163.73,3824,3989
P03913,Bakery,Product 3913,Brand B,23.27,30.06,5056,11,0.73,3.1,18,117653.12,-34330.24,4759,5056
P03914,Beverages,Product 3914,Brand C,47.58,34.16,4168,30,4.69,3.8,45,198313.44,55934.56,279,453
P03915,Dairy,Product 3915,Brand D,25.23,18.3,3355,85,0.5,4.4,32,84646.65,23250.15,825,1177
P03916,Beverages,Product 3916,Brand A,5.47,2.73,5066,51,2.55,3.7,88,27711.02,13880.84,4972,5066
P03917,Beverages,Product 3917,Brand A,5.96,27.03,1490,66,1.73,3.6,66,8880.4,-31394.3,1140,1354
P03918,Dairy,Product 3918,Brand C,37.16,1.07,4720,58,3.02,2.6,59,175395.2,170344.8,181,369
P03919,Dairy,Product 3919,Brand A,37.92,16.71,3299,19,1.31,2.5,68,125098.08,69971.79,3211,3299
P03920,Produce,Product 3920,Brand C,34.47,4.73,3576,81,0.66,3.6,16,123264.72,106350.24,3118,3576
P03921,Snacks,Product 3921,Brand C,1.56,19.94,4973,70,2.55,2.9,56,7757.88,-91403.74,1305,1777
P03922,Beverages,Product 3922,Brand C,5.47,28.31,4324,30,3.85,3.5,98,23652.28,-98760.16,4067,4324
P03923,Beverages,Product 3923,Brand C,19.44,14.89,4145,69,3.15,3.1,96,80578.8,18859.75,3897,4145
P03924,Frozen,Product 3924,Brand A,19.36,2.73,3135,95,4.58,4.9,84,60693.6,52135.05,3081,3135
P03925,Bakery,Product 3925,Brand C,5.63,7.31,3253,22,2.29,5.0,65,18314.39,-5465.04,2881,3253
P03926,Frozen,Product 3926,Brand D,6.69,39.21,4496,57,1.91,3.1,17,30078.24,-146209.92,3945,4236
P03927,Beverages,Product 3927,Brand D,46.61,28.68,4896,49,0.73,4.6,45,228202.56,87785.28,4752,4896
P03928,Dairy,Product 3928,Brand A,4.99,23.05,3551,72,2.2,4.1,51,17719.49,-64131.06,3546,3551
P03929,Produce,Product 3929,Brand C,39.79,15.4,4765,85,1.97,3.3,48,189599.35,116218.35,1590,2005
P03930,Dairy,Product 3930,Brand B,19.37,18.64,2753,90,3.08,3.1,74,53325.61,2009.69,2388,2753
P03931,Snacks,Product 3931,Brand C,44.0,18.3,2518,18,1.02,2.9,53,110792.0,64712.6,2481,2518
P03932,Bakery,Product 3932,Brand C,23.45,4.73,2484,66,2.23,4.0,86,58249.8,46500.48,147,266
P03933,Bakery,Product 3933,Brand C,40.91,8.91,4517,60,4.1,3.1,89,184790.47,144544.0,4108,4517
P03934,Bakery,Product 3934,Brand D,19.92,6.85,2952,49,0.7,2.7,55,58803.84,38582.64,562,925
P03935,Beverages,Product 3935,Brand D,25.76,18.77,2833,85,2.58,2.5,22,72978.08,19802.67,2464,2833
P03936,Frozen,Product 3936,Brand A,23.27,5.98,2965,82,3.33,3.9,46,68995.55,51264.85,2519,2965
P03937,Dairy,Product 3937,Brand C,25.65,13.49,2046,73,3.08,2.6,23,52479.9,24879.36,1893,2046
P03938,Beverages,Product 3938,Brand D,31.39,13.44,3963,79,3.43,4.9,22,124398.57,71135.85,3640,3963
P03939,Beverages,Product 3939,Brand A,6.45,3.93,2490,73,3.54,3.8,21,16060.5,6274.8,1133,1379
P03940,Dairy,Product 3940,Brand B,42.4,6.44,3756,34,4.6,3.6,64,159254.4,135065.76,687,981
P03941,Bakery,Product 3941,Brand C,20.02,22.66,5098,37,4.34,4.9,37,102061.96,-13458.72,4618,5098
P03942,Bakery,Product 3942,Brand D,23.72,1.64,3541,19,0.7,2.7,31,83992.52,78185.28,3109,3541
P03943,Dairy,Product 3943,Brand A,1.71,9.87,3086,37,2.17,4.6,93,5277.06,-25181.76,2874,3086
P03944,Bakery,Product 3944,Brand D,6.82,21.72,1425,45,4.34,4.9,28,9718.5,-21232.5,575,1053
P03945,Snacks,Product 3945,Brand D,2.24,13.49,4888,20,4.48,4.0,84,10949.12,-54990.0,4440,4888
P03946,Beverages,Product 3946,Brand A,24.2,23.68,2969,30,3.02,4.9,39,71849.8,1543.88,2839,2969
P03947,Bakery,Product 3947,Brand A,29.7,5.54,4875,35,4.48,3.5,63,144787.5,117780.0,4683,4875
P03948,Frozen,Product 3948,Brand D,18.44,23.46,4688,27,4.96,3.5,99,86446.72,-23533.76,3000,3197
P03949,Bakery,Product 3949,Brand A,19.44,25.3,2916,77,4.05,3.1,24,56687.04,-17087.76,1925,2181
P03950,Snacks,Product 3950,Brand B,48.52,8.85,5415,50,3.15,2.5,39,262735.8,214813.05,4948,5415
P03951,Snacks,Product 3951,Brand E,39.79,35.68,2145,24,2.85,4.0,38,85349.55,8815.95,1997,2145
P03952,Produce,Product 3952,Brand D,15.37,5.56,4198,32,0.7,3.7,41,64523.26,41182.38,3856,4198
P03953,Produce,Product 3953,Brand A,2.14,27.55,3933,50,3.8,2.7,39,8416.62,-99937.53,3666,3933
P03954,Snacks,Product 3954,Brand A,45.36,4.73,2431,15,3.2,4.8,25,110270.16,98771.53,1448,1823
P03955,Bakery,Product 3955,Brand B,44.0,27.03,4628,80,3.02,5.0,45,203632.0,78537.16,2457,2795
P03956,Beverages,Product 3956,Brand A,25.76,1.54,2764,69,2.17,3.7,91,71200.64,66944.08,2185,2660
P03957,Produce,Product 3957,Brand A,25.76,1.64,5123,88,4.27,4.6,57,131968.48,123566.76,4708,5123
P03958,Beverages,Product 3958,Brand B,19.36,24.43,3933,61,2.82,4.0,37,76142.88,-19940.31,3642,3933
P03959,Frozen,Product 3959,Brand C,23.45,33.61,4190,18,4.59,3.2,71,98255.5,-42570.4,2546,2718
P03960,Dairy,Product 3960,Brand E,4.99,25.81,4092,39,2.55,4.9,92,20419.08,-85195.44,1700,2139
P03961,Frozen,Product 3961,Brand E,49.66,1.64,3478,53,3.92,3.8,65,172717.48,167013.56,3177,3478
P03962,Bakery,Product 3962,Brand D,23.33,27.32,4320,71,4.53,3.1,65,100785.6,-17236.8,2336,2485
P03963,Frozen,Product 3963,Brand D,3.76,21.54,3101,52,1.33,2.9,84,11659.76,-55135.78,1786,2222
P03964,Snacks,Product 3964,Brand A,37.97,10.69,5003,37,1.31,4.9,26,189963.91,136481.84,4855,5003
P03965,Snacks,Product 3965,Brand A,48.82,11.14,4488,17,4.12,4.0,71,219104.16,169107.84,4223,4488
P03966,Frozen,Product 3966,Brand B,35.09,17.3,3831,60,2.59,3.9,30,134429.79,68153.49,2101,2196
P03967,Beverages,Product 3967,Brand A,35.61,2.11,2311,99,0.8,3.9,46,82294.71,77418.5,234,627
P03968,Dairy,Product 3968,Brand E,15.37,1.29,2075,39,4.44,4.0,43,31892.75,29216.0,1889,2075
P03969,Produce,Product 3969,Brand A,35.21,15.55,4955,20,4.09,2.6,38,174465.55,97415.3,4500,4955
P03970,Frozen,Product 3970,Brand D,44.62,28.68,3059,29,1.04,4.1,77,136492.58,48760.46,2642,3059
P03971,Snacks,Product 3971,Brand D,33.95,5.23,5176,40,4.24,4.3,69,175725.2,148654.72,4919,5176
P03972,Snacks,Product 3972,Brand D,31.39,14.26,3662,43,3.15,3.5,20,114950.18,62730.06,3451,3662
P03973,Dairy,Product 3973,Brand A,20.02,22.49,3673,21,4.6,3.1,99,73533.46,-9072.31,3007,3010
P03974,Frozen,Product 3974,Brand A,5.63,1.07,2537,57,0.66,4.3,91,14283.31,11568.72,2370,2537
P03975,Frozen,Product 3975,Brand B,46.61,23.08,4170,37,3.63,2.8,69,194363.7,98120.1,3774,4170
P03976,Snacks,Product 3976,Brand C,19.34,23.8,3088,76,3.8,3.7,89,59721.92,-13772.48,2127,2477
P03977,Frozen,Product 3977,Brand B,4.99,14.89,3019,72,4.47,3.5,83,15064.81,-29888.1,927,1327
P03978,Beverages,Product 3978,Brand C,1.53,8.65,1648,57,4.22,2.9,43,2521.44,-11733.76,1443,1648
P03979,Frozen,Product 3979,Brand B,42.97,13.22,4572,51,3.85,2.6,42,196458.84,136017.0,4394,4572
P03980,Bakery,Product 3980,Brand B,40.37,16.22,3571,61,4.08,4.2,19,144161.27,86239.65,3227,3571
P03981,Beverages,Product 3981,Brand A,13.26,21.54,1936,14,4.41,4.0,69,25671.36,-16030.08,506,971
P03982,Bakery,Product 3982,Brand D,2.3,34.06,3659,86,3.41,4.7,35,8415.7,-116209.84,1561,1588
P03983,Beverages,Product 3983,Brand B,31.96,24.62,4623,21,1.37,2.8,34,147751.08,33932.82,1874,1903
P03984,Frozen,Product 3984,Brand B,26.86,11.5,2630,68,4.96,4.0,11,70641.8,40396.8,1470,1597
P03985,Bakery,Product 3985,Brand A,37.56,15.99,2018,74,4.83,2.6,99,75796.08,43528.26,585,961
P03986,Bakery,Product 3986,Brand B,19.37,6.5,4737,61,4.53,3.9,93,91755.69,60965.19,462,567
P03987,Frozen,Product 3987,Brand A,42.97,13.49,4984,52,3.97,3.6,12,214162.48,146928.32,3901,4235
P03988,Snacks,Product 3988,Brand E,29.63,36.21,4103,92,2.26,3.8,41,121571.89,-26997.74,311,380
P03989,Produce,Product 3989,Brand D,49.31,39.47,5003,72,3.9,2.9,10,246697.93,49229.52,4896,5003
P03990,Beverages,Product 3990,Brand B,9.69,9.99,3135,59,1.02,4.5,33,30378.15,-940.5,2761,2941
P03991,Frozen,Product 3991,Brand C,41.96,20.55,1117,48,0.99,2.9,59,46869.32,23914.97,1015,1117
P03992,Frozen,Product 3992,Brand D,18.19,37.21,1822,51,2.65,4.0,52,33142.18,-34654.44,1560,1822
P03993,Snacks,Product 3993,Brand E,6.05,35.92,4490,98,3.15,4.0,53,27164.5,-134116.3,4338,4490
P03994,Bakery,Product 3994,Brand A,35.61,11.14,3496,89,1.54,3.7,42,124492.56,85547.12,3456,3496
P03995,Dairy,Product 3995,Brand B,28.36,3.67,1482,26,4.58,4.7,47,42029.52,36590.58,1193,1482
P03996,Snacks,Product 3996,Brand E,25.65,35.92,2759,52,0.67,3.9,61,70768.35,-28334.93,1833,1970
P03997,Produce,Product 3997,Brand A,35.61,7.89,2781,58,4.83,2.5,44,99031.41,77089.32,1651,2141
P03998,Beverages,Product 3998,Brand C,18.44,7.35,1610,14,2.4,4.6,26,29688.4,17854.9,1433,1610
P03999,Frozen,Product 3999,Brand D,31.82,23.68,1031,10,3.19,3.8,67,32806.42,8392.34,964,1031
P04000,Dairy,Product 4000,Brand C,2.24,17.55,3991,76,2.32,3.1,57,8939.84,-61102.21,1386,1537
P04001,Bakery,Product 4001,Brand E,4.46,38.19,4724,33,1.72,4.1,52,21069.04,-159340.52,4255,4724
P04002,Frozen,Product 4002,Brand C,47.42,20.71,4995,38,3.8,4.9,57,236862.9,133416.45,4717,4995
P04003,Beverages,Product 4003,Brand C,5.12,30.03,2740,24,0.52,4.9,53,14028.8,-68253.4,408,901
P04004,Bakery,Product 4004,Brand C,19.23,27.03,4007,13,1.28,4.2,42,77054.61,-31254.6,1643,1971
P04005,Bakery,Product 4005,Brand E,47.13,15.55,4639,53,0.9,3.5,84,218636.07,146499.62,1505,1717
P04006,Beverages,Product 4006,Brand E,5.47,14.89,2006,74,0.74,4.4,96,10972.82,-18896.52,1672,2006
P04007,Beverages,Product 4007,Brand C,5.12,20.71,2451,88,4.47,3.3,92,12549.12,-38211.09,2101,2451
P04008,Bakery,Product 4008,Brand A,22.26,35.92,2618,97,4.12,4.0,85,58276.68,-35761.88,999,1115
P04009,Frozen,Product 4009,Brand E,45.23,8.1,1654,40,4.47,4.1,11,74810.42,61413.02,1207,1343
P04010,Frozen,Product 4010,Brand A,29.7,14.35,4032,29,0.71,4.9,19,119750.4,61891.2,3405,3552
P04011,Snacks,Product 4011,Brand E,18.44,39.5,5322,19,3.97,4.7,92,98137.68,-112081.32,4957,5322
P04012,Produce,Product 4012,Brand D,41.5,26.87,4601,20,3.97,4.0,37,190941.5,67312.63,4435,4601
P04013,Frozen,Product 4013,Brand C,31.67,23.68,4891,91,4.22,2.6,56,154897.97,39079.09,3894,4122
P04014,Beverages,Product 4014,Brand E,4.99,5.23,4554,37,3.37,4.0,17,22724.46,-1092.96,4420,4554
P04015,Frozen,Product 4015,Brand A,31.29,32.34,4654,47,2.14,3.6,32,145623.66,-4886.7,4474,4654
P04016,Snacks,Product 4016,Brand B,4.81,30.33,4274,89,3.81,4.2,57,20557.94,-109072.48,3984,4274
P04017,Beverages,Product 4017,Brand C,37.87,17.78,2906,33,3.17,4.0,72,110050.22,58381.54,2576,2906
P04018,Beverages,Product 4018,Brand B,16.65,39.3,1248,48,0.88,3.5,86,20779.2,-28267.2,501,852
P04019,Produce,Product 4019,Brand E,48.5,5.79,2588,60,2.32,3.5,46,125518.0,110533.48,2193,2588
P04020,Beverages,Product 4020,Brand A,1.89,11.9,3390,85,3.85,4.6,21,6407.1,-33933.9,3347,3390
P04021,Bakery,Product 4021,Brand A,18.44,5.56,3462,59,3.8,4.2,83,63839.28,44590.56,3171,3462
P04022,Bakery,Product 4022,Brand D,35.14,4.93,4095,16,4.53,4.1,90,143898.3,123709.95,3956,4095
P04023,Frozen,Product 4023,Brand D,21.04,9.87,4225,90,4.57,4.2,74,88894.0,47193.25,3801,4225
P04024,Beverages,Product 4024,Brand C,19.36,22.3,2160,77,2.9,3.3,95,41817.6,-6350.4,1907,2160
P04025,Produce,Product 4025,Brand A,19.16,14.89,1905,62,2.63,3.5,24,36499.8,8134.35,1489,1905
P04026,Beverages,Product 4026,Brand C,8.67,33.61,4932,46,1.54,4.2,89,42760.44,-123004.08,4499,4932
P04027,Snacks,Product 4027,Brand B,1.6,9.53,2844,92,1.73,3.7,93,4550.4,-22552.92,2498,2844
P04028,Frozen,Product 4028,Brand E,16.17,24.44,5370,63,1.67,3.7,19,86832.9,-44409.9,4900,5370
P04029,Beverages,Product 4029,Brand D,6.76,14.89,518,99,3.79,2.9,51,3501.68,-4211.34,191,376
P04030,Beverages,Product 4030,Brand A,44.0,35.92,3397,64,1.25,4.0,35,149468.0,27447.76,3332,3397
P04031,Dairy,Product 4031,Brand E,18.31,20.8,2583,84,4.48,4.0,58,47294.73,-6431.67,2279,2583
P04032,Snacks,Product 4032,Brand D,20.02,29.17,3393,40,2.23,4.4,32,67927.86,-31045.95,2916,3393
P04033,Bakery,Product 4033,Brand C,25.65,5.59,3085,74,3.54,4.1,73,79130.25,61885.1,1412,1592
P04034,Produce,Product 4034,Brand C,42.97,2.55,4948,98,2.51,3.7,26,212615.56,199998.16,4653,4948
P04035,Snacks,Product 4035,Brand C,21.22,4.73,4343,68,0.51,4.6,43,92158.46,71616.07,4129,4343
P04036,Produce,Product 4036,Brand A,31.29,19.94,1456,56,2.71,3.5,66,45558.24,16525.6,998,1436
P04037,Beverages,Product 4037,Brand A,21.04,14.15,4514,58,0.67,3.7,95,94974.56,31101.46,3272,3752
P04038,Bakery,Product 4038,Brand B,44.88,7.89,3345,27,4.96,4.5,13,150123.6,123731.55,3192,3345
P04039,Bakery,Product 4039,Brand E,25.23,3.5,1342,12,4.57,3.7,80,33858.66,29161.66,348,708
P04040,Snacks,Product 4040,Brand D,37.92,11.71,4160,27,2.66,2.8,78,157747.2,109033.6,2339,2768
P04041,Beverages,Product 4041,Brand C,27.93,22.44,3831,67,1.35,3.7,92,106999.83,21032.19,2732,3145
P04042,Bakery,Product 4042,Brand A,32.81,11.5,4117,80,4.59,4.6,77,135078.77,87733.27,3484,3841
P04043,Bakery,Product 4043,Brand C,5.16,19.51,4651,90,2.26,3.1,59,23999.16,-66741.85,4363,4651
P04044,Snacks,Product 4044,Brand C,5.63,35.13,3927,34,1.33,4.3,95,22109.01,-115846.5,3804,3927
P04045,Bakery,Product 4045,Brand A,44.88,35.01,1391,27,1.6,3.6,76,62428.08,13729.17,1297,1391
P04046,Dairy,Product 4046,Brand A,16.68,34.56,2471,61,4.69,4.0,96,41216.28,-44181.48,2091,2471
P04047,Bakery,Product 4047,Brand C,43.56,33.76,4982,52,4.81,3.6,77,217015.92,48823.6,4603,4982
P04048,Beverages,Product 4048,Brand B,48.1,39.5,3941,76,3.72,2.7,97,189562.1,33892.6,600,682
P04049,Produce,Product 4049,Brand D,6.76,10.69,1724,98,3.33,3.4,68,11654.24,-6775.32,1261,1369
P04050,Frozen,Product 4050,Brand D,48.15,39.5,825,16,1.53,3.1,87,39723.75,7136.25,198,438
P04051,Bakery,Product 4051,Brand D,27.91,31.67,4831,83,1.98,4.1,72,134833.21,-18164.56,3228,3295
P04052,Snacks,Product 4052,Brand E,19.92,16.22,3617,53,2.85,5.0,76,72050.64,13382.9,2394,2662
P04053,Frozen,Product 4053,Brand E,42.97,30.33,2815,53,4.47,4.0,94,120960.55,35581.6,812,1254
P04054,Produce,Product 4054,Brand B,47.07,26.01,4257,60,2.23,4.5,35,200376.99,89652.42,4014,4257
P04055,Dairy,Product 4055,Brand D,39.04,25.52,482,92,0.52,4.3,10,18817.28,6516.64,206,482
P04056,Beverages,Product 4056,Brand B,20.02,18.64,1837,88,3.97,2.9,77,36776.74,2535.06,145,451
P04057,Snacks,Product 4057,Brand D,23.96,23.08,3900,94,2.92,4.9,87,93444.0,3432.0,2543,2679
P04058,Bakery,Product 4058,Brand B,29.7,5.6,3390,30,3.69,4.0,27,100683.0,81699.0,3231,3390
P04059,Bakery,Product 4059,Brand B,9.69,23.95,3584,46,1.66,4.2,21,34728.96,-51107.84,2763,2915
P04060,Produce,Product 4060,Brand C,36.02,24.62,3965,37,0.66,4.5,47,142819.3,45201.0,1049,1431
P04061,Bakery,Product 4061,Brand E,45.41,5.89,4502,41,3.69,4.9,51,204435.82,177919.04,3668,4065
P04062,Beverages,Product 4062,Brand B,44.88,17.3,3277,66,3.15,3.3,45,147071.76,90379.66,2821,3277
P04063,Frozen,Product 4063,Brand B,31.96,34.71,3940,50,4.96,4.0,25,125922.4,-10835.0,3898,3940
P04064,Dairy,Product 4064,Brand E,16.65,1.95,3723,63,0.54,4.0,74,61987.95,54728.1,3389,3723
P04065,Beverages,Product 4065,Brand D,31.67,36.21,5287,36,4.33,4.0,76,167439.29,-24002.98,4824,5287
P04066,Snacks,Product 4066,Brand A,5.47,1.95,3914,96,4.44,4.4,48,21409.58,13777.28,3434,3903
P04067,Beverages,Product 4067,Brand C,29.6,30.88,3656,83,1.06,3.8,68,108217.6,-4679.68,3321,3656
P04068,Frozen,Product 4068,Brand A,35.09,20.19,4986,49,0.52,4.5,88,174958.74,74291.4,3417,3443
P04069,Produce,Product 4069,Brand C,14.82,30.33,4862,50,2.01,2.7,47,72054.84,-75409.62,4696,4862
P04070,Produce,Product 4070,Brand B,3.76,32.99,2283,79,0.84,2.7,25,8584.08,-66732.09,1917,2283
P04071,Bakery,Product 4071,Brand D,8.01,21.52,4438,33,2.6,3.5,90,35548.38,-59957.38,4144,4438
P04072,Bakery,Product 4072,Brand C,14.77,26.01,3459,27,2.29,2.7,83,51089.43,-38879.16,2321,2760
P04073,Beverages,Product 4073,Brand B,20.02,7.68,4885,83,3.76,3.5,20,97797.7,60280.9,4788,4885
P04074,Dairy,Product 4074,Brand E,47.42,26.87,4761,65,3.15,2.9,37,225766.62,97838.55,4367,4761
P04075,Bakery,Product 4075,Brand D,49.31,34.56,2981,24,0.7,3.9,91,146993.11,43969.75,1057,1524
P04076,Bakery,Product 4076,Brand A,37.97,7.49,5085,81,1.98,3.5,86,193077.45,154990.8,4818,5085
P04077,Beverages,Product 4077,Brand E,31.67,39.99,5301,44,0.73,3.8,89,167882.67,-44104.32,4914,5301
P04078,Dairy,Product 4078,Brand C,10.22,8.91,3181,36,4.76,3.0,11,32509.82,4167.11,2485,2608
P04079,Frozen,Product 4079,Brand A,19.34,11.3,1582,98,1.66,2.9,29,30595.88,12719.28,1534,1557
P04080,Snacks,Product 4080,Brand B,44.88,23.68,3587,12,2.23,5.0,85,160984.56,76044.4,3269,3587
P04081,Produce,Product 4081,Brand C,44.67,2.11,3282,30,3.0,3.6,81,146606.94,139681.92,3084,3282
P04082,Beverages,Product 4082,Brand A,14.82,4.0,3397,48,3.82,4.0,47,50343.54,36755.54,3356,3397
P04083,Dairy,Product 4083,Brand D,6.82,30.06,1888,41,1.67,4.3,65,12876.16,-43877.12,1536,1657
P04084,Beverages,Product 4084,Brand E,42.97,2.55,4998,59,3.2,3.9,93,214764.06,202019.16,4573,4998
P04085,Produce,Product 4085,Brand C,5.96,19.01,3041,94,3.41,4.0,48,18124.36,-39685.05,1532,1881
P04086,Bakery,Product 4086,Brand B,31.96,16.16,1878,18,1.02,3.1,40,60020.88,29672.4,1874,1878
P04087,Produce,Product 4087,Brand E,49.32,39.21,2447,59,4.47,3.4,89,120686.04,24739.17,517,772
P04088,Dairy,Product 4088,Brand A,23.45,39.21,3253,10,4.53,3.7,32,76282.85,-51267.28,1082,1213
P04089,Frozen,Product 4089,Brand E,10.59,7.35,4691,13,4.98,4.3,43,49677.69,15198.84,1238,1706
P04090,Dairy,Product 4090,Brand D,40.53,7.17,3335,13,0.9,4.7,26,135167.55,111255.6,3028,3335
P04091,Frozen,Product 4091,Brand B,18.19,15.37,2094,99,2.14,3.6,33,38089.86,5905.08,1333,1516
P04092,Dairy,Product 4092,Brand D,21.56,39.99,4749,43,4.83,4.7,44,102388.44,-87524.07,4642,4749
P04093,Beverages,Product 4093,Brand E,34.47,23.95,4621,36,1.33,3.3,32,159285.87,48612.92,930,1429
P04094,Frozen,Product 4094,Brand C,42.4,6.5,4640,24,4.58,3.7,17,196736.0,166576.0,4193,4640
P04095,Snacks,Product 4095,Brand A,49.32,37.34,4565,41,1.72,3.1,63,225145.8,54688.7,4388,4565
P04096,Bakery,Product 4096,Brand C,31.67,31.01,3032,50,2.66,4.0,96,96023.44,2001.12,2960,3032
P04097,Beverages,Product 4097,Brand C,40.91,36.48,3919,80,4.92,3.7,30,160326.29,17361.17,2068,2138
P04098,Dairy,Product 4098,Brand E,37.79,2.29,2640,70,3.92,3.7,28,99765.6,93720.0,2571,2640
P04099,Produce,Product 4099,Brand B,3.11,24.92,5165,72,3.02,3.1,40,16063.15,-112648.65,4901,5165
P04100,Dairy,Product 4100,Brand A,6.69,36.48,4966,70,0.75,4.7,59,33222.54,-147937.14,4843,4966
P04101,Bakery,Product 4101,Brand A,47.79,3.5,5382,23,1.28,3.8,80,257205.78,238368.78,4990,5382
P04102,Snacks,Product 4102,Brand A,13.26,35.92,5163,32,4.44,2.9,33,68461.38,-116993.58,4936,5163
P04103,Snacks,Product 4103,Brand B,39.08,35.92,4840,74,2.26,4.9,55,189147.2,15294.4,4437,4840
P04104,Snacks,Product 4104,Brand D,35.61,38.02,4004,41,4.91,4.2,17,142582.44,-9649.64,1609,1977
P04105,Beverages,Product 4105,Brand C,6.05,5.23,1677,50,0.73,2.9,86,10145.85,1375.14,872,1330
P04106,Frozen,Product 4106,Brand C,42.97,10.27,4362,35,1.66,3.5,12,187435.14,142637.4,3772,3955
P04107,Snacks,Product 4107,Brand D,40.53,16.22,4313,57,0.7,2.7,43,174805.89,104849.03,4086,4313
P04108,Beverages,Product 4108,Brand B,25.09,30.89,4753,82,2.65,2.7,86,119252.77,-27567.4,4296,4753
P04109,Dairy,Product 4109,Brand C,32.48,17.78,3029,25,4.19,2.7,66,98381.92,44526.3,2957,3029
P04110,Bakery,Product 4110,Brand E,18.44,20.19,4518,40,3.19,4.0,67,83311.92,-7906.5,2780,2788
P04111,Snacks,Product 4111,Brand D,14.81,25.0,2319,75,1.04,3.5,44,34344.39,-23630.61,1878,2319
P04112,Dairy,Product 4112,Brand B,6.82,24.62,2191,41,4.19,3.1,30,14942.62,-38999.8,2119,2191
P04113,Dairy,Product 4113,Brand B,16.17,1.54,4509,19,2.6,3.0,74,72910.53,65966.67,3024,3236
P04114,Produce,Product 4114,Brand E,49.35,11.14,1963,34,3.3,4.5,75,96874.05,75006.23,688,951
P04115,Produce,Product 4115,Brand D,28.14,23.97,2001,91,4.69,4.6,66,56308.14,8344.17,372,418
P04116,Beverages,Product 4116,Brand D,49.66,6.54,3179,54,2.95,2.7,51,157869.14,137078.48,3029,3179
P04117,Bakery,Product 4117,Brand A,27.91,6.5,2215,33,3.0,4.0,52,61820.65,47423.15,2134,2215
P04118,Frozen,Product 4118,Brand A,33.28,2.91,2029,12,2.66,4.0,35,67525.12,61620.73,1601,2029
P04119,Bakery,Product 4119,Brand D,21.22,2.73,2466,71,4.95,2.6,76,52328.52,45596.34,2205,2466
P04120,Snacks,Product 4120,Brand A,26.63,7.87,4742,88,4.91,4.6,97,126279.46,88959.92,3676,4158
P04121,Dairy,Product 4121,Brand C,21.79,36.21,4991,76,4.28,3.5,35,108753.89,-71970.22,4582,4991
P04122,Produce,Product 4122,Brand E,3.22,2.73,4415,64,2.58,4.4,17,14216.3,2163.35,4240,4415
P04123,Bakery,Product 4123,Brand B,31.39,1.95,4716,19,1.53,2.5,56,148035.24,138839.04,1381,1808
P04124,Bakery,Product 4124,Brand C,6.74,25.0,1618,64,2.23,5.0,46,10905.32,-29544.68,914,1057
P04125,Bakery,Product 4125,Brand B,46.61,11.3,4522,31,2.83,4.9,81,210770.42,159671.82,1369,1561
P04126,Bakery,Product 4126,Brand C,14.72,39.87,4594,23,1.47,4.1,91,67623.68,-115539.1,4435,4594
P04127,Beverages,Product 4127,Brand A,27.27,10.08,3821,82,3.4,4.6,27,104198.67,65682.99,3584,3821
P04128,Beverages,Product 4128,Brand C,31.39,34.66,3519,91,2.82,4.1,85,110461.41,-11507.13,1251,1334
P04129,Dairy,Product 4129,Brand C,40.91,13.22,2137,17,0.8,2.9,45,87424.67,59173.53,1837,2137
P04130,Produce,Product 4130,Brand A,15.0,4.0,4950,24,3.33,3.0,11,74250.0,54450.0,4471,4950
P04131,Snacks,Product 4131,Brand A,6.45,11.14,4686,24,5.0,3.7,93,30224.7,-21977.34,2565,2740
P04132,Bakery,Product 4132,Brand B,37.56,34.71,3622,61,4.96,4.0,12,136042.32,10322.7,2354,2494
P04133,Dairy,Product 4133,Brand B,39.04,1.95,1925,79,4.58,4.0,43,75152.0,71398.25,1675,1739
P04134,Bakery,Product 4134,Brand C,44.62,39.87,1286,63,3.51,2.8,55,57381.32,6108.5,932,1211
P04135,Dairy,Product 4135,Brand D,37.79,26.87,2796,85,3.92,2.5,71,105660.84,30532.32,1469,1519
P04136,Produce,Product 4136,Brand A,37.79,32.34,4258,51,0.78,3.1,79,160909.82,23206.1,4002,4217
P04137,Snacks,Product 4137,Brand E,2.14,32.52,4518,28,0.7,3.8,66,9668.52,-137256.84,667,792
P04138,Dairy,Product 4138,Brand C,47.58,23.08,4391,49,0.67,4.1,19,208923.78,107579.5,4355,4391
P04139,Frozen,Product 4139,Brand D,37.02,10.27,4430,78,2.71,3.7,97,163998.6,118502.5,4291,4430
P04140,Snacks,Product 4140,Brand B,8.01,24.44,4921,36,1.35,3.2,27,39417.21,-80852.03,4096,4182
P04141,Produce,Product 4141,Brand D,44.88,16.89,4816,83,4.83,4.9,42,216142.08,134799.84,3287,3718
P04142,Dairy,Product 4142,Brand E,35.35,24.73,4156,52,0.7,2.6,16,146914.6,44136.72,3383,3439
P04143,Produce,Product 4143,Brand E,49.31,14.65,947,61,0.76,2.7,54,46696.57,32823.02,698,947
P04144,Dairy,Product 4144,Brand C,49.35,3.67,3746,55,2.84,2.6,38,184865.1,171117.28,143,365
P04145,Dairy,Product 4145,Brand A,35.48,3.5,3954,23,2.58,2.8,92,140287.92,126448.92,3629,3954
P04146,Dairy,Product 4146,Brand A,31.96,35.92,2274,73,4.37,4.4,47,72677.04,-9005.04,1981,2274
P04147,Produce,Product 4147,Brand B,3.11,31.01,4111,70,5.0,3.1,48,12785.21,-114696.9,3643,4111
P04148,Produce,Product 4148,Brand A,40.53,2.73,3356,67,3.85,2.6,34,136018.68,126856.8,1983,2232
P04149,Produce,Product 4149,Brand A,39.69,7.25,2352,58,2.59,4.1,26,93350.88,76298.88,480,874
P04150,Beverages,Product 4150,Brand B,6.05,23.68,2702,88,3.41,5.0,70,16347.1,-47636.26,2262,2702
P04151,Dairy,Product 4151,Brand D,44.0,18.17,1972,38,4.57,3.0,60,86768.0,50936.76,1758,1972
P04152,Produce,Product 4152,Brand C,5.16,35.68,4881,35,2.23,3.1,46,25185.96,-148968.12,4583,4881
P04153,Dairy,Product 4153,Brand C,37.02,10.22,3150,36,2.85,3.8,76,116613.0,84420.0,2992,3150
P04154,Frozen,Product 4154,Brand E,35.61,4.0,3176,76,4.47,4.6,33,113097.36,100393.36,3082,3176
P04155,Dairy,Product 4155,Brand A,21.56,23.8,1253,76,0.74,3.7,91,27014.68,-2806.72,975,1253
P04156,Snacks,Product 4156,Brand A,48.82,19.22,4801,44,4.37,4.0,58,234384.82,142109.6,3615,4101
P04157,Bakery,Product 4157,Brand B,32.52,34.69,613,69,4.33,3.8,99,19934.76,-1330.21,127,613
P04158,Produce,Product 4158,Brand C,33.95,1.64,1637,70,0.91,4.1,30,55576.15,52891.47,735,1174
P04159,Dairy,Product 4159,Brand A,5.96,34.56,4566,79,3.48,3.1,84,27213.36,-130587.6,2115,2281
P04160,Beverages,Product 4160,Brand C,11.96,5.89,2280,87,2.4,2.7,66,27268.8,13839.6,2224,2280
P04161,Produce,Product 4161,Brand D,31.29,11.56,1563,99,3.15,2.9,50,48906.27,30837.99,686,1141
P04162,Frozen,Product 4162,Brand D,37.92,39.99,4092,12,2.4,2.9,26,155168.64,-8470.44,3722,4092
P04163,Snacks,Product 4163,Brand B,24.23,15.55,4807,42,4.76,4.1,30,116473.61,41724.76,4429,4807
P04164,Snacks,Product 4164,Brand C,37.78,38.01,3990,51,2.86,4.0,77,150742.2,-917.7,3570,3990
P04165,Frozen,Product 4165,Brand C,6.05,1.29,4858,22,0.66,3.0,91,29390.9,23124.08,4524,4858
P04166,Snacks,Product 4166,Brand C,22.63,4.0,4209,38,2.66,4.0,73,95249.67,78413.67,3814,4209
P04167,Bakery,Product 4167,Brand B,16.63,1.29,3567,18,2.59,3.6,53,59319.21,54717.78,3176,3567
P04168,Dairy,Product 4168,Brand C,47.58,25.0,4488,41,2.42,4.0,37,213539.04,101339.04,2495,2847
P04169,Snacks,Product 4169,Brand E,3.82,37.21,4738,31,3.85,2.6,45,18099.16,-158201.82,4109,4191
P04170,Produce,Product 4170,Brand C,31.29,23.08,4114,95,0.7,4.9,46,128727.06,33775.94,3570,3604
P04171,Frozen,Product 4171,Brand D,48.15,20.8,2034,67,0.52,3.6,53,97937.1,55629.9,1382,1445
P04172,Produce,Product 4172,Brand D,13.14,19.51,941,66,2.23,3.4,59,12364.74,-5994.17,490,492
P04173,Dairy,Product 4173,Brand C,43.56,6.5,4852,19,4.22,4.7,99,211353.12,179815.12,2043,2233
P04174,Bakery,Product 4174,Brand E,27.27,18.7,3576,34,3.02,4.3,64,97517.52,30646.32,2050,2441
P04175,Beverages,Product 4175,Brand E,21.79,22.49,2780,71,1.67,3.0,97,60576.2,-1946.0,2737,2780
P04176,Frozen,Product 4176,Brand C,5.94,19.51,4902,72,4.18,2.7,19,29117.88,-66520.14,103,198
P04177,Produce,Product 4177,Brand A,21.04,34.56,3064,85,4.92,3.3,47,64466.56,-41425.28,2790,3064
P04178,Bakery,Product 4178,Brand C,6.05,35.86,4352,12,4.95,3.6,58,26329.6,-129733.12,4204,4352
P04179,Frozen,Product 4179,Brand D,37.16,7.79,3645,92,1.72,4.6,81,135448.2,107053.65,3638,3645
P04180,Bakery,Product 4180,Brand E,26.86,8.85,3061,56,1.35,3.5,11,82218.46,55128.61,2847,3061
P04181,Dairy,Product 4181,Brand B,18.31,6.54,3024,64,2.0,2.5,53,55369.44,35592.48,1774,2082
P04182,Bakery,Product 4182,Brand B,17.1,32.34,3927,35,3.79,3.2,44,67151.7,-59847.48,3634,3927
P04183,Beverages,Product 4183,Brand C,31.96,25.52,3436,22,4.37,3.8,30,109814.56,22127.84,1031,1129
P04184,Bakery,Product 4184,Brand A,37.79,9.87,4593,16,2.23,4.2,66,173569.47,128236.56,224,526
P04185,Frozen,Product 4185,Brand A,6.79,32.08,3324,43,0.76,3.1,32,22569.96,-84063.96,2965,3324
P04186,Produce,Product 4186,Brand D,27.74,5.54,1827,31,4.96,4.4,41,50680.98,40559.4,358,400
P04187,Beverages,Product 4187,Brand D,9.69,39.5,4084,93,0.98,4.6,99,39573.96,-121744.04,3768,4084
P04188,Snacks,Product 4188,Brand D,45.16,11.14,3475,32,3.41,3.0,80,156931.0,118219.5,3233,3475
P04189,Beverages,Product 4189,Brand E,34.47,10.27,1455,57,4.19,4.7,42,50153.85,35211.0,1071,1455
P04190,Frozen,Product 4190,Brand A,9.69,4.93,4578,23,0.67,4.1,26,44360.82,21791.28,4474,4578
P04191,Produce,Product 4191,Brand D,33.28,13.22,4809,96,4.8,2.9,81,160043.52,96468.54,1246,1493
P04192,Frozen,Product 4192,Brand E,19.34,17.3,5120,61,2.95,4.0,51,99020.8,10444.8,4784,5120
P04193,Bakery,Product 4193,Brand E,9.49,4.99,3188,92,2.23,2.9,26,30254.12,14346.0,2419,2497
P04194,Beverages,Product 4194,Brand C,37.92,13.22,4272,48,0.5,3.5,57,161994.24,105518.4,4148,4272
P04195,Produce,Product 4195,Brand A,42.92,13.22,5186,50,2.59,4.3,57,222583.12,154024.2,4697,5186
P04196,Bakery,Product 4196,Brand C,35.48,23.68,3736,45,2.0,3.9,91,132553.28,44084.8,3440,3472
P04197,Bakery,Product 4197,Brand A,24.2,5.59,3212,15,2.31,3.3,66,77730.4,59775.32,992,1414
P04198,Bakery,Product 4198,Brand C,45.16,25.52,2882,32,2.23,2.7,70,130151.12,56602.48,2715,2882
P04199,Snacks,Product 4199,Brand A,44.62,20.55,4695,19,0.91,3.3,53,209490.9,113008.65,4413,4695
P04200,Snacks,Product 4200,Brand C,35.35,38.79,4747,94,1.64,3.7,32,167806.45,-16329.68,3723,3753
P04201,Dairy,Product 4201,Brand D,1.71,5.27,2560,69,3.17,2.5,85,4377.6,-9113.6,2306,2560
P04202,Beverages,Product 4202,Brand E,5.12,23.8,3948,39,1.28,4.1,96,20213.76,-73748.64,459,628
P04203,Snacks,Product 4203,Brand B,47.42,10.69,3901,79,4.95,3.9,62,184985.42,143283.73,1588,1947
P04204,Snacks,Product 4204,Brand C,44.88,39.3,2783,14,1.21,3.9,42,124901.04,15529.14,390,783
P04205,Beverages,Product 4205,Brand E,19.37,37.82,3860,88,0.82,2.6,65,74768.2,-71217.0,3126,3158
P04206,Snacks,Product 4206,Brand A,42.4,5.89,2703,66,3.02,4.5,37,114607.2,98686.53,2213,2397
P04207,Dairy,Product 4207,Brand C,29.7,15.07,3300,52,3.19,4.0,32,98010.0,48279.0,2304,2357
P04208,Dairy,Product 4208,Brand D,29.6,27.55,4349,61,4.27,4.4,72,128730.4,8915.45,3958,4349
P04209,Bakery,Product 4209,Brand A,23.45,13.44,4107,98,2.26,4.0,16,96309.15,41111.07,3647,4107
P04210,Produce,Product 4210,Brand A,28.16,11.9,4730,86,2.95,3.3,11,133196.8,76909.8,1666,2073
P04211,Bakery,Product 4211,Brand B,47.79,25.0,2841,15,3.81,4.1,74,135771.39,64746.39,2504,2841
P04212,Dairy,Product 4212,Brand A,26.86,21.22,5162,11,2.63,3.7,13,138651.32,29113.68,4726,5162
P04213,Frozen,Product 4213,Brand B,3.25,27.03,4725,26,3.0,3.8,17,15356.25,-112360.5,579,728
P04214,Dairy,Product 4214,Brand B,22.02,22.44,5068,97,1.54,3.4,58,111597.36,-2128.56,4992,5068
P04215,Beverages,Product 4215,Brand A,40.37,1.29,1669,21,4.48,3.9,38,67377.53,65224.52,1199,1669
P04216,Bakery,Product 4216,Brand D,35.09,19.01,2742,53,4.46,4.1,91,96216.78,44091.36,2335,2742
P04217,Snacks,Product 4217,Brand D,48.82,39.99,3931,63,4.18,3.6,64,191911.42,34710.73,3862,3931
P04218,Bakery,Product 4218,Brand E,5.63,22.44,2934,87,0.52,3.7,46,16518.42,-49320.54,575,849
P04219,Snacks,Product 4219,Brand D,37.56,23.97,3706,16,2.82,2.9,15,139197.36,50364.54,3477,3706
P04220,Beverages,Product 4220,Brand C,31.29,34.71,4188,99,4.54,3.1,33,131042.52,-14322.96,1016,1053
P04221,Dairy,Product 4221,Brand A,49.53,18.7,4979,41,0.76,3.0,88,246609.87,153502.57,4844,4979
P04222,Beverages,Product 4222,Brand A,47.55,31.01,2370,38,3.79,4.4,49,112693.5,39199.8,2309,2370
P04223,Beverages,Product 4223,Brand A,32.52,6.92,5128,55,0.82,4.6,21,166762.56,131276.8,4997,5128
P04224,Snacks,Product 4224,Brand A,14.81,20.71,2172,82,4.83,4.4,73,32167.32,-12814.8,2171,2172
P04225,Bakery,Product 4225,Brand A,21.04,37.21,4894,87,2.82,3.9,55,102969.76,-79135.98,1459,1519
P04226,Snacks,Product 4226,Brand B,8.98,34.56,3095,62,1.77,3.5,23,27793.1,-79170.1,1407,1797
P04227,Dairy,Product 4227,Brand A,49.35,39.47,2701,90,4.92,4.6,36,133294.35,26685.88,2321,2701
P04228,Beverages,Product 4228,Brand D,6.79,11.14,3248,34,1.04,4.7,46,22053.92,-14128.8,2921,3248
P04229,Snacks,Product 4229,Brand D,31.82,21.22,4772,62,3.79,2.7,86,151845.04,50583.2,4425,4772
P04230,Snacks,Product 4230,Brand D,2.24,38.79,2267,38,1.04,2.7,71,5078.08,-82858.85,802,1244
P04231,Produce,Product 4231,Brand C,31.82,20.71,1345,91,3.9,4.9,76,42797.9,14942.95,217,248
P04232,Beverages,Product 4232,Brand D,22.63,33.61,2464,92,3.85,3.7,89,55760.32,-27054.72,2200,2464
P04233,Beverages,Product 4233,Brand B,47.57,18.77,4296,90,3.85,2.7,85,204360.72,123724.8,3363,3825
P04234,Dairy,Product 4234,Brand C,42.92,18.17,5142,15,3.65,2.7,23,220694.64,127264.5,4767,5142
P04235,Snacks,Product 4235,Brand D,25.23,10.08,2464,85,2.23,4.2,48,62166.72,37329.6,2060,2459
P04236,Bakery,Product 4236,Brand C,31.82,38.81,4725,47,3.51,2.5,14,150349.5,-33027.75,4718,4725
P04237,Snacks,Product 4237,Brand B,32.48,10.7,4965,12,1.37,3.3,85,161263.2,108137.7,871,1262
P04238,Bakery,Product 4238,Brand C,3.76,20.71,3346,44,4.8,4.8,35,12580.96,-56714.7,2929,3346
P04239,Beverages,Product 4239,Brand A,27.91,30.88,4733,64,2.45,3.2,90,132098.03,-14057.01,4308,4733
P04240,Bakery,Product 4240,Brand C,1.56,7.68,3248,56,0.99,4.6,62,5066.88,-19877.76,1387,1828
P04241,Dairy,Product 4241,Brand E,16.68,6.92,1602,42,0.71,2.9,72,26721.36,15635.52,1467,1602
P04242,Bakery,Product 4242,Brand A,41.27,35.92,4137,12,4.34,4.4,20,170733.99,22132.95,3694,4137
P04243,Snacks,Product 4243,Brand D,49.66,24.92,2730,78,0.75,4.9,42,135571.8,67540.2,198,218
P04244,Bakery,Product 4244,Brand D,6.05,10.7,3777,68,3.48,4.6,50,22850.85,-17563.05,1146,1473
P04245,Produce,Product 4245,Brand D,3.22,39.3,4868,87,3.48,4.9,49,15674.96,-175637.44,4434,4868
P04246,Beverages,Product 4246,Brand C,27.27,4.0,4045,27,2.9,3.3,55,110307.15,94127.15,3903,4045
P04247,Bakery,Product 4247,Brand B,35.48,2.55,4229,86,0.91,4.4,13,150044.92,139260.97,3855,4229
P04248,Beverages,Product 4248,Brand A,23.27,27.32,4725,75,3.15,3.1,20,109950.75,-19136.25,4582,4725
P04249,Snacks,Product 4249,Brand B,15.37,28.68,4582,34,0.79,2.9,90,70425.34,-60986.42,705,915
P04250,Beverages,Product 4250,Brand E,14.72,31.01,2954,29,0.66,4.5,36,43482.88,-48120.66,2269,2663
P04251,Produce,Product 4251,Brand D,3.76,19.51,1145,80,0.54,3.1,17,4305.2,-18033.75,662,1145
P04252,Frozen,Product 4252,Brand B,37.79,17.55,4575,84,5.0,3.2,30,172889.25,92598.0,4100,4575
P04253,Beverages,Product 4253,Brand A,32.12,2.55,1233,78,4.37,3.5,14,39603.96,36459.81,119,244
P04254,Snacks,Product 4254,Brand B,31.82,15.07,5228,38,2.65,2.5,71,166354.96,87569.0,4737,5228
P04255,Frozen,Product 4255,Brand A,47.07,34.06,4381,27,4.05,4.0,41,206213.67,56996.81,4060,4381
P04256,Bakery,Product 4256,Brand D,5.16,32.77,1862,81,2.85,4.4,98,9607.92,-51409.82,1423,1862
P04257,Frozen,Product 4257,Brand D,45.41,24.92,4053,36,0.74,3.2,67,184046.73,83045.97,3641,4053
P04258,Frozen,Product 4258,Brand C,48.5,37.82,4774,51,3.85,3.5,81,231539.0,50986.32,3257,3611
P04259,Snacks,Product 4259,Brand A,23.27,15.07,4272,75,4.53,4.0,36,99409.44,35030.4,3840,4272
P04260,Produce,Product 4260,Brand A,47.42,34.66,4018,35,2.17,3.4,35,190533.56,51269.68,2259,2262
P04261,Bakery,Product 4261,Brand A,29.7,8.91,4067,32,2.85,3.1,49,120789.9,84552.93,1414,1858
P04262,Dairy,Product 4262,Brand E,31.18,20.19,3747,14,1.02,3.8,38,116831.46,41179.53,2526,3023
P04263,Snacks,Product 4263,Brand E,33.28,11.44,4184,89,4.08,4.4,82,139243.52,91378.56,4053,4184
P04264,Beverages,Product 4264,Brand E,39.96,21.52,3605,20,2.45,4.9,91,144055.8,66476.2,1039,1114
P04265,Beverages,Product 4265,Brand E,29.59,2.55,1168,28,3.11,3.3,16,34561.12,31582.72,337,661
P04266,Bakery,Product 4266,Brand D,47.13,28.68,2218,89,3.08,4.6,30,104534.34,40922.1,743,1221
P04267,Frozen,Product 4267,Brand C,29.7,15.13,4271,21,2.58,3.4,89,126848.7,62228.47,284,707
P04268,Produce,Product 4268,Brand E,48.2,5.54,4831,11,3.82,4.7,76,232854.2,206090.46,1930,2368
P04269,Snacks,Product 4269,Brand D,19.34,36.87,3166,52,4.41,3.6,19,61230.44,-55499.98,1885,2045
P04270,Bakery,Product 4270,Brand C,33.95,32.52,4780,31,4.39,4.5,71,162281.0,6835.4,1548,1820
P04271,Dairy,Product 4271,Brand A,6.69,9.99,4694,35,0.7,3.0,17,31402.86,-15490.2,4677,4694
P04272,Dairy,Product 4272,Brand A,42.4,13.29,2057,42,0.73,4.9,13,87216.8,59879.27,1481,1876
P04273,Snacks,Product 4273,Brand D,31.75,9.99,1100,33,1.64,3.5,38,34925.0,23936.0,461,817
P04274,Produce,Product 4274,Brand C,42.92,19.01,1191,78,2.86,4.2,21,51117.72,28476.81,1159,1191
P04275,Dairy,Product 4275,Brand E,48.52,34.71,2949,30,3.72,3.9,60,143085.48,40725.69,615,992
P04276,Frozen,Product 4276,Brand C,2.24,7.89,3257,55,4.81,3.7,28,7295.68,-18402.05,429,912
P04277,Bakery,Product 4277,Brand B,4.46,32.34,3615,27,0.67,4.6,40,16122.9,-100786.2,3241,3615
P04278,Produce,Product 4278,Brand C,14.77,4.52,3994,14,4.83,4.6,35,58991.38,40938.5,3839,3994
P04279,Beverages,Product 4279,Brand C,6.79,18.7,2058,17,4.48,3.3,15,13973.82,-24510.78,392,504
P04280,Dairy,Product 4280,Brand E,48.82,29.17,4771,94,4.44,4.2,38,232920.22,93750.15,459,557
P04281,Bakery,Product 4281,Brand D,14.77,20.38,4671,66,4.48,4.2,26,68990.67,-26204.31,1709,1970
P04282,Beverages,Product 4282,Brand A,29.59,16.71,3016,14,3.81,3.6,29,89243.44,38846.08,2671,3016
P04283,Produce,Product 4283,Brand C,41.27,5.04,1552,22,1.06,4.6,51,64051.04,56228.96,1460,1552
P04284,Bakery,Product 4284,Brand D,26.3,2.91,1996,92,4.19,2.6,56,52494.8,46686.44,723,869
P04285,Produce,Product 4285,Brand A,48.2,19.01,2849,75,2.38,4.3,83,137321.8,83162.31,1665,1668
P04286,Beverages,Product 4286,Brand D,25.65,5.27,2304,46,3.4,4.4,79,59097.6,46955.52,2020,2304
P04287,Produce,Product 4287,Brand C,42.4,28.31,2124,99,5.0,4.1,11,90057.6,29927.16,1611,2061
P04288,Produce,Product 4288,Brand A,35.14,38.81,5103,38,0.72,4.6,83,179319.42,-18728.01,4813,5103
P04289,Bakery,Product 4289,Brand C,49.31,14.84,1968,78,2.71,3.1,46,97042.08,67836.96,674,1016
P04290,Bakery,Product 4290,Brand A,11.96,30.06,2507,41,3.69,4.2,28,29983.72,-45376.7,2101,2507
P04291,Bakery,Product 4291,Brand C,26.3,13.29,2584,57,1.75,4.0,50,67959.2,33617.84,496,869
P04292,Beverages,Product 4292,Brand E,26.3,11.14,3094,11,2.26,5.0,25,81372.2,46905.04,2808,3094
P04293,Snacks,Product 4293,Brand E,5.47,4.0,5079,78,3.15,4.0,93,27782.13,7466.13,4597,5079
P04294,Produce,Product 4294,Brand D,39.69,23.46,1659,60,1.33,3.9,69,65845.71,26925.57,1611,1659
P04295,Dairy,Product 4295,Brand C,23.96,27.55,3273,44,0.75,3.1,66,78421.08,-11750.07,2193,2258
P04296,Frozen,Product 4296,Brand A,13.26,33.61,5103,92,3.2,2.5,73,67665.78,-103846.05,4882,5103
P04297,Snacks,Product 4297,Brand D,37.79,16.16,4794,24,0.54,4.9,14,181165.26,103694.22,4349,4794
P04298,Frozen,Product 4298,Brand C,5.63,18.7,4603,81,1.67,3.2,27,25914.89,-60161.21,4456,4603
P04299,Beverages,Product 4299,Brand D,29.63,8.65,3259,74,1.77,3.8,81,96564.17,68373.82,2792,3259
P04300,Dairy,Product 4300,Brand C,37.97,18.3,3692,47,1.97,2.6,22,140185.24,72621.64,2132,2621
P04301,Frozen,Product 4301,Brand E,22.51,2.05,1634,95,2.26,4.4,83,36781.34,33431.64,1454,1634
P04302,Frozen,Product 4302,Brand A,15.37,16.89,5131,26,2.66,4.0,45,78863.47,-7799.12,4834,5131
P04303,Frozen,Product 4303,Brand B,31.75,8.85,4085,89,1.37,4.0,28,129698.75,93546.5,2852,3201
P04304,Snacks,Product 4304,Brand C,16.82,33.61,1883,54,4.81,3.7,40,31672.06,-31615.57,1392,1883
P04305,Produce,Product 4305,Brand B,49.32,9.99,4188,10,2.2,3.3,32,206552.16,164714.04,3835,4188
P04306,Snacks,Product 4306,Brand C,31.67,38.01,4851,12,4.83,3.3,41,153631.17,-30755.34,4352,4851
P04307,Beverages,Product 4307,Brand C,9.49,18.77,3920,79,1.37,3.0,20,37200.8,-36377.6,3839,3920
P04308,Produce,Product 4308,Brand B,3.82,13.49,5167,61,2.9,3.4,75,19737.94,-49964.89,4809,5167
P04309,Frozen,Product 4309,Brand C,41.27,29.94,2769,62,2.42,3.6,14,114276.63,31372.77,2576,2769
P04310,Beverages,Product 4310,Brand A,19.34,6.31,3291,12,2.2,4.0,22,63647.94,42881.73,2008,2442
P04311,Frozen,Product 4311,Brand C,43.06,10.08,3296,56,2.48,2.5,95,141925.76,108702.08,2999,3296
P04312,Bakery,Product 4312,Brand D,25.14,39.87,3921,84,2.38,4.3,73,98573.94,-57756.33,1375,1498
P04313,Frozen,Product 4313,Brand A,18.44,20.19,4751,95,2.63,3.8,44,87608.44,-8314.25,4462,4751
P04314,Dairy,Product 4314,Brand B,44.67,2.73,3190,15,3.97,3.6,92,142497.3,133788.6,158,386
P04315,Dairy,Product 4315,Brand C,14.81,28.68,4493,55,2.29,3.6,38,66541.33,-62317.91,4023,4493
P04316,Beverages,Product 4316,Brand E,28.14,34.71,798,70,3.48,3.4,32,22455.72,-5242.86,716,798
P04317,Produce,Product 4317,Brand A,42.97,38.81,4882,52,2.14,4.4,92,209779.54,20309.12,3771,4172
P04318,Bakery,Product 4318,Brand B,37.78,7.79,2798,65,2.63,3.5,89,105708.44,83912.02,2318,2798
P04319,Dairy,Product 4319,Brand A,2.3,30.33,3607,79,4.83,5.0,25,8296.1,-101104.21,1811,1895
P04320,Bakery,Product 4320,Brand E,27.91,39.3,4588,29,1.06,4.8,35,128051.08,-52257.32,1442,1685
P04321,Dairy,Product 4321,Brand B,13.14,6.6,5291,56,1.21,4.3,12,69523.74,34603.14,4852,5291
P04322,Produce,Product 4322,Brand C,4.49,31.01,2000,63,3.0,3.2,32,8980.0,-53040.0,1123,1338
P04323,Bakery,Product 4323,Brand A,4.57,25.81,1660,50,2.63,4.6,66,7586.2,-35258.4,833,1309
P04324,Bakery,Product 4324,Brand D,3.82,28.31,3213,84,4.83,2.7,18,12273.66,-78686.37,497,671
P04325,Produce,Product 4325,Brand B,1.53,37.34,4513,75,3.0,3.7,60,6904.89,-161610.53,3186,3532
P04326,Bakery,Product 4326,Brand D,1.89,33.61,4057,40,2.55,3.6,97,7667.73,-128688.04,1068,1511
P04327,Dairy,Product 4327,Brand D,34.47,25.07,4725,73,2.71,4.1,42,162870.75,44415.0,561,888
P04328,Snacks,Product 4328,Brand D,21.79,16.89,4801,99,4.6,3.5,87,104613.79,23524.9,237,342
P04329,Beverages,Product 4329,Brand B,44.62,11.9,918,67,2.4,4.0,33,40961.16,30036.96,861,918
P04330,Dairy,Product 4330,Brand C,28.14,8.1,2573,64,1.97,4.0,59,72404.22,51562.92,2297,2573
P04331,Produce,Product 4331,Brand D,37.87,17.3,4169,55,4.69,4.7,61,157880.03,85756.33,962,1131
P04332,Snacks,Product 4332,Brand E,48.75,29.17,5215,33,1.08,2.8,80,254231.25,102109.7,4976,5215
P04333,Beverages,Product 4333,Brand C,3.25,34.56,4998,86,2.32,4.8,47,16243.5,-156487.38,692,767
P04334,Frozen,Product 4334,Brand C,47.55,10.47,2902,98,0.98,3.3,53,137990.1,107606.16,2447,2902
P04335,Bakery,Product 4335,Brand A,37.97,38.19,1840,46,0.7,3.0,98,69864.8,-404.8,1546,1840
P04336,Snacks,Product 4336,Brand B,32.23,21.72,2072,50,2.48,2.5,65,66780.56,21776.72,1542,1825
P04337,Dairy,Product 4337,Brand D,29.63,11.14,3299,34,3.41,2.6,75,97749.37,60998.51,2906,3299
P04338,Snacks,Product 4338,Brand B,4.62,19.64,4000,38,1.04,3.5,54,18480.0,-60080.0,3425,3621
P04339,Produce,Product 4339,Brand D,48.52,25.81,4353,40,2.17,4.6,61,211207.56,98856.63,3856,4353
P04340,Dairy,Product 4340,Brand D,16.65,32.61,3371,11,3.87,4.2,10,56127.15,-53801.16,1436,1858
P04341,Produce,Product 4341,Brand E,15.37,35.92,4195,21,0.75,4.9,96,64477.15,-86207.25,901,1378
P04342,Snacks,Product 4342,Brand E,22.26,5.79,2826,14,1.22,3.9,91,62906.76,46544.22,2457,2826
P04343,Snacks,Product 4343,Brand D,22.51,39.47,3575,70,2.63,4.0,73,80473.25,-60632.0,3357,3575
P04344,Dairy,Product 4344,Brand A,37.56,32.34,4192,65,0.82,4.5,17,157451.52,21882.24,4039,4192
P04345,Snacks,Product 4345,Brand B,1.71,32.34,4449,87,2.85,4.9,52,7607.79,-136272.87,4179,4449
P04346,Bakery,Product 4346,Brand C,19.36,15.13,3712,80,4.12,2.8,17,71864.32,15701.76,3395,3432
P04347,Produce,Product 4347,Brand C,1.53,27.03,4947,46,1.91,2.9,38,7568.91,-126148.5,4769,4947
P04348,Snacks,Product 4348,Brand C,23.27,5.6,1079,45,4.57,4.7,22,25108.33,19065.93,695,1043
P04349,Beverages,Product 4349,Brand A,37.79,30.03,2347,83,0.9,3.5,10,88693.13,18212.72,2147,2347
P04350,Dairy,Product 4350,Brand C,27.74,7.87,2031,38,2.23,2.5,38,56339.94,40355.97,126,296
P04351,Dairy,Product 4351,Brand E,19.16,10.69,2987,89,3.15,4.4,59,57230.92,25299.89,2528,2987
P04352,Bakery,Product 4352,Brand A,21.22,19.94,1397,47,3.76,4.9,46,29644.34,1788.16,230,540
P04353,Snacks,Product 4353,Brand A,1.6,5.6,3520,94,4.27,2.6,10,5632.0,-14080.0,3167,3292
P04354,Produce,Product 4354,Brand A,18.19,4.0,3614,50,2.55,4.1,78,65738.66,51282.66,3451,3614
P04355,Bakery,Product 4355,Brand C,27.74,22.44,4336,42,3.15,3.5,57,120280.64,22980.8,2432,2811
P04356,Dairy,Product 4356,Brand C,5.47,20.55,2883,90,4.92,2.7,64,15770.01,-43475.64,836,1123
P04357,Snacks,Product 4357,Brand D,26.86,31.67,4730,22,5.0,2.5,75,127047.8,-22751.3,3947,4301
P04358,Beverages,Product 4358,Brand D,14.59,7.68,1903,15,3.69,4.0,72,27764.77,13149.73,1398,1648
P04359,Frozen,Product 4359,Brand B,25.23,38.02,4645,75,3.72,4.6,31,117193.35,-59409.55,1191,1570
P04360,Frozen,Product 4360,Brand B,26.86,15.4,4725,17,4.59,3.5,20,126913.5,54148.5,332,762
P04361,Snacks,Product 4361,Brand B,25.65,13.22,865,73,4.12,2.7,38,22187.25,10751.95,321,549
P04362,Snacks,Product 4362,Brand C,32.52,7.31,3555,18,4.69,4.0,12,115608.6,89621.55,552,697
P04363,Bakery,Product 4363,Brand D,14.77,8.77,4612,32,4.37,4.4,54,68119.24,27672.0,4499,4612
P04364,Frozen,Product 4364,Brand E,48.17,25.3,3563,80,0.8,3.3,86,171629.71,81485.81,1035,1376
P04365,Dairy,Product 4365,Brand E,30.97,15.13,2087,30,2.51,3.8,12,64634.39,33058.08,1443,1789
P04366,Dairy,Product 4366,Brand D,31.39,20.71,2900,10,3.81,2.6,83,91031.0,30972.0,2411,2900
P04367,Snacks,Product 4367,Brand A,19.36,15.07,4925,55,3.07,4.1,77,95348.0,21128.25,464,556
P04368,Snacks,Product 4368,Brand A,2.3,39.99,3856,71,2.58,4.6,23,8868.8,-145332.64,2889,3070
P04369,Bakery,Product 4369,Brand E,42.92,25.3,1478,11,0.91,3.9,96,63435.76,26042.36,1350,1478
P04370,Snacks,Product 4370,Brand C,14.82,19.64,833,84,1.35,4.1,90,12345.06,-4015.06,555,833
P04371,Bakery,Product 4371,Brand A,41.27,10.69,2305,91,0.72,4.3,74,95127.35,70486.9,1863,2305
P04372,Dairy,Product 4372,Brand E,47.13,31.45,4161,53,0.52,4.6,66,196107.93,65244.48,3992,4161
P04373,Produce,Product 4373,Brand B,29.2,29.94,4782,97,2.42,4.4,24,139634.4,-3538.68,4523,4782
P04374,Frozen,Product 4374,Brand A,46.61,29.17,4180,92,4.09,2.6,69,194829.8,72899.2,3832,4180
P04375,Beverages,Product 4375,Brand B,33.95,28.68,3015,14,2.59,3.5,63,102359.25,15889.05,918,981
P04376,Beverages,Product 4376,Brand E,40.91,30.33,4676,48,0.99,3.5,11,191295.16,49472.08,4192,4676
P04377,Frozen,Product 4377,Brand B,35.35,10.47,4893,75,4.22,3.1,91,172967.55,121737.84,2065,2387
P04378,Beverages,Product 4378,Brand C,40.91,10.7,4291,90,2.14,4.2,73,175544.81,129631.11,3491,3793
P04379,Dairy,Product 4379,Brand A,19.37,14.35,3417,54,1.6,3.5,95,66187.29,17153.34,835,1047
P04380,Dairy,Product 4380,Brand A,5.79,6.31,4432,84,0.91,3.5,37,25661.28,-2304.64,3706,4194
P04381,Bakery,Product 4381,Brand E,23.33,32.52,1809,22,4.83,3.0,86,42203.97,-16624.71,1567,1809
P04382,Frozen,Product 4382,Brand C,18.31,16.44,4597,41,2.31,3.2,76,84171.07,8596.39,3614,4098
P04383,Snacks,Product 4383,Brand C,49.31,21.22,4011,52,3.92,3.3,12,197782.41,112668.99,3875,4011
P04384,Beverages,Product 4384,Brand E,1.71,15.13,4800,17,4.48,3.7,62,8208.0,-64416.0,4761,4800
P04385,Bakery,Product 4385,Brand B,20.53,10.27,3539,83,3.85,3.3,35,72655.67,36310.14,919,1328
P04386,Snacks,Product 4386,Brand A,27.74,15.37,2277,98,3.69,4.6,13,63163.98,28166.49,1814,2277
P04387,Beverages,Product 4387,Brand A,25.65,19.22,965,68,0.66,4.9,25,24752.25,6204.95,615,965
P04388,Beverages,Product 4388,Brand E,14.59,19.51,1902,20,2.14,2.6,81,27750.18,-9357.84,1528,1831
P04389,Produce,Product 4389,Brand A,14.82,24.92,4180,37,2.65,4.1,63,61947.6,-42218.0,3690,4108
P04390,Dairy,Product 4390,Brand E,46.61,34.69,2973,48,4.09,4.1,25,138571.53,35438.16,943,1011
P04391,Frozen,Product 4391,Brand B,23.72,23.97,4287,35,3.43,4.4,40,101687.64,-1071.75,4230,4287
P04392,Snacks,Product 4392,Brand C,14.77,10.69,4043,81,4.27,3.1,96,59715.11,16495.44,3573,4043
P04393,Snacks,Product 4393,Brand D,5.94,35.86,3859,35,4.83,3.2,11,22922.46,-115461.28,3235,3388
P04394,Snacks,Product 4394,Brand D,19.36,30.03,2916,41,1.64,2.5,82,56453.76,-31113.72,2715,2916
P04395,Snacks,Product 4395,Brand A,22.97,34.66,4511,55,2.59,3.1,54,103617.67,-52733.59,4424,4511
P04396,Snacks,Product 4396,Brand C,18.44,15.99,4397,37,0.99,4.4,63,81080.68,10772.65,4079,4397
P04397,Beverages,Product 4397,Brand B,14.81,5.89,1944,16,4.22,2.8,68,28790.64,17340.48,1376,1415
P04398,Dairy,Product 4398,Brand B,25.23,35.92,3056,44,4.34,3.6,68,77102.88,-32668.64,1611,1859
P04399,Frozen,Product 4399,Brand D,48.82,21.72,4873,75,4.28,3.1,31,237899.86,132058.3,4759,4873
P04400,Beverages,Product 4400,Brand E,5.79,15.37,3440,31,1.02,4.3,43,19917.6,-32955.2,3062,3440
P04401,Frozen,Product 4401,Brand C,48.5,32.34,2706,31,4.46,4.5,82,131241.0,43728.96,994,1198
P04402,Bakery,Product 4402,Brand B,5.09,3.93,4184,12,0.8,4.3,65,21296.56,4853.44,953,1159
P04403,Dairy,Product 4403,Brand E,17.7,35.92,4670,55,1.97,3.3,43,82659.0,-85087.4,4535,4670
P04404,Snacks,Product 4404,Brand C,40.37,5.59,4905,59,1.02,4.3,35,198014.85,170595.9,2510,2861
P04405,Bakery,Product 4405,Brand C,13.26,6.5,3534,17,0.72,3.4,80,46860.84,23889.84,279,541
P04406,Produce,Product 4406,Brand C,25.23,13.22,1159,13,2.65,2.9,54,29241.57,13919.59,688,1159
P04407,Bakery,Product 4407,Brand B,40.53,15.13,2583,24,2.6,3.0,85,104688.99,65608.2,2145,2583
P04408,Bakery,Product 4408,Brand B,9.49,11.9,3448,53,2.29,3.4,90,32721.52,-8309.68,3325,3448
P04409,Bakery,Product 4409,Brand E,31.84,3.5,4167,48,3.79,4.6,30,132677.28,118092.78,2499,2582
P04410,Produce,Product 4410,Brand B,16.63,16.89,3349,85,0.8,4.4,52,55693.87,-870.74,3136,3349
P04411,Produce,Product 4411,Brand D,38.13,8.77,4359,38,4.92,4.6,95,166208.67,127980.24,664,939
P04412,Dairy,Product 4412,Brand B,35.09,25.81,5039,82,2.42,4.0,99,176818.51,46761.92,4864,5039
P04413,Produce,Product 4413,Brand A,20.53,5.6,4428,71,4.57,4.3,48,90906.84,66110.04,4153,4428
P04414,Frozen,Product 4414,Brand B,38.13,5.56,4800,93,0.75,4.7,22,183024.0,156336.0,4564,4800
P04415,Beverages,Product 4415,Brand A,10.59,10.47,3778,43,2.23,3.8,51,40009.02,453.36,2806,2840
P04416,Beverages,Product 4416,Brand A,22.63,17.55,5060,35,3.63,4.7,54,114507.8,25704.8,4889,5060
P04417,Beverages,Product 4417,Brand C,37.92,32.52,4207,94,0.7,3.7,96,159529.44,22717.8,4066,4207
P04418,Dairy,Product 4418,Brand D,5.47,2.29,4974,96,3.15,3.9,60,27207.78,15817.32,4554,4974
P04419,Snacks,Product 4419,Brand E,47.55,7.31,4051,27,4.39,4.2,26,192625.05,163012.24,4026,4051
P04420,Beverages,Product 4420,Brand A,32.81,5.04,1837,72,4.53,4.5,93,60271.97,51013.49,1740,1837
P04421,Snacks,Product 4421,Brand C,17.7,22.44,2062,61,3.48,3.7,72,36497.4,-9773.88,1750,2062
P04422,Snacks,Product 4422,Brand D,31.96,26.91,1777,63,2.01,4.4,16,56792.92,8973.85,602,623
P04423,Bakery,Product 4423,Brand B,4.46,26.87,3277,97,0.72,4.5,64,14615.42,-73437.57,2505,2795
P04424,Produce,Product 4424,Brand D,48.2,3.5,3621,51,2.66,3.5,13,174532.2,161858.7,161,271
P04425,Bakery,Product 4425,Brand D,23.45,34.56,4236,63,2.26,4.5,40,99334.2,-47061.96,3549,3830
P04426,Snacks,Product 4426,Brand A,43.06,4.99,4729,61,1.35,4.7,65,203630.74,180033.03,4647,4729
P04427,Beverages,Product 4427,Brand A,35.09,39.87,4906,22,1.75,3.9,13,172151.54,-23450.68,3386,3493
P04428,Beverages,Product 4428,Brand E,49.31,10.27,3416,41,3.0,3.1,91,168442.96,133360.64,1792,2059
P04429,Frozen,Product 4429,Brand A,6.05,33.76,4915,92,3.51,4.6,93,29735.75,-136194.65,456,731
P04430,Snacks,Product 4430,Brand D,21.04,3.73,1410,90,1.22,3.5,49,29666.4,24407.1,695,872
P04431,Dairy,Product 4431,Brand B,3.11,23.8,2157,75,3.9,4.7,56,6708.27,-44628.33,1724,2157
P04432,Beverages,Product 4432,Brand B,8.98,35.92,3025,91,4.96,3.0,59,27164.5,-81493.5,1229,1647
P04433,Dairy,Product 4433,Brand B,28.16,27.32,3246,67,1.02,2.7,32,91407.36,2726.64,2541,2927
P04434,Produce,Product 4434,Brand D,5.47,2.29,2416,48,3.4,4.4,60,13215.52,7682.88,2130,2416
P04435,Frozen,Product 4435,Brand D,44.67,31.67,3381,36,0.52,4.4,47,151029.27,43953.0,3272,3381
P04436,Bakery,Product 4436,Brand E,16.63,35.92,3536,87,2.58,4.5,18,58803.68,-68209.44,1931,1969
P04437,Frozen,Product 4437,Brand B,5.09,5.89,4324,63,2.2,3.6,70,22009.16,-3459.2,4053,4324
P04438,Snacks,Product 4438,Brand E,14.82,14.26,3732,88,0.7,4.8,89,55308.24,2089.92,3401,3732
P04439,Produce,Product 4439,Brand A,27.74,11.44,2886,81,4.98,3.4,30,80057.64,47041.8,2670,2886
P04440,Snacks,Product 4440,Brand D,45.36,32.52,3337,82,4.54,4.2,18,151366.32,42847.08,192,508
P04441,Bakery,Product 4441,Brand D,43.06,39.5,5131,94,3.92,4.2,34,220940.86,18266.36,4999,5131
P04442,Dairy,Product 4442,Brand A,19.92,33.61,3062,52,1.28,3.4,45,60995.04,-41918.78,2300,2639
P04443,Produce,Product 4443,Brand E,1.56,7.79,4770,61,1.6,3.0,52,7441.2,-29717.1,4549,4770
P04444,Produce,Product 4444,Brand A,22.02,36.87,2750,23,0.5,2.9,87,60555.0,-40837.5,978,1248
P04445,Beverages,Product 4445,Brand B,35.48,7.31,5173,17,3.8,3.9,90,183538.04,145723.41,4803,5173
P04446,Produce,Product 4446,Brand D,4.4,10.08,2333,44,2.6,4.0,37,10265.2,-13251.44,1996,2333
P04447,Beverages,Product 4447,Brand B,47.07,39.47,1526,27,3.15,3.3,73,71828.82,11597.6,1082,1346
P04448,Beverages,Product 4448,Brand B,9.49,32.64,4784,64,4.27,3.3,54,45400.16,-110749.6,3064,3141
P04449,Produce,Product 4449,Brand C,6.82,37.1,3278,87,3.97,3.7,65,22355.96,-99257.84,3062,3277
P04450,Frozen,Product 4450,Brand C,4.57,38.02,2385,61,0.52,3.5,57,10899.45,-79778.25,1210,1303
P04451,Snacks,Product 4451,Brand B,23.27,6.5,1775,81,1.22,3.7,17,41304.25,29766.75,482,849
P04452,Bakery,Product 4452,Brand A,38.31,15.4,4049,58,2.85,3.2,23,155117.19,92762.59,3910,4049
P04453,Produce,Product 4453,Brand B,23.27,7.25,1727,17,2.23,3.3,24,40187.29,27666.54,1647,1727
P04454,Produce,Product 4454,Brand B,28.16,14.35,3068,46,1.77,3.6,48,86394.88,42369.08,3018,3068
P04455,Frozen,Product 4455,Brand A,16.68,28.31,2794,75,2.4,4.0,34,46603.92,-32494.22,2558,2794
P04456,Frozen,Product 4456,Brand E,48.15,2.05,4465,90,3.54,3.7,72,214989.75,205836.5,3543,3886
P04457,Beverages,Product 4457,Brand D,17.1,15.55,2461,86,2.6,3.5,68,42083.1,3814.55,1206,1538
P04458,Dairy,Product 4458,Brand B,41.27,32.08,4010,87,4.09,2.8,84,165492.7,36851.9,530,824
P04459,Produce,Product 4459,Brand C,2.14,13.44,3795,50,4.96,2.9,38,8121.3,-42883.5,3643,3795
P04460,Beverages,Product 4460,Brand E,48.17,15.07,4911,82,2.59,3.9,12,236562.87,162554.1,3533,3628
P04461,Dairy,Product 4461,Brand D,24.23,24.43,2725,36,3.8,4.1,48,66026.75,-545.0,2559,2725
P04462,Produce,Product 4462,Brand C,39.08,7.49,2666,29,3.17,3.9,31,104187.28,84218.94,2182,2666
P04463,Produce,Product 4463,Brand C,19.92,17.02,4208,47,0.8,4.4,50,83823.36,12203.2,3827,4208
P04464,Frozen,Product 4464,Brand C,31.82,34.16,4734,21,1.72,3.5,29,150635.88,-11077.56,2222,2668
P04465,Produce,Product 4465,Brand D,10.22,6.85,3398,51,4.96,2.9,28,34727.56,11451.26,2958,3398
P04466,Dairy,Product 4466,Brand C,49.32,22.44,2440,95,1.98,4.0,22,120340.8,65587.2,383,704
P04467,Beverages,Product 4467,Brand D,49.53,39.47,955,59,2.31,4.6,28,47301.15,9607.3,826,916
P04468,Dairy,Product 4468,Brand B,1.71,8.91,1898,40,3.48,4.1,89,3245.58,-13665.6,1881,1898
P04469,Snacks,Product 4469,Brand D,6.76,22.49,1167,86,1.28,4.7,75,7888.92,-18356.91,436,792
P04470,Bakery,Product 4470,Brand D,44.88,20.19,4103,74,1.66,3.7,74,184142.64,101303.07,3702,4103
P04471,Produce,Product 4471,Brand D,31.96,10.08,4317,62,3.72,3.9,12,137971.32,94455.96,685,914
P04472,Frozen,Product 4472,Brand C,14.82,20.71,4771,49,4.69,4.6,33,70706.22,-28101.19,2014,2297
P04473,Bakery,Product 4473,Brand A,21.79,27.03,3130,82,3.63,4.3,47,68202.7,-16401.2,666,1011
P04474,Beverages,Product 4474,Brand C,1.53,8.1,4827,48,3.15,4.0,11,7385.31,-31713.39,2465,2687
P04475,Beverages,Product 4475,Brand A,31.39,14.65,3290,19,1.47,4.4,65,103273.1,55074.6,1751,1984
P04476,Dairy,Product 4476,Brand A,14.72,7.17,4456,38,2.59,4.4,89,65592.32,33642.8,1420,1701
P04477,Produce,Product 4477,Brand C,5.79,32.64,3851,49,4.27,4.3,46,22297.29,-103399.35,1890,2248
P04478,Produce,Product 4478,Brand A,13.14,17.3,3333,39,1.21,4.6,13,43795.62,-13865.28,2981,3333
P04479,Bakery,Product 4479,Brand A,16.68,21.52,3677,11,3.81,3.3,87,61332.36,-17796.68,1054,1258
P04480,Beverages,Product 4480,Brand A,19.37,14.15,4430,91,1.47,3.5,90,85809.1,23124.6,2166,2599
P04481,Beverages,Product 4481,Brand C,25.09,4.99,4365,37,2.48,2.9,53,109517.85,87736.5,4051,4365
P04482,Beverages,Product 4482,Brand C,23.45,10.08,3430,56,0.78,3.6,54,80433.5,45859.1,2961,3430
P04483,Beverages,Product 4483,Brand C,5.63,37.82,4500,41,1.77,2.6,90,25335.0,-144855.0,2337,2827
P04484,Bakery,Product 4484,Brand B,3.25,15.4,644,97,3.2,4.9,93,2093.0,-7824.6,162,644
P04485,Produce,Product 4485,Brand B,31.82,39.87,2233,87,3.8,4.1,56,71054.06,-17975.65,1113,1493
P04486,Produce,Product 4486,Brand A,23.96,31.67,2725,98,1.84,3.9,35,65291.0,-21009.75,2089,2346
P04487,Snacks,Product 4487,Brand A,5.96,30.33,4086,98,4.2,4.0,90,24352.56,-99575.82,2002,2399
P04488,Snacks,Product 4488,Brand A,26.63,14.89,3543,41,0.52,3.8,85,94350.09,41594.82,1904,2341
P04489,Frozen,Product 4489,Brand A,16.68,22.44,4022,36,3.41,3.4,18,67086.96,-23166.72,3425,3702
P04490,Dairy,Product 4490,Brand A,16.68,13.8,4055,63,1.04,2.7,89,67637.4,11678.4,3798,4055
P04491,Bakery,Product 4491,Brand D,1.71,10.08,1902,65,2.58,3.8,57,3252.42,-15919.74,1125,1586
P04492,Snacks,Product 4492,Brand D,47.79,32.77,4487,40,4.69,4.5,40,214433.73,67394.74,977,1136
P04493,Snacks,Product 4493,Brand C,36.02,25.81,3774,33,2.85,2.5,64,135939.48,38532.54,3457,3774
P04494,Produce,Product 4494,Brand E,6.69,32.64,702,44,0.71,3.3,10,4696.38,-18216.9,231,702
P04495,Frozen,Product 4495,Brand D,33.35,25.3,4149,39,1.72,4.1,68,138369.15,33399.45,2752,3011
P04496,Bakery,Product 4496,Brand E,5.09,25.52,4822,64,2.23,3.7,20,24543.98,-98513.46,1092,1295
P04497,Frozen,Product 4497,Brand C,31.29,15.55,1712,73,1.21,2.6,11,53568.48,26946.88,1170,1583
P04498,Snacks,Product 4498,Brand D,9.49,11.44,2508,42,2.58,3.5,55,23800.92,-4890.6,1859,2035
P04499,Dairy,Product 4499,Brand D,48.2,1.95,2778,55,4.96,2.5,10,133899.6,128482.5,2696,2778
P04500,Produce,Product 4500,Brand D,39.04,15.99,4705,42,3.2,2.7,79,183683.2,108450.25,3199,3645
P04501,Produce,Product 4501,Brand B,4.49,16.44,3074,77,3.33,4.9,80,13802.26,-36734.3,3049,3074
P04502,Bakery,Product 4502,Brand A,47.55,38.02,2655,73,2.66,4.1,75,126245.25,25302.15,1001,1419
P04503,Frozen,Product 4503,Brand E,29.63,6.44,3602,39,4.69,2.7,11,106727.26,83530.38,3584,3602
P04504,Beverages,Product 4504,Brand A,13.14,21.05,5034,88,0.79,2.6,78,66146.76,-39818.94,4537,5034
P04505,Bakery,Product 4505,Brand B,35.14,13.8,2741,38,3.97,2.7,22,96318.74,58492.94,165,614
P04506,Snacks,Product 4506,Brand B,19.34,7.79,5086,71,4.19,4.9,28,98363.24,58743.3,4802,5086
P04507,Bakery,Product 4507,Brand B,6.79,38.01,4124,39,1.22,2.7,92,28001.96,-128751.28,3864,4124
P04508,Dairy,Product 4508,Brand B,27.27,4.0,3616,21,3.85,4.6,56,98608.32,84144.32,3241,3616
P04509,Bakery,Product 4509,Brand D,13.26,22.49,3009,76,1.47,4.2,10,39899.34,-27773.07,2893,3009
P04510,Snacks,Product 4510,Brand C,14.82,14.15,3581,24,2.23,4.1,27,53070.42,2399.27,3432,3581
P04511,Bakery,Product 4511,Brand B,5.16,38.02,3005,19,2.26,3.8,41,15505.8,-98744.3,2679,3005
P04512,Dairy,Product 4512,Brand D,5.09,21.54,4042,95,4.18,3.9,81,20573.78,-66490.9,1519,1540
P04513,Beverages,Product 4513,Brand D,6.76,32.08,5038,70,0.84,4.3,20,34056.88,-127562.16,4553,5038
P04514,Beverages,Product 4514,Brand E,6.76,6.6,3915,32,4.48,2.9,29,26465.4,626.4,1515,1609
P04515,Bakery,Product 4515,Brand D,25.14,9.53,3707,20,3.87,3.5,17,93193.98,57866.27,475,623
P04516,Produce,Product 4516,Brand D,49.53,14.15,4873,25,1.04,2.6,94,241359.69,172406.74,277,403
P04517,Bakery,Product 4517,Brand A,42.4,36.21,3567,58,4.22,2.7,47,151240.8,22079.73,334,759
P04518,Frozen,Product 4518,Brand D,6.74,15.4,3236,89,1.67,3.6,15,21810.64,-28023.76,3012,3236
P04519,Beverages,Product 4519,Brand E,29.6,34.71,1694,23,3.65,3.4,11,50142.4,-8656.34,861,1298
P04520,Dairy,Product 4520,Brand B,16.68,3.93,4099,15,2.85,2.5,83,68371.32,52262.25,3978,4099
P04521,Beverages,Product 4521,Brand B,37.79,32.34,4488,51,3.76,4.1,82,169601.52,24459.6,1382,1510
P04522,Produce,Product 4522,Brand A,19.37,14.65,3359,26,4.39,3.8,64,65063.83,15854.48,1363,1809
P04523,Bakery,Product 4523,Brand B,8.98,28.31,3961,51,3.97,2.9,12,35569.78,-76566.13,3674,3961
P04524,Bakery,Product 4524,Brand E,41.5,11.71,4986,19,2.9,4.2,75,206919.0,148532.94,3713,4069
P04525,Snacks,Product 4525,Brand A,34.47,38.19,4699,55,2.23,4.9,81,161974.53,-17480.28,4546,4699
P04526,Dairy,Product 4526,Brand A,34.47,26.87,5061,93,4.76,4.7,82,174452.67,38463.6,4736,5061
P04527,Beverages,Product 4527,Brand A,23.96,18.3,4183,58,2.55,4.3,35,100224.68,23675.78,3483,3683
P04528,Frozen,Product 4528,Brand E,2.24,22.49,3382,18,2.92,4.6,57,7575.68,-68485.5,3109,3382
P04529,Frozen,Product 4529,Brand B,37.97,38.02,2185,88,3.02,4.1,17,82964.45,-109.25,1722,2185
P04530,Snacks,Product 4530,Brand E,44.67,21.52,3126,48,4.44,3.2,76,139638.42,72366.9,2978,3126
P04531,Produce,Product 4531,Brand A,45.16,17.78,2549,11,1.37,4.6,84,115112.84,69791.62,129,430
P04532,Bakery,Product 4532,Brand A,27.27,18.77,2354,77,4.53,3.5,98,64193.58,20009.0,408,775
P04533,Produce,Product 4533,Brand D,4.57,5.04,2531,61,3.0,4.1,78,11566.67,-1189.57,1609,1830
P04534,Dairy,Product 4534,Brand B,39.96,30.89,4354,97,4.54,2.9,85,173985.84,39490.78,2193,2421
P04535,Bakery,Product 4535,Brand D,14.81,30.06,3836,91,0.52,4.9,39,56811.16,-58499.0,3530,3836
P04536,Dairy,Product 4536,Brand A,48.5,30.89,2953,20,2.51,3.9,36,143220.5,52002.33,236,415
P04537,Beverages,Product 4537,Brand C,14.81,23.97,3515,46,0.91,4.8,52,52057.15,-32197.4,874,1250
P04538,Frozen,Product 4538,Brand C,36.58,29.94,2818,99,2.23,3.7,14,103082.44,18711.52,1698,2174
P04539,Beverages,Product 4539,Brand B,8.98,8.1,2942,81,2.45,2.7,29,26419.16,2588.96,1554,2010
P04540,Produce,Product 4540,Brand A,31.39,23.05,3165,31,4.91,4.6,61,99349.35,26396.1,2703,3165
P04541,Snacks,Product 4541,Brand E,5.09,29.94,2997,61,0.54,3.1,30,15254.73,-74475.45,2580,2997
P04542,Beverages,Product 4542,Brand A,25.23,28.68,2124,14,0.78,4.9,12,53588.52,-7327.8,946,1044
P04543,Bakery,Product 4543,Brand A,8.01,18.3,2115,11,1.97,2.6,50,16941.15,-21763.35,306,422
P04544,Produce,Product 4544,Brand B,36.58,16.16,2716,14,2.42,4.5,73,99351.28,55460.72,2593,2716
P04545,Dairy,Product 4545,Brand C,8.98,7.31,3515,41,4.57,4.0,77,31564.7,5870.05,3230,3515
P04546,Dairy,Product 4546,Brand C,1.56,21.54,4724,28,4.58,2.9,97,7369.44,-94385.52,1329,1735
P04547,Bakery,Product 4547,Brand C,5.63,4.52,4986,13,4.76,4.1,80,28071.18,5534.46,4791,4986
P04548,Bakery,Product 4548,Brand C,33.35,4.99,3136,96,4.47,4.0,33,104585.6,88936.96,2896,3136
P04549,Beverages,Product 4549,Brand E,37.16,4.99,3544,55,0.71,3.5,61,131695.04,114010.48,3329,3544
P04550,Dairy,Product 4550,Brand A,2.3,34.66,1230,92,3.89,2.7,84,2829.0,-39802.8,1227,1230
P04551,Beverages,Product 4551,Brand C,47.42,7.49,4998,35,0.74,3.9,11,237005.16,199570.14,4750,4998
P04552,Dairy,Product 4552,Brand C,4.57,35.13,1564,59,2.82,4.0,53,7147.48,-47795.84,1302,1564
P04553,Bakery,Product 4553,Brand A,19.37,3.67,4483,35,0.76,2.7,50,86835.71,70383.1,2505,2673
P04554,Snacks,Product 4554,Brand E,35.61,11.3,1858,80,1.33,4.7,79,66163.38,45167.98,1387,1858
P04555,Beverages,Product 4555,Brand C,29.2,6.31,5282,41,0.72,4.0,16,154234.4,120904.98,4950,5282
P04556,Bakery,Product 4556,Brand A,31.84,24.44,1101,53,4.57,4.0,47,35055.84,8147.4,648,1101
P04557,Dairy,Product 4557,Brand A,26.63,11.76,4306,35,4.34,3.2,91,114668.78,64030.22,4045,4306
P04558,Snacks,Product 4558,Brand A,17.1,8.85,4042,70,3.69,3.3,54,69118.2,33346.5,4029,4032
P04559,Dairy,Product 4559,Brand A,28.36,13.22,4571,97,0.78,4.0,18,129633.56,69204.94,1487,1747
P04560,Beverages,Product 4560,Brand C,27.93,36.87,4759,60,4.18,4.0,62,132918.87,-42545.46,1373,1820
P04561,Dairy,Product 4561,Brand E,24.23,6.92,3630,68,2.2,3.7,37,87954.9,62835.3,3363,3579
P04562,Frozen,Product 4562,Brand E,34.47,11.44,2852,96,2.85,2.6,28,98308.44,65681.56,906,1167
P04563,Bakery,Product 4563,Brand A,1.89,33.61,2472,47,4.34,4.4,77,4672.08,-78411.84,2027,2472
P04564,Beverages,Product 4564,Brand C,20.02,36.48,3712,35,0.82,3.3,13,74314.24,-61099.52,3233,3712
P04565,Produce,Product 4565,Brand A,19.92,11.14,4138,54,0.88,3.3,22,82428.96,36331.64,4081,4138
P04566,Frozen,Product 4566,Brand B,8.67,15.37,2952,40,1.28,4.4,20,25593.84,-19778.4,2199,2554
P04567,Snacks,Product 4567,Brand B,4.57,15.37,4780,79,4.18,3.2,11,21844.6,-51624.0,1845,2015
P04568,Dairy,Product 4568,Brand E,6.79,39.5,4591,54,1.35,3.7,79,31172.89,-150171.61,4508,4591
P04569,Frozen,Product 4569,Brand C,3.82,24.43,4528,40,2.9,4.6,21,17296.96,-93322.08,4088,4528
P04570,Frozen,Product 4570,Brand A,23.27,15.99,4783,70,0.52,3.2,46,111300.41,34820.24,4583,4783
P04571,Beverages,Product 4571,Brand A,36.58,39.5,3932,57,1.97,4.1,65,143832.56,-11481.44,1325,1481
P04572,Produce,Product 4572,Brand D,15.37,35.13,4632,54,4.39,4.6,97,71193.84,-91528.32,2166,2477
P04573,Snacks,Product 4573,Brand D,15.37,15.55,3257,69,4.34,2.8,61,50060.09,-586.26,194,616
P04574,Frozen,Product 4574,Brand E,22.63,31.45,3708,70,2.82,3.9,82,83912.04,-32704.56,229,508
P04575,Produce,Product 4575,Brand B,19.44,8.85,3503,61,3.51,4.9,99,68098.32,37096.77,3368,3503
P04576,Produce,Product 4576,Brand E,19.37,19.22,3128,61,4.92,4.3,13,60589.36,469.2,2053,2347
P04577,Produce,Product 4577,Brand E,37.78,32.99,2688,85,4.27,3.6,13,101552.64,12875.52,2407,2612
P04578,Frozen,Product 4578,Brand A,48.2,24.92,3136,90,3.87,2.5,58,151155.2,73006.08,1086,1451
P04579,Beverages,Product 4579,Brand A,38.31,6.44,3395,71,3.85,2.6,61,130062.45,108198.65,3210,3395
P04580,Bakery,Product 4580,Brand B,43.56,3.73,3757,35,4.12,3.9,43,163654.92,149641.31,3672,3757
P04581,Beverages,Product 4581,Brand A,14.72,34.56,4352,76,1.06,4.2,31,64061.44,-86343.68,916,1209
P04582,Bakery,Product 4582,Brand A,32.23,8.65,3090,88,4.46,3.4,22,99590.7,72862.2,2700,3090
P04583,Snacks,Product 4583,Brand E,5.12,26.87,3007,58,3.11,3.5,72,15395.84,-65402.25,2269,2407
P04584,Bakery,Product 4584,Brand B,20.02,37.34,3337,97,2.83,4.1,24,66806.74,-57796.84,1879,2290
P04585,Produce,Product 4585,Brand D,32.23,39.5,1575,53,0.52,4.6,49,50762.25,-11450.25,856,1228
P04586,Snacks,Product 4586,Brand D,19.16,23.95,1532,45,4.57,4.0,47,29353.12,-7338.28,1267,1485
P04587,Dairy,Product 4587,Brand B,4.62,24.92,2800,62,4.91,4.0,64,12936.0,-56840.0,2694,2800
P04588,Dairy,Product 4588,Brand C,28.14,6.92,3261,53,1.31,3.6,53,91764.54,69198.42,3204,3261
P04589,Bakery,Product 4589,Brand D,14.27,29.94,848,31,1.91,3.9,75,12100.96,-13288.16,505,597
P04590,Snacks,Product 4590,Brand D,8.98,19.64,4520,11,2.63,3.7,75,40589.6,-48183.2,1952,2224
P04591,Frozen,Product 4591,Brand D,48.82,26.01,2881,16,3.4,3.6,52,140650.42,65715.61,2511,2881
P04592,Produce,Product 4592,Brand A,31.84,39.3,4220,25,0.75,4.6,81,134364.8,-31481.2,3127,3186
P04593,Produce,Product 4593,Brand C,1.56,6.6,4599,97,0.52,3.1,47,7174.44,-23178.96,4187,4599
P04594,Frozen,Product 4594,Brand C,6.69,16.89,1762,53,2.82,4.0,91,11787.78,-17972.4,262,521
P04595,Dairy,Product 4595,Brand A,25.76,15.55,4268,74,3.02,3.9,38,109943.68,43576.28,2911,3352
P04596,Snacks,Product 4596,Brand C,47.13,37.1,4939,82,2.31,4.0,84,232775.07,49538.17,4746,4939
P04597,Snacks,Product 4597,Brand C,1.56,9.53,3377,80,1.72,4.5,65,5268.12,-26914.69,230,347
P04598,Snacks,Product 4598,Brand E,4.81,21.05,3462,78,3.8,3.6,15,16652.22,-56222.88,3267,3462
P04599,Snacks,Product 4599,Brand E,16.65,9.53,2958,70,3.69,4.6,18,49250.7,21060.96,2800,2958
P04600,Bakery,Product 4600,Brand D,29.7,14.35,3430,39,2.23,4.4,31,101871.0,52650.5,3155,3430
P04601,Dairy,Product 4601,Brand D,3.76,23.97,2770,51,4.53,2.6,55,10415.2,-55981.7,2417,2770
P04602,Beverages,Product 4602,Brand C,32.12,8.85,3443,83,3.08,5.0,98,110589.16,80118.61,3051,3443
P04603,Frozen,Product 4603,Brand B,44.0,5.23,5428,34,0.5,3.8,40,238832.0,210443.56,4982,5428
P04604,Bakery,Product 4604,Brand C,11.96,25.52,2787,91,2.48,3.1,30,33332.52,-37791.72,2512,2787
P04605,Dairy,Product 4605,Brand E,1.71,17.3,2069,80,0.7,3.1,47,3537.99,-32255.71,2033,2069
P04606,Produce,Product 4606,Brand E,10.59,2.05,3717,66,0.7,4.8,61,39363.03,31743.18,3605,3717
P04607,Snacks,Product 4607,Brand C,35.61,2.29,2987,41,2.45,4.2,28,106367.07,99526.84,2758,2987
P04608,Bakery,Product 4608,Brand B,21.04,8.65,3429,59,2.58,4.7,19,72146.16,42485.31,3232,3429
P04609,Dairy,Product 4609,Brand A,41.5,14.84,3729,84,3.63,4.6,55,154753.5,99415.14,3079,3395
P04610,Frozen,Product 4610,Brand B,45.36,21.54,4658,19,2.26,4.1,85,211286.88,110953.56,1446,1736
P04611,Beverages,Product 4611,Brand D,44.88,5.98,4083,31,0.8,3.8,92,183245.04,158828.7,3900,4083
P04612,Beverages,Product 4612,Brand D,47.13,11.44,3222,50,1.77,3.7,75,151852.86,114993.18,2736,3222
P04613,Bakery,Product 4613,Brand A,2.14,37.82,2069,56,0.52,3.0,88,4427.66,-73821.92,144,398
P04614,Bakery,Product 4614,Brand E,10.22,7.79,1506,23,4.7,3.7,47,15391.32,3659.58,446,857
P04615,Bakery,Product 4615,Brand D,35.14,19.96,5332,12,2.17,4.4,71,187366.48,80939.76,4909,5332
P04616,Frozen,Product 4616,Brand E,29.6,32.77,4132,97,0.79,2.7,81,122307.2,-13098.44,3893,4132
P04617,Dairy,Product 4617,Brand A,5.47,2.29,5140,87,2.42,3.5,55,28115.8,16345.2,4842,5140
P04618,Dairy,Product 4618,Brand B,37.79,7.31,2558,62,1.47,2.6,44,96666.82,77967.84,2516,2558
P04619,Frozen,Product 4619,Brand C,9.49,11.56,5052,25,3.82,3.7,52,47943.48,-10457.64,4553,5052
P04620,Bakery,Product 4620,Brand D,19.16,16.44,4055,70,2.59,2.6,39,77693.8,11029.6,2642,2730
P04621,Dairy,Product 4621,Brand B,5.47,1.54,2280,37,3.65,2.9,82,12471.6,8960.4,159,335
P04622,Produce,Product 4622,Brand D,13.26,24.92,4710,44,3.0,4.4,72,62454.6,-54918.6,2445,2860
P04623,Bakery,Product 4623,Brand B,9.49,13.8,4704,11,4.54,4.5,39,44640.96,-20274.24,4426,4704
P04624,Bakery,Product 4624,Brand A,29.59,5.27,3356,70,4.53,3.0,92,99304.04,81617.92,2944,3287
P04625,Snacks,Product 4625,Brand A,8.67,21.52,4163,65,4.05,3.3,38,36093.21,-53494.55,3866,4163
P04626,Frozen,Product 4626,Brand B,35.1,5.04,3991,64,4.6,3.6,75,140084.1,119969.46,547,827
P04627,Bakery,Product 4627,Brand D,45.41,28.31,4345,27,1.72,4.0,81,197306.45,74299.5,2515,2939
P04628,Produce,Product 4628,Brand D,24.23,36.48,4594,80,4.09,4.1,98,111312.62,-56276.5,4178,4594
P04629,Beverages,Product 4629,Brand C,31.18,39.3,5056,58,3.41,5.0,83,157646.08,-41054.72,4749,5056
P04630,Frozen,Product 4630,Brand A,31.84,36.21,3168,51,2.45,2.9,31,100869.12,-13844.16,3135,3168
P04631,Dairy,Product 4631,Brand D,15.37,11.44,2452,16,2.4,3.1,44,37687.24,9636.36,2424,2452
P04632,Bakery,Product 4632,Brand D,42.4,18.3,4366,13,3.8,3.7,51,185118.4,105220.6,4157,4366
P04633,Beverages,Product 4633,Brand D,44.0,19.01,595,52,1.08,3.3,33,26180.0,14869.05,137,227
P04634,Dairy,Product 4634,Brand A,43.06,15.55,2583,89,0.52,4.1,35,111223.98,71058.33,1330,1412
P04635,Produce,Product 4635,Brand A,19.16,9.53,2059,68,4.58,4.4,40,39450.44,19828.17,388,636
P04636,Beverages,Product 4636,Brand D,1.71,34.56,5275,58,4.83,4.4,96,9020.25,-173283.75,4897,5275
P04637,Snacks,Product 4637,Brand C,14.77,23.95,4135,69,3.48,4.8,11,61073.95,-37959.3,2481,2816
P04638,Snacks,Product 4638,Brand A,1.71,28.31,2265,15,2.23,3.9,48,3873.15,-60249.0,303,661
P04639,Snacks,Product 4639,Brand B,27.27,27.77,3715,29,2.83,3.1,97,101308.05,-1857.5,1143,1334
P04640,Beverages,Product 4640,Brand B,2.24,23.97,1998,40,3.3,3.5,21,4475.52,-43416.54,1720,1998
P04641,Snacks,Product 4641,Brand D,45.23,18.3,3556,92,4.98,4.0,82,160837.88,95763.08,3059,3556
P04642,Snacks,Product 4642,Brand C,29.6,17.55,2561,31,1.02,3.3,53,75805.6,30860.05,2543,2561
P04643,Frozen,Product 4643,Brand E,43.06,35.86,4149,94,2.59,3.3,52,178655.94,29872.8,3936,4149
P04644,Bakery,Product 4644,Brand D,24.2,32.64,3434,91,1.67,4.5,76,83102.8,-28982.96,3223,3434
P04645,Bakery,Product 4645,Brand B,5.79,15.99,3833,41,0.99,4.0,96,22193.07,-39096.6,3831,3833
P04646,Frozen,Product 4646,Brand D,5.96,14.35,3573,56,3.62,3.7,97,21295.08,-29977.47,3357,3451
P04647,Frozen,Product 4647,Brand C,21.22,25.3,4201,43,0.72,2.9,47,89145.22,-17140.08,3856,4201
P04648,Produce,Product 4648,Brand B,48.15,10.22,4958,36,4.98,4.0,75,238727.7,188056.94,4548,4958
P04649,Snacks,Product 4649,Brand E,11.96,37.1,1532,53,4.47,4.0,49,18322.72,-38514.48,1237,1532
P04650,Snacks,Product 4650,Brand C,21.04,31.67,2678,39,0.54,3.7,31,56345.12,-28467.14,2661,2678
P04651,Snacks,Product 4651,Brand C,23.72,39.5,1099,42,0.82,3.4,84,26068.28,-17342.22,645,884
P04652,Snacks,Product 4652,Brand D,24.2,6.44,4493,36,2.6,4.1,72,108730.6,79795.68,4477,4493
P04653,Beverages,Product 4653,Brand A,29.63,16.89,1307,65,4.39,3.0,68,38726.41,16651.18,772,927
P04654,Produce,Product 4654,Brand A,31.29,7.17,2328,32,4.05,3.5,85,72843.12,56151.36,859,1036
P04655,Bakery,Product 4655,Brand C,31.18,6.6,3035,52,4.8,4.4,28,94631.3,74600.3,1444,1575
P04656,Bakery,Product 4656,Brand A,31.75,20.71,3919,92,0.7,4.0,29,124428.25,43265.76,619,917
P04657,Produce,Product 4657,Brand B,5.96,1.29,4368,63,0.76,4.6,82,26033.28,20398.56,4305,4368
P04658,Frozen,Product 4658,Brand B,48.52,26.91,4663,77,3.97,2.9,52,226248.76,100767.43,3715,4201
P04659,Frozen,Product 4659,Brand A,22.51,10.69,5160,62,2.83,4.3,67,116151.6,60991.2,4875,5160
P04660,Produce,Product 4660,Brand E,37.79,19.51,2474,92,3.15,4.0,91,93492.46,45224.72,1701,1831
P04661,Bakery,Product 4661,Brand C,10.22,15.37,4077,49,2.2,4.5,63,41666.94,-20996.55,3714,4077
P04662,Beverages,Product 4662,Brand E,45.36,35.01,2026,69,4.34,4.4,91,91899.36,20969.1,1922,2026
P04663,Frozen,Product 4663,Brand A,35.14,36.21,2534,95,4.18,4.3,49,89044.76,-2711.38,2124,2394
P04664,Snacks,Product 4664,Brand C,5.12,25.52,1795,18,2.14,3.0,36,9190.4,-36618.0,1284,1552
P04665,Bakery,Product 4665,Brand D,5.94,19.22,4153,19,2.59,4.9,22,24668.82,-55151.84,3873,4153
P04666,Beverages,Product 4666,Brand B,17.7,26.91,2596,19,0.66,2.6,56,45949.2,-23909.16,479,507
P04667,Snacks,Product 4667,Brand A,2.24,5.04,2714,39,4.53,4.0,81,6079.36,-7599.2,2227,2714
P04668,Beverages,Product 4668,Brand C,2.14,34.56,1796,19,3.15,3.2,32,3843.44,-58226.32,1394,1796
P04669,Frozen,Product 4669,Brand E,31.84,4.0,1383,67,3.97,3.9,68,44034.72,38502.72,715,932
P04670,Snacks,Product 4670,Brand A,45.41,34.16,2167,45,0.67,2.7,86,98403.47,24378.75,535,892
P04671,Dairy,Product 4671,Brand A,27.74,7.68,3383,91,0.99,3.2,16,93844.42,67862.98,3249,3383
P04672,Snacks,Product 4672,Brand D,31.67,20.55,3153,53,3.97,4.1,59,99855.51,35061.36,1647,2140
P04673,Beverages,Product 4673,Brand A,48.82,5.6,5276,66,2.32,3.3,75,257574.32,228028.72,4990,5276
P04674,Dairy,Product 4674,Brand B,44.88,34.69,4263,52,1.57,4.1,12,191323.44,43439.97,1234,1713
P04675,Produce,Product 4675,Brand D,13.26,6.6,2986,92,1.33,3.7,48,39594.36,19886.76,551,585
P04676,Produce,Product 4676,Brand D,47.79,9.87,4666,32,4.33,3.8,96,222988.14,176934.72,4455,4666
P04677,Bakery,Product 4677,Brand A,33.95,23.68,2991,13,2.9,3.0,16,101544.45,30717.57,2805,2991
P04678,Bakery,Product 4678,Brand E,39.04,16.16,2091,21,3.4,3.9,77,81632.64,47842.08,811,1223
P04679,Bakery,Product 4679,Brand D,49.31,37.82,4245,58,3.85,4.4,64,209320.95,48775.05,3789,4245
P04680,Produce,Product 4680,Brand D,20.07,32.61,2409,33,3.92,3.5,17,48348.63,-30208.86,2078,2409
P04681,Beverages,Product 4681,Brand B,48.82,5.98,4241,22,3.54,3.8,41,207045.62,181684.44,4060,4241
P04682,Bakery,Product 4682,Brand A,4.46,36.48,4919,77,3.33,4.5,28,21938.74,-157506.38,3897,4169
P04683,Snacks,Product 4683,Brand D,29.1,36.21,3502,81,4.27,5.0,21,101908.2,-24899.22,2799,3209
P04684,Bakery,Product 4684,Brand A,29.59,10.7,1584,99,4.8,4.8,66,46870.56,29921.76,266,715
P04685,Beverages,Product 4685,Brand B,20.53,25.3,4873,43,3.3,2.8,19,100042.69,-23244.21,4688,4873
P04686,Produce,Product 4686,Brand A,31.29,34.16,4209,18,1.91,4.0,87,131699.61,-12079.83,2219,2634
P04687,Frozen,Product 4687,Brand B,24.2,28.68,4605,19,2.85,3.2,30,111441.0,-20630.4,2646,2673
P04688,Bakery,Product 4688,Brand C,19.36,13.22,4104,74,2.66,3.0,29,79453.44,25198.56,1208,1320
P04689,Bakery,Product 4689,Brand A,25.65,10.27,2902,81,4.83,3.3,13,74436.3,44632.76,1940,2432
P04690,Snacks,Product 4690,Brand C,13.14,11.76,3343,83,2.48,3.6,28,43927.02,4613.34,3038,3343
P04691,Dairy,Product 4691,Brand A,9.49,1.29,3091,63,4.6,3.6,38,29333.59,25346.2,2954,3091
P04692,Frozen,Product 4692,Brand D,14.27,6.31,3340,52,3.11,3.7,80,47661.8,26586.4,3314,3340
P04693,Produce,Product 4693,Brand E,47.55,13.8,2986,68,0.75,3.9,73,141984.3,100777.5,990,1252
P04694,Produce,Product 4694,Brand A,14.77,31.45,4113,98,0.67,3.5,81,60749.01,-68604.84,1434,1569
P04695,Snacks,Product 4695,Brand B,20.53,29.94,3938,68,1.04,3.5,20,80847.14,-37056.58,3540,3809
P04696,Snacks,Product 4696,Brand B,4.84,34.06,3834,76,4.53,2.9,42,18556.56,-112029.48,1819,1996
P04697,Frozen,Product 4697,Brand D,1.53,18.77,2970,70,0.5,4.9,34,4544.1,-51202.8,2960,2970
P04698,Snacks,Product 4698,Brand A,4.57,3.73,3594,47,4.47,4.8,42,16424.58,3018.96,1070,1369
P04699,Snacks,Product 4699,Brand C,14.77,30.88,3722,17,4.47,4.9,35,54973.94,-59961.42,3612,3722
P04700,Dairy,Product 4700,Brand C,40.91,39.5,4852,74,3.79,2.6,45,198495.32,6841.32,166,599
P04701,Frozen,Product 4701,Brand D,1.71,20.8,4424,14,4.46,3.7,20,7565.04,-84454.16,3945,4424
P04702,Dairy,Product 4702,Brand C,45.16,5.79,3208,99,4.59,4.9,39,144873.28,126298.96,937,1049
P04703,Beverages,Product 4703,Brand A,14.82,18.77,1416,52,0.67,4.0,66,20985.12,-5593.2,1026,1127
P04704,Bakery,Product 4704,Brand C,18.19,26.01,4099,69,0.75,3.3,19,74560.81,-32054.18,3705,3979
P04705,Beverages,Product 4705,Brand D,14.82,35.01,4540,35,1.6,4.5,34,67282.8,-91662.6,440,707
P04706,Dairy,Product 4706,Brand B,2.3,5.89,4629,20,4.1,3.0,77,10646.7,-16618.11,3849,4115
P04707,Frozen,Product 4707,Brand A,47.58,18.64,4811,43,4.83,2.9,66,228907.38,139230.34,201,357
P04708,Bakery,Product 4708,Brand D,13.14,19.94,3698,11,0.51,4.3,43,48591.72,-25146.4,3485,3698
P04709,Beverages,Product 4709,Brand A,14.82,5.89,4355,30,3.97,4.0,95,64541.1,38890.15,1233,1542
P04710,Snacks,Product 4710,Brand D,44.62,5.59,4670,35,2.45,3.9,86,208375.4,182270.1,2489,2543
P04711,Snacks,Product 4711,Brand E,14.27,35.01,1080,85,4.95,4.9,63,15411.6,-22399.2,927,1080
P04712,Bakery,Product 4712,Brand C,1.6,19.96,3088,82,2.66,2.5,60,4940.8,-56695.68,2826,3088
P04713,Dairy,Product 4713,Brand E,20.07,7.79,4121,96,1.02,4.0,15,82708.47,50605.88,2281,2643
P04714,Dairy,Product 4714,Brand D,4.49,16.71,945,14,3.8,3.8,68,4243.05,-11547.9,484,879
P04715,Bakery,Product 4715,Brand D,36.58,27.55,2404,18,1.21,3.3,63,87938.32,21708.12,697,986
P04716,Dairy,Product 4716,Brand A,40.83,19.01,3143,59,1.67,3.5,26,128328.69,68580.26,108,433
P04717,Bakery,Product 4717,Brand C,5.16,21.05,4557,19,0.91,4.0,35,23514.12,-72410.73,4331,4557
P04718,Dairy,Product 4718,Brand B,33.28,38.01,4531,67,2.85,4.9,97,150791.68,-21431.63,1413,1509
P04719,Bakery,Product 4719,Brand E,19.44,5.79,2814,19,4.69,4.2,18,54704.16,38411.1,1078,1569
P04720,Bakery,Product 4720,Brand B,27.91,25.07,3997,87,4.34,3.7,11,111556.27,11351.48,3823,3997
P04721,Produce,Product 4721,Brand D,8.67,30.03,3312,45,1.78,2.5,29,28715.04,-70744.32,2190,2534
P04722,Frozen,Product 4722,Brand E,4.46,13.49,3481,83,2.66,3.1,15,15525.26,-31433.43,3276,3481
P04723,Dairy,Product 4723,Brand B,49.32,17.02,2002,65,3.8,2.8,97,98738.64,64664.6,1947,2002
P04724,Beverages,Product 4724,Brand C,23.27,16.16,3537,71,1.97,4.8,88,82305.99,25148.07,3202,3437
P04725,Snacks,Product 4725,Brand D,32.81,16.71,4941,46,2.2,3.7,64,162114.21,79550.1,3853,4051
P04726,Produce,Product 4726,Brand C,14.82,3.5,4070,50,2.23,4.0,57,60317.4,46072.4,3844,4070
P04727,Bakery,Product 4727,Brand C,45.41,6.31,4746,57,2.82,3.5,67,215515.86,185568.6,1888,2195
P04728,Frozen,Product 4728,Brand B,37.79,38.01,4128,31,2.14,3.4,51,155997.12,-908.16,1342,1623
P04729,Snacks,Product 4729,Brand B,20.53,2.29,2212,96,3.85,2.5,83,45412.36,40346.88,2107,2212
P04730,Bakery,Product 4730,Brand C,14.59,30.88,3603,89,4.47,3.7,30,52567.77,-58692.87,212,491
P04731,Bakery,Product 4731,Brand E,22.97,4.52,4044,70,0.91,4.0,15,92890.68,74611.8,3866,4044
P04732,Bakery,Product 4732,Brand A,31.84,9.99,3733,84,1.04,3.5,39,118858.72,81566.05,3431,3733
P04733,Dairy,Product 4733,Brand E,22.63,37.82,4297,57,4.6,3.7,32,97241.11,-65271.43,3642,3847
P04734,Dairy,Product 4734,Brand A,9.49,15.99,1683,73,1.97,3.5,45,15971.67,-10939.5,1463,1683
P04735,Frozen,Product 4735,Brand B,19.23,21.05,3511,93,1.25,4.0,12,67516.53,-6390.02,3019,3511
P04736,Bakery,Product 4736,Brand D,26.86,39.5,4523,46,1.28,4.9,99,121487.78,-57170.72,4095,4523
P04737,Beverages,Product 4737,Brand C,20.53,32.77,2534,50,2.01,3.1,43,52023.02,-31016.16,2393,2534
P04738,Bakery,Product 4738,Brand C,3.22,2.91,4763,14,1.21,4.8,39,15336.86,1476.53,3475,3930
P04739,Beverages,Product 4739,Brand C,43.06,29.94,4491,86,3.02,3.5,91,193382.46,58921.92,4059,4491
P04740,Produce,Product 4740,Brand E,5.47,2.73,3677,61,4.34,4.3,90,20113.19,10074.98,3532,3677
P04741,Beverages,Product 4741,Brand D,19.37,5.79,2432,26,1.73,4.2,51,47107.84,33026.56,1449,1906
P04742,Produce,Product 4742,Brand E,47.79,16.71,4148,99,1.64,4.0,30,198232.92,128919.84,407,421
P04743,Beverages,Product 4743,Brand D,8.01,5.6,1604,71,1.28,4.0,97,12848.04,3865.64,1446,1604
P04744,Dairy,Product 4744,Brand A,25.09,17.02,1331,61,0.7,4.8,13,33394.79,10741.17,966,1071
P04745,Beverages,Product 4745,Brand D,37.97,1.54,5136,29,2.58,4.0,58,195013.92,187104.48,4906,5136
P04746,Bakery,Product 4746,Brand E,35.21,5.89,1990,25,3.85,2.9,57,70067.9,58346.8,1612,1990
P04747,Bakery,Product 4747,Brand E,23.72,20.38,4166,16,3.41,4.0,98,98817.52,13914.44,2383,2797
P04748,Produce,Product 4748,Brand A,41.5,1.95,4413,75,1.72,2.8,60,183139.5,174534.15,4124,4413
P04749,Produce,Product 4749,Brand B,14.27,19.96,3998,21,4.12,4.0,33,57051.46,-22748.62,3878,3998
P04750,Snacks,Product 4750,Brand D,32.12,28.68,1865,52,1.72,3.1,55,59903.8,6415.6,967,1149
P04751,Frozen,Product 4751,Brand D,40.91,20.71,4351,49,4.69,3.7,36,177999.41,87890.2,1482,1667
P04752,Dairy,Product 4752,Brand E,14.27,5.89,4188,10,0.54,4.1,60,59762.76,35095.44,3714,3931
P04753,Snacks,Product 4753,Brand B,29.6,11.56,2203,67,2.58,4.2,29,65208.8,39742.12,2172,2203
P04754,Bakery,Product 4754,Brand C,23.45,11.44,3241,12,3.8,4.2,89,76001.45,38924.41,2962,3241
P04755,Produce,Product 4755,Brand C,32.23,14.65,1519,17,1.73,2.9,80,48957.37,26704.02,1083,1519
P04756,Frozen,Product 4756,Brand A,47.13,20.19,2469,99,4.95,3.1,27,116363.97,66514.86,1124,1599
P04757,Bakery,Product 4757,Brand C,40.53,18.77,3353,84,2.85,2.9,17,135897.09,72961.28,2505,2730
P04758,Bakery,Product 4758,Brand C,21.22,13.22,3285,70,4.81,3.5,36,69707.7,26280.0,217,588
P04759,Dairy,Product 4759,Brand C,27.91,31.01,2936,94,3.15,4.0,23,81943.76,-9101.6,2626,2936
P04760,Produce,Product 4760,Brand B,16.65,23.8,2435,14,1.67,4.0,27,40542.75,-17410.25,2260,2435
P04761,Frozen,Product 4761,Brand E,41.27,10.08,4067,35,1.98,4.0,74,167845.09,126849.73,1318,1495
P04762,Snacks,Product 4762,Brand E,17.1,26.87,1227,94,0.51,2.7,40,20981.7,-11987.79,1143,1227
P04763,Dairy,Product 4763,Brand E,2.3,15.07,4480,82,1.67,4.0,29,10304.0,-57209.6,2605,2661
P04764,Beverages,Product 4764,Brand B,4.4,22.44,4006,26,4.69,4.3,79,17626.4,-72268.24,3914,4006
P04765,Frozen,Product 4765,Brand B,46.61,1.64,3627,75,4.37,3.5,54,169054.47,163106.19,3619,3627
P04766,Bakery,Product 4766,Brand A,5.16,5.54,2950,60,4.34,4.2,10,15222.0,-1121.0,2787,2937
P04767,Produce,Product 4767,Brand C,31.39,13.8,3318,56,0.66,4.0,28,104152.02,58363.62,3256,3318
P04768,Snacks,Product 4768,Brand A,32.52,39.87,3968,49,1.98,3.9,48,129039.36,-29164.8,675,729
P04769,Dairy,Product 4769,Brand D,44.62,18.3,3608,36,0.75,4.2,36,160988.96,94962.56,3445,3608
P04770,Bakery,Product 4770,Brand A,1.89,22.3,3066,49,4.28,2.9,65,5794.74,-62577.06,2947,3066
P04771,Frozen,Product 4771,Brand C,10.22,5.23,981,10,1.57,3.5,25,10025.82,4895.19,502,981
P04772,Produce,Product 4772,Brand C,6.05,39.99,4828,55,1.91,4.4,87,29209.4,-163862.32,352,460
P04773,Snacks,Product 4773,Brand D,22.51,14.84,2073,20,2.51,4.4,16,46663.23,15899.91,1729,2073
P04774,Beverages,Product 4774,Brand B,29.7,30.06,3497,48,2.66,3.9,29,103860.9,-1258.92,2809,3080
P04775,Bakery,Product 4775,Brand C,4.57,32.77,4978,27,4.91,3.0,40,22749.46,-140379.6,4864,4978
P04776,Beverages,Product 4776,Brand C,38.31,18.3,5160,56,2.6,4.0,95,197679.6,103251.6,4923,5160
P04777,Produce,Product 4777,Brand C,47.07,4.52,3910,83,1.84,3.1,93,184043.7,166370.5,3431,3910
P04778,Produce,Product 4778,Brand A,20.07,33.76,4404,30,0.73,3.1,88,88388.28,-60290.76,4143,4404
P04779,Frozen,Product 4779,Brand D,15.37,38.19,4411,37,0.74,4.9,34,67797.07,-100659.02,2759,3229
P04780,Snacks,Product 4780,Brand C,49.53,37.1,1095,10,2.85,3.6,10,54235.35,13610.85,1078,1095
P04781,Produce,Product 4781,Brand A,5.16,32.77,4008,23,2.29,3.5,26,20681.28,-110660.88,3916,4008
P04782,Beverages,Product 4782,Brand B,16.65,1.95,4239,29,3.15,4.6,89,70579.35,62313.3,2826,2943
P04783,Snacks,Product 4783,Brand B,37.16,5.6,4177,82,0.91,4.1,94,155217.32,131826.12,668,1055
P04784,Bakery,Product 4784,Brand B,49.31,15.13,5141,54,2.55,2.7,36,253502.71,175719.38,4738,5141
P04785,Bakery,Product 4785,Brand A,41.5,20.19,5072,70,1.54,4.1,33,210488.0,108084.32,4714,5072
P04786,Produce,Product 4786,Brand A,49.31,7.79,4424,36,4.59,4.6,71,218147.44,183684.48,4205,4424
P04787,Frozen,Product 4787,Brand A,47.07,32.64,4817,65,0.5,4.6,61,226736.19,69509.31,4352,4817
P04788,Beverages,Product 4788,Brand A,16.65,7.35,3352,61,2.14,4.9,60,55810.8,31173.6,2872,3352
P04789,Produce,Product 4789,Brand B,22.02,1.64,4757,77,1.04,4.3,75,104749.14,96947.66,4336,4757
P04790,Produce,Product 4790,Brand C,39.96,11.71,4303,46,4.44,4.9,66,171947.88,121559.75,4154,4303
P04791,Produce,Product 4791,Brand C,1.71,21.22,3546,91,2.82,2.7,64,6063.66,-69182.46,2786,3143
P04792,Snacks,Product 4792,Brand B,10.22,8.91,4149,40,1.04,3.3,62,42402.78,5435.19,4098,4149
P04793,Snacks,Product 4793,Brand E,38.31,22.66,2998,58,3.19,4.0,98,114853.38,46918.7,236,290
P04794,Snacks,Product 4794,Brand A,8.98,27.77,5025,62,4.39,4.8,28,45124.5,-94419.75,4886,5025
P04795,Snacks,Product 4795,Brand E,45.36,35.68,1972,48,0.84,4.6,22,89449.92,19088.96,1523,1972
P04796,Produce,Product 4796,Brand E,21.22,24.73,3184,19,2.32,3.7,38,67564.48,-11175.84,1565,1723
P04797,Produce,Product 4797,Brand C,6.74,26.87,3784,18,3.48,4.6,15,25504.16,-76171.92,3438,3784
P04798,Dairy,Product 4798,Brand A,19.36,5.23,5108,22,0.72,3.4,82,98890.88,72176.04,4871,5108
P04799,Frozen,Product 4799,Brand C,25.23,2.11,4312,27,0.58,4.4,10,108791.76,99693.44,3932,4045
P04800,Dairy,Product 4800,Brand A,28.36,29.17,3272,21,3.85,4.9,33,92793.92,-2650.32,1636,2063
P04801,Snacks,Product 4801,Brand C,45.23,23.97,3728,81,4.48,4.8,83,168617.44,79257.28,2424,2922
P04802,Beverages,Product 4802,Brand C,11.96,2.29,4729,96,1.54,4.6,15,56558.84,45729.43,3855,4147
P04803,Produce,Product 4803,Brand E,1.89,27.55,2598,14,3.37,4.0,57,4910.22,-66664.68,1479,1825
P04804,Dairy,Product 4804,Brand E,19.92,32.77,2993,16,3.92,2.9,29,59620.56,-38460.05,1032,1473
P04805,Snacks,Product 4805,Brand E,33.28,19.22,4179,24,0.9,3.8,85,139077.12,58756.74,3945,4179
P04806,Produce,Product 4806,Brand B,41.96,21.72,1287,76,4.96,3.8,76,54002.52,26048.88,1167,1287
P04807,Snacks,Product 4807,Brand E,1.89,29.17,3393,27,4.18,4.0,64,6412.77,-92561.04,3038,3129
P04808,Dairy,Product 4808,Brand A,16.63,2.29,3551,47,1.33,4.5,27,59053.13,50921.34,310,720
P04809,Produce,Product 4809,Brand A,32.12,3.5,4064,35,0.88,4.0,30,130535.68,116311.68,2490,2981
P04810,Snacks,Product 4810,Brand C,4.46,25.0,3728,47,4.34,4.6,73,16626.88,-76573.12,2906,3116
P04811,Dairy,Product 4811,Brand A,4.84,18.64,5184,68,1.73,4.0,46,25090.56,-71539.2,4703,5184
P04812,Frozen,Product 4812,Brand E,18.31,6.31,4705,61,2.42,2.5,28,86148.55,56460.0,331,559
P04813,Dairy,Product 4813,Brand B,39.79,19.01,1388,42,4.69,3.6,98,55228.52,28842.64,903,1388
P04814,Dairy,Product 4814,Brand A,2.24,39.87,1391,30,1.08,4.0,65,3115.84,-52343.33,1293,1391
P04815,Dairy,Product 4815,Brand D,19.36,3.73,3891,26,3.8,4.5,71,75329.76,60816.33,3575,3891
P04816,Dairy,Product 4816,Brand A,44.88,28.31,3670,71,2.51,4.8,27,164709.6,60811.9,333,423
P04817,Dairy,Product 4817,Brand B,47.57,7.31,2945,68,4.34,4.0,39,140093.65,118565.7,2667,2945
P04818,Bakery,Product 4818,Brand E,5.79,35.13,4848,11,2.38,4.0,65,28069.92,-142240.32,2247,2271
P04819,Frozen,Product 4819,Brand A,4.46,30.33,2851,73,0.84,3.3,51,12715.46,-73755.37,2455,2851
P04820,Frozen,Product 4820,Brand C,45.23,37.34,3025,34,4.24,2.7,62,136820.75,23867.25,2950,3025
P04821,Frozen,Product 4821,Brand C,44.0,20.19,2835,50,2.45,2.6,83,124740.0,67501.35,1823,2139
P04822,Produce,Product 4822,Brand A,35.1,20.19,4731,28,2.56,3.5,95,166058.1,70539.21,4582,4731
P04823,Produce,Product 4823,Brand C,4.57,2.05,3207,47,3.4,3.7,59,14655.99,8081.64,1246,1582
P04824,Frozen,Product 4824,Brand A,47.57,6.5,4767,34,2.83,4.9,13,226766.19,195780.69,231,395
P04825,Produce,Product 4825,Brand A,41.5,7.89,2293,48,2.85,3.9,72,95159.5,77067.73,2209,2216
P04826,Snacks,Product 4826,Brand A,8.01,16.71,3092,13,0.52,3.5,76,24766.92,-26900.4,931,1376
P04827,Produce,Product 4827,Brand C,25.65,7.89,3914,12,0.66,2.7,65,100394.1,69512.64,3861,3914
P04828,Bakery,Product 4828,Brand A,37.56,3.5,3043,43,3.8,4.0,58,114295.08,103644.58,831,987
P04829,Bakery,Product 4829,Brand A,48.17,36.48,2141,19,4.57,2.9,31,103131.97,25028.29,502,782
P04830,Produce,Product 4830,Brand B,44.0,2.11,4108,36,2.85,3.3,21,180752.0,172084.12,1717,2026
P04831,Produce,Product 4831,Brand E,16.82,35.01,4478,99,1.28,3.7,58,75319.96,-81454.82,4209,4478
P04832,Bakery,Product 4832,Brand B,39.96,24.62,4204,10,1.02,5.0,22,167991.84,64489.36,369,703
P04833,Bakery,Product 4833,Brand B,37.87,13.44,1745,53,2.63,4.6,42,66083.15,42630.35,1254,1745
P04834,Beverages,Product 4834,Brand D,28.36,14.26,2715,93,3.07,3.1,56,76997.4,38281.5,2448,2543
P04835,Bakery,Product 4835,Brand B,20.53,8.85,3179,61,2.58,3.5,73,65264.87,37130.72,2851,3179
P04836,Beverages,Product 4836,Brand A,44.0,19.22,2084,34,3.11,3.7,92,91696.0,51641.52,2083,2084
P04837,Produce,Product 4837,Brand B,23.96,22.49,4982,83,3.37,3.6,26,119368.72,7323.54,4622,4982
P04838,Frozen,Product 4838,Brand B,48.82,17.3,3170,74,1.47,3.4,43,154759.4,99918.4,2263,2378
P04839,Dairy,Product 4839,Brand A,23.45,7.31,3037,89,3.33,3.6,77,71217.65,49017.18,2383,2720
P04840,Bakery,Product 4840,Brand D,29.6,27.03,4304,20,0.71,4.6,48,127398.4,11061.28,4263,4304
P04841,Snacks,Product 4841,Brand D,46.61,10.22,3077,77,0.91,3.6,81,143418.97,111972.03,2890,3077
P04842,Frozen,Product 4842,Brand C,42.97,27.55,4523,86,2.26,4.9,10,194353.31,69744.66,4162,4431
P04843,Bakery,Product 4843,Brand D,42.92,33.61,5024,94,3.8,3.1,14,215630.08,46773.44,4586,5024
P04844,Produce,Product 4844,Brand C,5.79,23.68,2682,24,4.19,2.5,49,15528.78,-47980.98,2251,2682
P04845,Bakery,Product 4845,Brand A,20.53,27.03,3363,66,0.9,3.8,72,69042.39,-21859.5,2761,2788
P04846,Beverages,Product 4846,Brand D,18.31,7.31,1614,83,1.31,3.6,10,29552.34,17754.0,872,1333
P04847,Dairy,Product 4847,Brand D,23.33,32.34,2189,73,4.44,3.7,44,51069.37,-19722.89,2066,2189
P04848,Bakery,Product 4848,Brand D,32.23,15.13,4502,20,4.83,3.1,95,145099.46,76984.2,2451,2491
P04849,Frozen,Product 4849,Brand E,44.62,15.37,2745,29,3.69,2.7,26,122481.9,80291.25,2526,2745
P04850,Beverages,Product 4850,Brand A,5.12,19.22,3762,39,1.75,2.5,69,19261.44,-53044.2,3346,3762
P04851,Snacks,Product 4851,Brand D,44.88,10.27,3830,19,0.66,3.6,10,171890.4,132556.3,3576,3830
P04852,Snacks,Product 4852,Brand D,40.83,32.77,4469,63,2.23,3.4,13,182469.27,36020.14,4283,4469
P04853,Dairy,Product 4853,Brand B,47.58,17.02,2853,67,3.37,4.4,18,135745.74,87187.68,2777,2853
P04854,Produce,Product 4854,Brand C,19.44,7.79,5247,88,2.42,3.5,54,102001.68,61127.55,4820,5247
P04855,Bakery,Product 4855,Brand C,42.92,8.1,3076,38,0.52,4.4,41,132021.92,107106.32,3024,3076
P04856,Beverages,Product 4856,Brand C,32.23,8.91,4657,10,3.92,4.0,78,150095.11,108601.24,3992,4197
P04857,Snacks,Product 4857,Brand A,32.48,30.33,3215,67,3.54,4.0,23,104423.2,6912.25,2879,3215
P04858,Beverages,Product 4858,Brand C,47.79,37.34,2852,30,1.73,4.1,60,136297.08,29803.4,2562,2852
P04859,Frozen,Product 4859,Brand C,31.39,11.3,2624,24,4.6,3.5,99,82367.36,52716.16,554,944
P04860,Snacks,Product 4860,Brand B,21.79,39.3,4038,76,3.63,2.7,32,87988.02,-70705.38,3734,4038
P04861,Snacks,Product 4861,Brand B,31.84,34.71,3748,42,0.82,4.4,55,119336.32,-10756.76,3346,3748
P04862,Bakery,Product 4862,Brand D,8.67,4.0,4741,47,4.48,2.9,95,41104.47,22140.47,4404,4741
P04863,Snacks,Product 4863,Brand A,3.76,17.02,4318,28,3.33,4.0,36,16235.68,-57256.68,3484,3979
P04864,Beverages,Product 4864,Brand C,39.69,10.08,3799,13,0.91,3.5,98,150782.31,112488.39,2518,2685
P04865,Frozen,Product 4865,Brand A,37.78,25.07,4592,85,1.06,3.0,45,173485.76,58364.32,2950,3412
P04866,Snacks,Product 4866,Brand A,35.21,4.52,2496,98,0.52,4.1,77,87884.16,76602.24,2233,2496
P04867,Frozen,Product 4867,Brand C,20.53,9.99,5104,90,2.85,3.8,41,104785.12,53796.16,4842,5104
P04868,Produce,Product 4868,Brand C,29.6,38.81,3428,67,3.48,4.0,82,101468.8,-31571.88,2968,3428
P04869,Frozen,Product 4869,Brand C,34.47,2.91,3663,79,1.67,4.5,75,126263.61,115604.28,3437,3663
P04870,Frozen,Product 4870,Brand A,37.87,25.81,2420,21,1.64,4.5,51,91645.4,29185.2,1821,2130
P04871,Beverages,Product 4871,Brand D,19.37,32.99,3658,88,4.83,2.9,59,70855.46,-49821.96,2126,2127
P04872,Produce,Product 4872,Brand C,33.35,35.01,1784,26,2.83,3.4,66,59496.4,-2961.44,1286,1784
P04873,Beverages,Product 4873,Brand D,16.65,1.64,2542,10,2.63,3.5,73,42324.3,38155.42,1250,1279
P04874,Bakery,Product 4874,Brand B,31.29,25.81,3066,23,4.69,3.6,55,95935.14,16801.68,2974,3066
P04875,Dairy,Product 4875,Brand C,14.27,32.52,4765,11,3.97,2.9,98,67996.55,-86961.25,4312,4765
P04876,Frozen,Product 4876,Brand D,26.63,38.79,3723,13,3.48,2.9,83,99143.49,-45271.68,1529,1998
P04877,Snacks,Product 4877,Brand B,4.84,36.48,2602,75,3.92,4.7,98,12593.68,-82327.28,748,851
P04878,Snacks,Product 4878,Brand E,13.14,18.64,4185,99,3.85,4.6,63,54990.9,-23017.5,455,950
P04879,Bakery,Product 4879,Brand A,31.29,15.13,3046,55,0.78,3.9,62,95309.34,49223.36,2923,3046
P04880,Dairy,Product 4880,Brand D,9.69,36.87,3587,59,2.58,4.4,38,34758.03,-97494.66,3485,3587
P04881,Frozen,Product 4881,Brand A,48.75,33.76,4420,69,3.54,4.1,46,215475.0,66255.8,4066,4420
P04882,Beverages,Product 4882,Brand B,23.45,15.4,4247,61,1.72,4.6,78,99592.15,34188.35,4034,4247
P04883,Frozen,Product 4883,Brand B,31.96,36.21,4506,57,2.71,3.7,23,144011.76,-19150.5,4034,4506
P04884,Bakery,Product 4884,Brand E,37.78,27.77,1468,48,4.96,3.7,36,55461.04,14694.68,1291,1468
P04885,Frozen,Product 4885,Brand B,26.63,6.54,3898,79,2.01,4.4,14,103803.74,78310.82,3583,3898
P04886,Dairy,Product 4886,Brand A,31.29,35.01,4661,69,4.34,2.6,53,145842.69,-17338.92,4264,4661
P04887,Bakery,Product 4887,Brand E,37.92,30.06,4362,39,1.33,3.3,24,165407.04,34285.32,366,411
P04888,Produce,Product 4888,Brand D,40.37,10.69,2410,95,1.73,4.6,76,97291.7,71528.8,1980,2410
P04889,Beverages,Product 4889,Brand C,20.07,28.68,2174,36,3.4,4.9,10,43632.18,-18718.14,1648,2026
P04890,Beverages,Product 4890,Brand D,49.53,5.27,1494,92,3.07,4.0,33,73997.82,66124.44,481,760
P04891,Beverages,Product 4891,Brand B,33.35,18.64,3147,83,0.54,2.8,85,104952.45,46292.37,1735,2023
P04892,Produce,Product 4892,Brand A,18.19,5.6,4897,64,4.81,4.8,71,89076.43,61653.23,4569,4897
P04893,Beverages,Product 4893,Brand D,6.05,38.02,1151,79,0.66,4.6,87,6963.55,-36797.47,784,1151
P04894,Produce,Product 4894,Brand A,37.56,25.52,5032,35,4.58,2.7,66,189001.92,60585.28,4701,5032
P04895,Produce,Product 4895,Brand C,8.98,5.56,2781,51,4.57,2.9,29,24973.38,9511.02,2384,2781
P04896,Bakery,Product 4896,Brand C,49.53,25.52,4067,76,3.82,2.8,67,201438.51,97648.67,3758,4067
P04897,Dairy,Product 4897,Brand A,3.11,22.66,4976,76,3.15,3.3,23,15475.36,-97280.8,2472,2748
P04898,Dairy,Product 4898,Brand E,19.92,36.21,3122,61,2.84,4.3,87,62190.24,-50857.38,2737,3122
P04899,Frozen,Product 4899,Brand B,21.22,8.1,5262,15,4.12,2.6,62,111659.64,69037.44,4949,5262
P04900,Produce,Product 4900,Brand D,31.39,27.32,2726,19,4.69,3.1,44,85569.14,11094.82,2051,2117
P04901,Bakery,Product 4901,Brand C,14.59,17.78,1940,47,3.33,4.4,71,28304.6,-6188.6,1545,1940
P04902,Bakery,Product 4902,Brand B,5.96,17.02,4973,86,3.4,4.1,70,29639.08,-55001.38,4927,4973
P04903,Beverages,Product 4903,Brand E,21.22,13.44,4304,21,2.71,3.5,28,91330.88,33485.12,120,150
P04904,Snacks,Product 4904,Brand C,17.7,4.0,4697,55,2.82,3.1,93,83136.9,64348.9,4500,4697
P04905,Bakery,Product 4905,Brand D,40.91,30.89,3787,58,4.8,3.4,51,154926.17,37945.74,3524,3787
P04906,Produce,Product 4906,Brand E,21.56,14.57,5207,81,0.79,2.7,53,112262.92,36396.93,4799,5207
P04907,Snacks,Product 4907,Brand B,48.5,22.44,1204,72,2.56,4.7,96,58394.0,31376.24,1109,1204
P04908,Bakery,Product 4908,Brand C,16.65,29.94,5072,78,3.11,3.6,10,84448.8,-67406.88,4640,5072
P04909,Produce,Product 4909,Brand C,22.51,23.8,1946,52,1.72,3.3,77,43804.46,-2510.34,1181,1659
P04910,Frozen,Product 4910,Brand A,35.35,26.01,4736,69,3.69,4.8,90,167417.6,44234.24,2748,2791
P04911,Frozen,Product 4911,Brand E,49.35,8.91,5202,38,2.9,2.6,99,256718.7,210368.88,4952,5202
P04912,Frozen,Product 4912,Brand A,20.53,37.34,4854,95,2.86,2.5,87,99652.62,-81595.74,4519,4854
P04913,Beverages,Product 4913,Brand C,39.69,25.81,2599,87,2.82,2.7,55,103154.31,36074.12,2563,2599
P04914,Beverages,Product 4914,Brand C,48.52,18.77,4314,83,2.2,4.1,60,209315.28,128341.5,3856,4314
P04915,Bakery,Product 4915,Brand C,16.65,7.49,2681,20,3.8,4.1,41,44638.65,24557.96,2552,2681
P04916,Beverages,Product 4916,Brand A,5.09,7.68,4101,44,3.85,3.7,93,20874.09,-10621.59,4094,4101
P04917,Bakery,Product 4917,Brand D,48.5,2.73,4926,32,3.0,3.6,89,238911.0,225463.02,4067,4111
P04918,Frozen,Product 4918,Brand D,31.75,10.7,3902,81,3.19,3.5,28,123888.5,82137.1,3841,3902
P04919,Produce,Product 4919,Brand B,45.16,6.44,4039,30,4.05,3.4,48,182401.24,156390.08,4013,4039
P04920,Beverages,Product 4920,Brand D,5.47,7.35,4433,46,0.5,3.1,97,24248.51,-8334.04,3896,4259
P04921,Bakery,Product 4921,Brand C,31.39,20.8,3005,37,1.25,2.8,23,94326.95,31822.95,484,847
P04922,Dairy,Product 4922,Brand C,37.56,19.01,4325,67,2.85,4.1,38,162447.0,80228.75,4204,4325
P04923,Frozen,Product 4923,Brand D,19.36,6.54,4588,62,3.11,4.0,51,88823.68,58818.16,2662,3159
P04924,Produce,Product 4924,Brand A,17.7,17.02,4446,37,3.02,3.8,23,78694.2,3023.28,2317,2475
P04925,Produce,Product 4925,Brand B,15.0,27.03,4395,51,4.53,4.8,20,65925.0,-52871.85,246,503
P04926,Frozen,Product 4926,Brand D,19.44,6.85,3752,94,2.23,2.7,84,72938.88,47237.68,3689,3752
P04927,Frozen,Product 4927,Brand A,42.4,19.51,4831,82,2.85,4.6,56,204834.4,110581.59,2026,2297
P04928,Dairy,Product 4928,Brand B,37.79,20.19,4301,70,3.17,3.5,33,162534.79,75697.6,3854,4301
P04929,Produce,Product 4929,Brand C,27.91,37.1,1047,88,1.67,3.3,31,29221.77,-9621.93,179,490
P04930,Beverages,Product 4930,Brand C,19.34,34.66,5312,42,0.7,3.3,58,102734.08,-81379.84,4999,5312
P04931,Beverages,Product 4931,Brand C,17.1,13.44,3754,64,3.0,4.8,64,64193.4,13739.64,3637,3754
P04932,Produce,Product 4932,Brand C,4.49,11.56,2135,46,1.21,2.9,64,9586.15,-15094.45,1859,2135
P04933,Dairy,Product 4933,Brand B,19.36,13.29,2464,56,0.52,4.6,94,47703.04,14956.48,1077,1483
P04934,Frozen,Product 4934,Brand E,45.16,8.85,3906,45,3.2,2.7,79,176394.96,141826.86,2904,3249
P04935,Dairy,Product 4935,Brand A,25.09,17.02,1863,37,3.19,4.6,87,46742.67,15034.41,1685,1863
P04936,Dairy,Product 4936,Brand A,31.29,35.92,4607,19,4.95,2.8,82,144153.03,-21330.41,4490,4607
P04937,Frozen,Product 4937,Brand D,4.84,10.7,4328,32,2.65,3.3,44,20947.52,-25362.08,1253,1417
P04938,Produce,Product 4938,Brand C,16.65,3.5,2856,14,0.52,4.5,53,47552.4,37556.4,712,955
P04939,Bakery,Product 4939,Brand B,35.35,10.7,3195,91,3.76,3.8,45,112943.25,78756.75,3030,3195
P04940,Beverages,Product 4940,Brand A,6.05,14.84,4176,15,3.8,2.7,98,25264.8,-36707.04,1910,2084
P04941,Dairy,Product 4941,Brand B,36.02,10.08,3797,51,2.4,4.5,24,136767.94,98494.18,3678,3797
P04942,Snacks,Product 4942,Brand D,34.47,39.99,4501,56,4.76,3.6,54,155149.47,-24845.52,4264,4501
P04943,Bakery,Product 4943,Brand C,24.2,23.68,4906,96,1.04,4.9,71,118725.2,2551.12,4751,4906
P04944,Bakery,Product 4944,Brand A,20.53,38.01,4247,37,3.89,3.3,59,87190.91,-74237.56,3056,3203
P04945,Dairy,Product 4945,Brand E,37.92,5.98,4778,22,4.47,4.2,87,181181.76,152609.32,4695,4778
P04946,Frozen,Product 4946,Brand B,10.22,20.38,3955,34,3.8,4.9,22,40420.1,-40182.8,3306,3578
P04947,Dairy,Product 4947,Brand A,19.23,20.19,2902,16,3.79,2.7,40,55805.46,-2785.92,929,1239
P04948,Beverages,Product 4948,Brand D,4.62,38.19,4910,75,3.82,4.2,14,22684.2,-164828.7,4697,4910
P04949,Snacks,Product 4949,Brand E,5.47,7.31,3973,89,0.7,3.4,92,21732.31,-7310.32,1073,1572
P04950,Dairy,Product 4950,Brand C,39.08,24.44,3741,67,3.69,3.4,17,146198.28,54768.24,3516,3741
P04951,Beverages,Product 4951,Brand A,35.21,35.68,4975,75,4.47,4.9,22,175169.75,-2338.25,829,1063
P04952,Dairy,Product 4952,Brand D,35.61,5.79,2886,45,0.66,3.9,50,102770.46,86060.52,1000,1351
P04953,Snacks,Product 4953,Brand B,37.79,24.43,921,11,2.14,3.4,26,34804.59,12304.56,759,921
P04954,Beverages,Product 4954,Brand A,5.09,25.3,2646,47,2.85,4.9,41,13468.14,-53475.66,860,939
P04955,Produce,Product 4955,Brand B,3.25,35.01,4436,83,2.29,2.9,14,14417.0,-140887.36,431,610
P04956,Bakery,Product 4956,Brand C,18.19,4.93,2519,23,2.58,4.0,18,45820.61,33401.94,1058,1350
P04957,Dairy,Product 4957,Brand A,5.09,17.3,4326,36,4.95,2.5,43,22019.34,-52820.46,3591,3718
P04958,Beverages,Product 4958,Brand D,28.16,35.13,2752,24,3.65,4.0,10,77496.32,-19181.44,1858,2039
P04959,Snacks,Product 4959,Brand A,28.16,4.52,4598,94,0.52,4.6,49,129479.68,108696.72,4508,4598
P04960,Beverages,Product 4960,Brand A,3.23,10.27,2049,21,1.21,4.2,88,6618.27,-14424.96,1955,2049
P04961,Frozen,Product 4961,Brand A,5.47,21.54,3755,52,4.92,4.2,63,20539.85,-60342.85,3309,3755
P04962,Dairy,Product 4962,Brand D,27.91,5.6,2341,66,0.79,2.9,41,65337.31,52227.71,454,869
P04963,Bakery,Product 4963,Brand D,19.34,18.64,4480,95,3.48,3.9,59,86643.2,3136.0,2372,2461
P04964,Produce,Product 4964,Brand C,22.26,1.07,5197,57,2.66,3.6,68,115685.22,110124.43,4809,5197
P04965,Dairy,Product 4965,Brand C,40.53,3.73,4562,70,2.0,3.4,90,184897.86,167881.6,4294,4562
P04966,Frozen,Product 4966,Brand C,48.5,2.91,5239,91,2.89,3.1,71,254091.5,238846.01,4990,5239
P04967,Beverages,Product 4967,Brand D,37.02,34.69,3261,53,2.4,3.1,20,120722.22,7598.13,2538,2719
P04968,Produce,Product 4968,Brand E,23.72,17.02,3323,61,1.67,4.0,32,78821.56,22264.1,3262,3323
P04969,Dairy,Product 4969,Brand A,49.31,15.55,4127,71,2.6,2.5,35,203502.37,139327.52,3980,4127
P04970,Dairy,Product 4970,Brand C,45.41,19.64,1059,11,4.12,3.5,72,48089.19,27290.43,303,422
P04971,Bakery,Product 4971,Brand E,48.2,14.89,4249,80,3.54,4.3,55,204801.8,141534.19,4065,4249
P04972,Beverages,Product 4972,Brand D,3.0,26.01,3652,40,0.54,2.7,78,10956.0,-84032.52,1873,2138
P04973,Beverages,Product 4973,Brand E,28.16,19.96,4277,91,3.4,4.5,99,120440.32,35071.4,708,989
P04974,Frozen,Product 4974,Brand D,27.74,2.73,2865,82,3.62,3.1,15,79475.1,71653.65,2780,2834
P04975,Beverages,Product 4975,Brand D,29.7,7.87,1794,81,2.32,4.4,60,53281.8,39163.02,1240,1352
P04976,Frozen,Product 4976,Brand D,31.39,9.53,4436,42,1.66,4.0,52,139246.04,96970.96,4261,4436
P04977,Dairy,Product 4977,Brand D,14.82,11.3,2575,14,4.47,3.2,51,38161.5,9064.0,2278,2575
P04978,Dairy,Product 4978,Brand A,1.6,11.5,5153,87,1.37,4.6,22,8244.8,-51014.7,4974,5153
P04979,Produce,Product 4979,Brand B,47.57,7.79,4912,67,3.8,4.1,34,233663.84,195399.36,838,888
P04980,Frozen,Product 4980,Brand E,39.69,31.45,2917,86,2.31,3.7,11,115775.73,24036.08,2800,2917
P04981,Beverages,Product 4981,Brand C,4.49,25.07,4214,20,2.26,4.0,23,18920.86,-86724.12,3823,4214
P04982,Frozen,Product 4982,Brand B,42.4,29.94,4915,93,2.9,2.8,26,208396.0,61240.9,757,784
P04983,Frozen,Product 4983,Brand C,38.31,25.81,3258,32,2.01,4.1,49,124813.98,40725.0,2826,3258
P04984,Beverages,Product 4984,Brand D,9.69,17.78,1576,54,2.6,2.7,48,15271.44,-12749.84,1209,1576
P04985,Produce,Product 4985,Brand D,25.14,23.68,3623,36,2.26,4.0,34,91082.22,5289.58,3312,3623
P04986,Frozen,Product 4986,Brand D,37.79,15.99,2455,88,0.74,3.9,57,92774.45,53519.0,2264,2455
P04987,Beverages,Product 4987,Brand E,32.48,6.6,4470,65,1.21,3.7,97,145185.6,115683.6,246,609
P04988,Frozen,Product 4988,Brand B,31.39,28.31,4545,68,2.01,3.8,58,142667.55,13998.6,4155,4545
P04989,Frozen,Product 4989,Brand D,4.62,26.01,4894,89,1.67,3.9,42,22610.28,-104682.66,4731,4894
P04990,Beverages,Product 4990,Brand A,47.58,35.01,3745,49,0.66,3.4,36,178187.1,47074.65,3329,3745
P04991,Dairy,Product 4991,Brand A,23.45,15.07,5076,27,1.28,4.1,54,119032.2,42536.88,4614,5076
P04992,Beverages,Product 4992,Brand D,8.98,2.11,3201,60,3.48,4.0,40,28744.98,21990.87,2718,2724
P04993,Frozen,Product 4993,Brand B,25.23,6.6,3891,70,0.52,3.3,72,98169.93,72489.33,3700,3891
P04994,Dairy,Product 4994,Brand D,16.63,20.38,3972,32,4.47,3.0,47,66054.36,-14895.0,3475,3972
P04995,Frozen,Product 4995,Brand C,48.5,36.48,4237,45,1.37,4.0,88,205494.5,50928.74,3738,4237
P04996,Dairy,Product 4996,Brand A,1.6,35.86,4022,47,2.6,2.7,49,6435.2,-137793.72,2417,2435
P04997,Bakery,Product 4997,Brand A,14.27,2.73,3282,81,4.92,4.0,67,46834.14,37874.28,1021,1180
P04998,Frozen,Product 4998,Brand D,2.14,37.82,5195,65,0.91,4.0,74,11117.3,-185357.6,4887,5195
P04999,Snacks,Product 4999,Brand C,36.02,34.66,3783,48,2.59,4.4,20,136263.66,5144.88,3639,3783
P05000,Produce,Product 5000,Brand C,47.42,24.92,4530,85,2.29,3.8,24,214812.6,101925.0,3990,4430
